0	0
0.01	1.0610069328295424e-6
0.02	4.2437155554619865e-6
0.03	9.547189766122213e-6
0.04	0.00001696987081270595
0.05	0.00002650957941348615
0.060000000000000005	0.0000381635187149289
0.06999999999999999	0.000051928278075592895
0.08	0.00006779983766194546
0.09	0.00008577357383929282
0.09999999999999999	0.00010584426533797948
0.11	0.0001280061001726046
0.12	0.00015225268328941362
0.13	0.00017857704491488404
0.14	0.00020697164957643628
0.15000000000000002	0.00023742840576436075
0.16	0.0002699386754573778
0.17	0.00030449328785237304
0.18000000000000002	0.0003410825465591051
0.19	0.00037969624419375924
0.2	0.00042032367407791036
0.21000000000000002	0.00046295364302186443
0.22	0.000507574484499372
0.23	0.000554174070731675
0.24000000000000002	0.0006027398320557894
0.25	0.0006532587642014023
0.26	0.0007057174436019417
0.27	0.0007601020474808291
0.28	0.0008163983612641364
0.29000000000000004	0.0008745918000419284
0.3	0.00093466741934115
0.31	0.0009966099314784012
0.32	0.0010604037205645116
0.33	0.0011260328573100631
0.34	0.0011934811153177399
0.35000000000000003	0.0012627319838755297
0.36000000000000004	0.0013337686845876513
0.37	0.0014065741853507602
0.38	0.0014811312160042654
0.39	0.001557422283249099
0.4	0.0016354296889616261
0.41000000000000003	0.001715135517312236
0.42000000000000004	0.001796521695471049
0.43	0.0018795699742286105
0.44	0.0019642619498282258
0.45	0.0020505790763747575
0.46	0.00213850268245957
0.47000000000000003	0.002228013980511537
0.48000000000000004	0.0023190940792572868
0.49	0.002411723997607666
0.5	0.0025058846753317774
0.51	0.0026015569848545036
0.52	0.0026987217434447383
0.53	0.00279735972202218
0.54	0.0028974516585032104
0.55	0.0029989782657567606
0.56	0.003101920194225122
0.5700000000000001	0.0032062582367834128
0.5800000000000001	0.0033119730426117884
0.59	0.003419045370032221
0.6	0.0035274558707136406
0.61	0.0036371853464134247
0.62	0.003748214608605525
0.63	0.003860524510406873
0.64	0.003974095959298539
0.65	0.0040889099233341695
0.66	0.004204947430396449
0.67	0.004322189610583602
0.68	0.004440617653273282
0.6900000000000001	0.004560212841976021
0.7000000000000001	0.004680956540129758
0.7100000000000001	0.004802830225493775
0.72	0.004925815472630892
0.73	0.005049893959180429
0.74	0.0051750475056432
0.75	0.005301258003470364
0.76	0.005428507497885712
0.77	0.005556778152061951
0.78	0.0056860522756042135
0.79	0.005816312246069062
0.8	0.005947540677024879
0.81	0.006079720216356122
0.8200000000000001	0.006212833757446903
0.8300000000000001	0.006346864273955847
0.8400000000000001	0.006481794894427299
0.85	0.006617608902043498
0.86	0.006754289729647361
0.87	0.006891820971211477
0.88	0.007030186371684824
0.89	0.007169369839602506
0.9	0.007309355424055529
0.91	0.007450127350728441
0.92	0.007591670000765755
0.93	0.007733967914740475
0.9400000000000001	0.007877005803380747
0.9500000000000001	0.008020768534076902
0.9600000000000001	0.008165241139641281
0.97	0.008310408819175726
0.98	0.008456256935320185
0.99	0.008602771008374631
1.	0.008749936757169034
1.01	0.00889774001979729
1.02	0.009046166832183974
1.03	0.009195203379882187
1.04	0.009344836031787478
1.05	0.009495051291681201
1.06	0.009645835853947037
1.07	0.009797176572807341
1.08	0.009949060148445736
1.09	0.010101474398803288
1.1	0.010254406338615553
1.11	0.0104078434642897
1.12	0.010561773458285215
1.1300000000000001	0.010716184137125674
1.1400000000000001	0.010871063486826468
1.1500000000000001	0.01102639965338282
1.1600000000000001	0.011182181120543162
1.17	0.01133839598661416
1.18	0.011495032849187974
1.19	0.011652080857674534
1.2	0.011809522251175653
1.21	0.011967359170188346
1.22	0.012125574299575274
1.23	0.012284163284543828
1.24	0.012443102998753305
1.25	0.012602389485606158
1.26	0.012762012569928803
1.27	0.01292196220826349
1.28	0.0130822285280271
1.29	0.013242801777507775
1.3	0.013403672352733743
1.31	0.013564830793109196
1.32	0.013726267773487831
1.33	0.013887974105300181
1.34	0.014049940737219149
1.35	0.014212158759028242
1.36	0.0143746193759633
1.37	0.014537312560688851
1.3800000000000001	0.014700232590385802
1.3900000000000001	0.01486336965870123
1.4000000000000001	0.015026715093724483
1.4100000000000001	0.0151902615755919
1.42	0.015354001094454084
1.43	0.015517924943623414
1.44	0.0156820257513429
1.45	0.01584629588327728
1.46	0.016010726185180645
1.47	0.016175314117780767
1.48	0.016340047522521932
1.49	0.01650492084202125
1.5	0.016669927011589473
1.51	0.016835059080331404
1.52	0.01700031020689248
1.53	0.0171656736603101
1.54	0.017331142669490172
1.55	0.017496711006624713
1.56	0.017662372122349036
1.57	0.01782811986419941
1.58	0.017993947712713267
1.59	0.018159849711576696
1.6	0.018325819877572636
1.61	0.018491852297266798
1.62	0.01865794117457113
1.6300000000000001	0.018824080777722418
1.6400000000000001	0.018990265502127585
1.6500000000000001	0.019156489825965545
1.6600000000000001	0.019322748320229885
1.6700000000000002	0.019489035645759396
1.68	0.01965534655456899
1.69	0.019821528828671234
1.7	0.019988018570059145
1.71	0.020154369618402022
1.72	0.020320724131447004
1.73	0.020487077289086015
1.74	0.020653424360779597
1.75	0.020819761167304787
1.76	0.020986081746699574
1.77	0.02115238300383919
1.78	0.02131866000107203
1.79	0.02148490844071617
1.8	0.021651124059518183
1.81	0.02181730267029703
1.82	0.02198344015965823
1.83	0.022149532478663567
1.84	0.02231557566643783
1.85	0.02248156583380923
1.86	0.022647499142474548
1.87	0.022813371833210555
1.8800000000000001	0.022979180212774144
1.8900000000000001	0.02314492065536051
1.9000000000000001	0.023310589601288918
1.9100000000000001	0.02347618355485537
1.9200000000000002	0.02364169908336283
1.93	0.023807132825834833
1.94	0.023972481459829238
1.95	0.02413774174624245
1.96	0.024302910506000377
1.97	0.024467984598483587
1.98	0.024632960960898
1.99	0.02479783661448623
2.	0.02496260715370965
2.1	0.026604012258937566
2.2	0.028232184826967405
2.3000000000000003	0.02984498077973437
2.4000000000000004	0.031440657898093465
2.5	0.033017817337503884
2.6	0.03457535804579094
2.7	0.03611242936162319
2.8000000000000003	0.037628388916533424
2.9000000000000004	0.03912277763759211
3.	0.040595286032940534
3.1	0.04204573490829254
3.2	0.04347405370095204
3.3000000000000003	0.04488025620356883
3.4000000000000004	0.04626444142166444
3.5	0.047626762696075416
3.6	0.04896743120180347
3.7	0.05028669611359025
3.8000000000000003	0.051584841794928116
3.9000000000000004	0.052862185018945206
4.	0.05411905895114334
4.1	0.055355815938385025
4.2	0.05657282122009544
4.300000000000001	0.05777044984339639
4.4	0.05894908139618553
4.5	0.06010910158038711
4.6	0.06125089628451882
4.7	0.062374851934821264
4.800000000000001	0.06348135209093951
4.9	0.06457077856782245
5.	0.06564350872271675
5.1	0.0666999094189915
5.2	0.06774036058630906
5.300000000000001	0.06876521468164079
5.4	0.06977482720622473
5.5	0.07076954506149045
5.6	0.07174970940213596
5.7	0.07271565012851214
5.800000000000001	0.07366769560972762
5.9	0.0746061627865657
6.	0.07553136140930784
6.1	0.07644359430689904
6.200000000000001	0.07734315636524315
6.300000000000001	0.07823033531070733
6.4	0.07910541148431886
6.5	0.07996865700679745
6.6	0.08082033791479587
6.700000000000001	0.08166071265657728
6.800000000000001	0.0824900333265009
6.9	0.08330854443992464
7.	0.08411648431669601
7.1	0.08491408487558588
7.200000000000001	0.08570156961975328
7.300000000000001	0.08647916267396133
7.4	0.08724707455477039
7.5	0.08800551298238557
7.6	0.08875468091173942
7.700000000000001	0.08949477301972467
7.800000000000001	0.09022597977728657
7.9	0.09094848954565016
8.	0.0916624521871445
8.1	0.09236810792093093
8.200000000000001	0.09306559299857056
8.3	0.0937550740029995
8.4	0.09443671324587453
8.5	0.09511066846754236
8.6	0.09577709327489332
8.700000000000001	0.09643613727924845
8.8	0.09708794586971267
8.9	0.09773266083548832
9.	0.0983704201994539
9.1	0.09900135840193847
9.200000000000001	0.099625606227988
9.3	0.10024329124848971
9.4	0.10085453827983744
9.5	0.10145946740964959
9.6	0.10205819563114218
9.700000000000001	0.10265084071359504
9.8	0.10323751186624795
9.9	0.1038183201582508
10.	0.10439337144168075
10.1	0.10496276968880099
10.2	0.10552661555911674
10.3	0.10608497123148006
10.4	0.10663801203102256
10.5	0.10718578927006907
10.6	0.10772839506644949
10.7	0.10826591894500916
10.8	0.1087984484470724
10.9	0.10932606841940988
11.	0.10984886250825944
11.1	0.11036691191103813
11.2	0.11088029599834906
11.3	0.11138909363456592
11.4	0.11189337720465858
11.5	0.1123932235406388
11.6	0.11288870481206467
11.700000000000001	0.1133798912456621
11.8	0.11386685206178039
11.9	0.11434965454799181
12.	0.11482836478024504
12.1	0.11530305011464027
12.200000000000001	0.11577376634246371
12.3	0.11624058234489784
12.4	0.11670355462569283
12.5	0.11716274213433428
12.6	0.11761820622688657
12.700000000000001	0.11807000446737541
12.8	0.11851818505172979
12.9	0.11896280181888529
13.	0.119403915979665
13.1	0.11984157569595077
13.200000000000001	0.1202758310778847
13.3	0.1207066841050283
13.4	0.12113428401987003
13.5	0.1215586257159394
13.6	0.12197975602731509
13.700000000000001	0.12239772069593736
13.8	0.12281256459821614
13.9	0.12322433166348488
14.	0.12363306500468121
14.1	0.12403880684461673
14.200000000000001	0.12444159856613426
14.3	0.12484148071571545
14.4	0.12523849314203883
14.5	0.1256326747824636
14.6	0.12602406365469085
14.700000000000001	0.12641270898226206
14.8	0.1267986218124672
14.9	0.12718185451604308
15.	0.12756244060015837
15.1	0.1279404163802472
15.200000000000001	0.12831581250176669
15.3	0.12868866444386895
15.4	0.12905900289684377
15.5	0.12942686410450577
15.6	0.12979227744137822
15.700000000000001	0.13015527413079064
15.8	0.13051588477093706
15.9	0.13087413902258166
16.	0.13123005814516162
16.1	0.13158369936318515
16.200000000000003	0.13193505451338788
16.3	0.13228417259263844
16.400000000000002	0.1326310753697746
16.5	0.1329757904816177
16.6	0.13331834432982761
16.700000000000003	0.13365876354141132
16.8	0.1339969753701624
16.900000000000002	0.13433320532320223
17.	0.13466737485174796
17.1	0.13499950763393856
17.200000000000003	0.13532962850812474
17.3	0.13565776052707865
17.400000000000002	0.13598392649733104
17.5	0.13630814909798394
17.6	0.136630450570734
17.700000000000003	0.13695085282127661
17.8	0.13726937737856462
17.900000000000002	0.13758604536997035
18.	0.13790088085391955
18.1	0.13821389724449548
18.200000000000003	0.138525119324447
18.3	0.1388345961988642
18.400000000000002	0.13914228546306998
18.500000000000004	0.13944823764740877
18.6	0.13975247247257383
18.700000000000003	0.1400550083900527
18.8	0.14035586381805515
18.900000000000002	0.14065505674881754
19.000000000000004	0.14095260496067605
19.1	0.14124852502705149
19.200000000000003	0.14154283589235475
19.3	0.14183555352094013
19.400000000000002	0.14212669688313465
19.500000000000004	0.1424162781103811
19.6	0.14270431525539676
19.700000000000003	0.14299082462143534
19.8	0.14327585881309243
19.900000000000002	0.1435593219935731
20.000000000000004	0.143841337503375
20.1	0.14412188976585208
20.200000000000003	0.14440098727391745
20.3	0.1446783141303744
20.400000000000002	0.1449548895969935
20.500000000000004	0.145229721044057
20.6	0.14550315766730623
20.700000000000003	0.1457752131977205
20.8	0.1460459011934614
20.900000000000002	0.14631523497810572
21.000000000000004	0.1465832290772425
21.1	0.14684989362353262
21.200000000000003	0.1471152417887526
21.300000000000004	0.1473792898743328
21.400000000000002	0.1476420463674127
21.500000000000004	0.147903524884077
21.6	0.1481637375146938
21.700000000000003	0.14842269618546736
21.800000000000004	0.14868041264965937
21.900000000000002	0.14893689863133322
22.000000000000004	0.14919216529928583
22.1	0.14944622410764954
22.200000000000003	0.1496990861670414
22.300000000000004	0.14995075665850985
22.400000000000002	0.15020125834954465
22.500000000000004	0.15045060135798116
22.6	0.150698784786434
22.700000000000003	0.15094582506695486
22.800000000000004	0.15119173217112983
22.900000000000002	0.1514365164315806
23.000000000000004	0.15168018783983245
23.1	0.15192275623839255
23.200000000000003	0.15216423140409785
23.300000000000004	0.15240452299408774
23.400000000000002	0.15264384529990677
23.500000000000004	0.15288210265801322
23.6	0.1531193043216979
23.700000000000003	0.15335545943558762
23.800000000000004	0.1535906547538176
23.900000000000002	0.15382473970603036
24.000000000000004	0.15405780501139021
24.1	0.15428985937136677
24.200000000000003	0.15452091132774798
24.300000000000004	0.15475096911841132
24.400000000000002	0.15498004142978525
24.500000000000004	0.15520814185040285
24.6	0.1554352627259555
24.700000000000003	0.15566142774659855
24.800000000000004	0.15588663953994925
24.900000000000002	0.1561109053451817
25.000000000000004	0.15633423455044032
25.1	0.15655663394932492
25.200000000000003	0.15677811121054344
25.300000000000004	0.15699867372288684
25.400000000000002	0.1572183289086139
25.500000000000004	0.15743708413719115
25.6	0.15765494653085035
25.700000000000003	0.1578719232863864
25.800000000000004	0.15808802152828885
25.900000000000002	0.15830324817055605
26.000000000000004	0.15851761001930628
26.1	0.15873111397884085
26.200000000000003	0.15894376678576455
26.300000000000004	0.15915557460469026
26.400000000000002	0.15936654513293166
26.500000000000004	0.15957668413578166
26.6	0.159785998134524
26.700000000000003	0.15999449354354622
26.800000000000004	0.160202176627098
26.900000000000002	0.16040905360139077
27.000000000000004	0.16061513064632063
27.1	0.1608204137739998
27.200000000000003	0.16102490494199023
27.300000000000004	0.16122861851578166
27.400000000000002	0.16143155601745443
27.500000000000004	0.16163372325913952
27.6	0.16183512598887517
27.700000000000003	0.16203576989153462
27.800000000000004	0.16223566058973188
27.900000000000002	0.16243480364471666
28.000000000000004	0.1626332045807455
28.1	0.16283086878665187
28.200000000000003	0.16302780169458914
28.300000000000004	0.1632240084096099
28.400000000000002	0.16341949457084384
28.500000000000004	0.1636142651141763
28.6	0.16380832532788625
28.700000000000003	0.16400168004760524
28.800000000000004	0.16419433485715285
28.900000000000002	0.1643862998171854
29.000000000000004	0.16457756925079337
29.1	0.1647681532342542
29.200000000000003	0.1649580567312412
29.300000000000004	0.16514728440449097
29.400000000000002	0.16533584177894467
29.500000000000004	0.16552373213826088
29.6	0.16571096079193479
29.700000000000003	0.16589752640278504
29.800000000000004	0.16608344527003877
29.900000000000002	0.16626871614673686
30.000000000000004	0.1664533432936047
30.1	0.16663733130255567
30.200000000000003	0.16682068447012943
30.300000000000004	0.16700340713583417
30.400000000000002	0.16718550356493336
30.500000000000004	0.16736697799204825
30.6	0.16754783460856215
30.700000000000003	0.16772807756452005
30.800000000000004	0.16790771096753704
30.900000000000002	0.16808673891125606
31.000000000000004	0.16826516537491576
31.1	0.16844299436993554
31.200000000000003	0.16862022984540906
31.300000000000004	0.16879687506079788
31.400000000000002	0.16897293524321527
31.500000000000004	0.16914841346309967
31.6	0.16932323089688817
31.700000000000003	0.16949763092596198
31.800000000000004	0.1696713860283714
31.900000000000002	0.16984457418012358
32.	0.170017199138384
32.1	0.1701892749065112
32.2	0.17036078426734447
32.300000000000004	0.17053174108600697
32.4	0.17070214889795934
32.5	0.17087201118499054
32.6	0.17104132932892124
32.7	0.1712101114619764
32.800000000000004	0.17137835767298384
32.9	0.17154607196695817
33.	0.17171325769113577
33.1	0.17187991822707077
33.2	0.17204605664088887
33.300000000000004	0.1722116762870673
33.4	0.17237678032365605
33.5	0.17254137194808533
33.6	0.1727054519613579
33.7	0.17286902830177978
33.800000000000004	0.1730321015744231
33.9	0.17319467484043818
34.	0.17335675113338656
34.1	0.17351833424882293
34.2	0.17367942556769692
34.300000000000004	0.17384002846410138
34.400000000000006	0.17400014663410693
34.5	0.17415978261369683
34.6	0.17431893924918807
34.7	0.1744776194359396
34.800000000000004	0.17463582616039916
34.900000000000006	0.17479356178712593
35.	0.17495082933008388
35.1	0.17510763153886622
35.2	0.17526397114067932
35.300000000000004	0.17541985083854855
35.400000000000006	0.17557527330384073
35.5	0.17573024120928002
35.6	0.17588475718043048
35.7	0.17603882382824962
35.800000000000004	0.17619244374132761
35.900000000000006	0.1763456194861398
36.	0.1764983535884668
36.1	0.17665064860881824
36.2	0.17680250703011388
36.300000000000004	0.17695393133282586
36.400000000000006	0.17710492397652255
36.5	0.17725548740010239
36.6	0.17740562410838817
36.7	0.1775553363281863
36.800000000000004	0.17770462652281724
36.900000000000006	0.17785349705075285
37.	0.1780019502509087
37.1	0.17814998844285695
37.2	0.17829761392703872
37.300000000000004	0.1784448289643272
37.400000000000006	0.178591635858666
37.5	0.17873803683383596
37.6	0.17888403441848338
37.7	0.1790296302029552
37.800000000000004	0.17917482669180693
37.900000000000006	0.17931962605723734
38.	0.17946403045390355
38.1	0.17960804201597189
38.2	0.1797516628697687
38.300000000000004	0.17989489514207568
38.400000000000006	0.18003774088815058
38.5	0.18018020215599045
38.6	0.1803222811699349
38.7	0.18046397967749833
38.800000000000004	0.18060529984793441
38.900000000000006	0.18074624351797255
39.	0.18088681300026038
39.1	0.18102701009118807
39.2	0.18116683414970478
39.300000000000004	0.18130629254655456
39.400000000000006	0.18144538445462163
39.5	0.18158411172001468
39.6	0.18172247597877753
39.7	0.18186048117562906
39.800000000000004	0.18199812568131762
39.900000000000006	0.18213541305737885
40.	0.18227234514408935
40.1	0.1824089237672358
40.2	0.1825451507388104
40.300000000000004	0.18268102785699747
40.400000000000006	0.1828165556754163
40.50000000000001	0.18295173984293342
40.6	0.18308657674690715
40.7	0.1832210722135519
40.800000000000004	0.18335522661301434
40.900000000000006	0.1834890416638846
41.00000000000001	0.18362251907158045
41.1	0.1837556605428967
41.2	0.18388846772968925
41.300000000000004	0.18402094231699945
41.400000000000006	0.1841530859536287
41.50000000000001	0.18428490028550953
41.6	0.18441638694345278
41.7	0.184547547546258
41.800000000000004	0.18467838370083056
41.900000000000006	0.1848088970022959
42.00000000000001	0.18493908903411507
42.1	0.18506896137706602
42.2	0.18519851405334595
42.300000000000004	0.1853277516969268
42.400000000000006	0.18545667429647752
42.50000000000001	0.1855852833629551
42.6	0.18571358042036623
42.7	0.18584156715505404
42.800000000000004	0.1859692446976074
42.900000000000006	0.18609661470723382
43.00000000000001	0.18622367866341183
43.1	0.18635047156320314
43.2	0.18647689425277975
43.300000000000004	0.18660304878088607
43.400000000000006	0.18672890304296194
43.50000000000001	0.18685445846649926
43.6	0.18697971645047473
43.7	0.1871046784024917
43.800000000000004	0.1872293463618634
43.900000000000006	0.18735372039544407
44.00000000000001	0.1874778025431097
44.1	0.18760163945534927
44.2	0.18772514232565687
44.300000000000004	0.18784831124961515
44.400000000000006	0.18797123938561236
44.50000000000001	0.18809388235498387
44.6	0.18821624147938343
44.7	0.18833831804933474
44.800000000000004	0.18846011337970422
44.900000000000006	0.1885816287538599
45.00000000000001	0.1887028654427283
45.1	0.18882382473747705
45.2	0.18894450789142272
45.300000000000004	0.18906491615907528
45.400000000000006	0.1891850507908991
45.50000000000001	0.18930491301561814
45.6	0.18942354107440484
45.7	0.1895438251658948
45.800000000000004	0.1896628775252794
45.900000000000006	0.18978166234980445
46.00000000000001	0.1899001807917504
46.1	0.1900184341282798
46.2	0.19013642349607932
46.300000000000004	0.19025415022848358
46.400000000000006	0.19037161516925113
46.50000000000001	0.19048881943213702
46.6	0.1906057645769388
46.7	0.1907224515407792
46.800000000000004	0.19083888203437815
46.900000000000006	0.19095505602653562
47.00000000000001	0.1910709752194448
47.1	0.1911866407259855
47.2	0.1913020536516679
47.300000000000004	0.19141721522575303
47.400000000000006	0.19153212651840318
47.50000000000001	0.1916467882600762
47.6	0.19176120193307652
47.7	0.19187536828339974
47.800000000000004	0.19198928846830418
47.900000000000006	0.19210296368327945
48.00000000000001	0.19221639490756315
48.1	0.19232958318416865
48.2	0.1924425295494633
48.300000000000004	0.19255523504582842
48.400000000000006	0.19266770063620067
48.50000000000001	0.1927799270160423
48.6	0.19289191598630878
48.7	0.1930036681286472
48.800000000000004	0.193115184440734
48.900000000000006	0.19322646591397907
49.00000000000001	0.1933375135335778
49.1	0.19344832827856306
49.2	0.1935589111218569
49.300000000000004	0.19366926303032
49.400000000000006	0.19377938496924418
49.50000000000001	0.193889277884633
49.6	0.1939989427299052
49.7	0.19410838044817222
49.800000000000004	0.19421759197673025
49.900000000000006	0.1943265782471071
50.00000000000001	0.19443533852380984
50.1	0.19454387706007462
50.2	0.19465219314632823
50.300000000000004	0.19476028764184072
50.400000000000006	0.1948681442746962
50.50000000000001	0.19497579856080877
50.6	0.19508323396179886
50.7	0.19519045215211242
50.800000000000004	0.19529746851196347
50.900000000000006	0.1954042522250438
51.00000000000001	0.1955108205621171
51.1	0.19561717438463577
51.2	0.19572331455330125
51.300000000000004	0.19582924192366155
51.400000000000006	0.19593495734615415
51.50000000000001	0.19604046166614417
51.6	0.19614575572396642
51.7	0.19625084035496382
51.800000000000004	0.19635571638952706
51.900000000000006	0.19646038465313445
52.00000000000001	0.19656484596638876
52.1	0.19666910114505548
52.2	0.19677315100010342
52.300000000000004	0.19687699633773903
52.400000000000006	0.19698063795944382
52.50000000000001	0.19708407666201222
52.6	0.19718731323758817
52.7	0.19729034847369864
52.800000000000004	0.1973931831532932
52.900000000000006	0.19749637025130054
53.00000000000001	0.19759825397040146
53.1	0.19770049163324382
53.2	0.19780253182627108
53.300000000000004	0.19790437531687072
53.400000000000006	0.19800602284760288
53.50000000000001	0.19810747516478044
53.6	0.19820873304103134
53.7	0.19830979720694264
53.800000000000004	0.1984106684015534
53.900000000000006	0.1985113473596948
54.00000000000001	0.1986118348120197
54.1	0.1987121313346568
54.2	0.19881224080992546
54.300000000000004	0.19891215801627887
54.400000000000006	0.19901188660387278
54.50000000000001	0.1991114272762598
54.6	0.1992107807463082
54.7	0.19930994509131916
54.800000000000004	0.19940892631855625
54.900000000000006	0.19950772243293974
55.00000000000001	0.19960633412503134
55.1	0.19970476208154472
55.2	0.19980300698537595
55.300000000000004	0.1999010695156313
55.400000000000006	0.1999989503476541
55.50000000000001	0.20009665015982406
55.6	0.20019416960668684
55.7	0.2002915093590532
55.800000000000004	0.20038867007749323
55.900000000000006	0.20048565241894917
56.00000000000001	0.20058245704681818
56.1	0.20067908459096823
56.2	0.20077553571937456
56.300000000000004	0.20087181105096982
56.400000000000006	0.20096791123681756
56.50000000000001	0.2010638369126496
56.6	0.20115958871075004
56.7	0.20125516725998233
56.800000000000004	0.20135057318581204
56.900000000000006	0.20144580711033344
57.00000000000001	0.20154086965229062
57.1	0.2016357614401923
57.2	0.20173048306012953
57.300000000000004	0.2018250349020318
57.400000000000006	0.20191941803560587
57.50000000000001	0.2020136328309842
57.6	0.20210767988731432
57.7	0.2022015598005596
57.800000000000004	0.20229527318363233
57.900000000000006	0.20238882058602803
58.00000000000001	0.20248220144747925
58.1	0.2025754187240471
58.2	0.20266847178914746
58.300000000000004	0.20276136122012764
58.400000000000006	0.202854087591302
58.50000000000001	0.2029466514739715
58.6	0.20303905343644812
58.7	0.20313129404407265
58.800000000000004	0.20322337385935438
58.900000000000006	0.20331529344140062
59.00000000000001	0.20340705336724335
59.1	0.20349865408287066
59.2	0.20359009629306885
59.300000000000004	0.20368138047923076
59.400000000000006	0.20377250718647397
59.50000000000001	0.2038634769565683
59.6	0.20395429033004156
59.7	0.2040449478431623
59.800000000000004	0.20413545002992242
59.900000000000006	0.2042257974215783
60.00000000000001	0.20431599054667174
60.1	0.2044060299310468
60.2	0.2044959163349312
60.300000000000004	0.2045856498017275
60.400000000000006	0.2046752310892875
60.50000000000001	0.20476466070856014
60.6	0.20485393918075048
60.7	0.2049430670116097
60.800000000000004	0.205032044702194
60.900000000000006	0.2051208727699407
61.00000000000001	0.2052095517308557
61.1	0.20529808204525302
61.2	0.20538646423027274
61.300000000000004	0.20547469878077554
61.400000000000006	0.20556278618915064
61.50000000000001	0.20565072694533287
61.6	0.20573852153681843
61.7	0.20582617044868
61.800000000000004	0.20591367416358541
61.900000000000006	0.20600103324832836
62.00000000000001	0.2060882480082122
62.1	0.20617531900485966
62.2	0.20626224671146917
62.300000000000004	0.2063490315989107
62.400000000000006	0.20643567407732025
62.50000000000001	0.2065221747296095
62.6	0.20660853396152004
62.7	0.20669475223475922
62.800000000000004	0.20678083000877973
62.900000000000006	0.20686676774079657
63.00000000000001	0.20695256588579783
63.1	0.20703822489656423
63.2	0.20712374522467913
63.300000000000004	0.2072091273165568
63.400000000000006	0.2072943716194185
63.50000000000001	0.20737947857734443
63.6	0.2074644486278321
63.7	0.20754928221958102
63.800000000000004	0.20763397978584913
63.900000000000006	0.20771853903002566
64.	0.20780296592497396
64.1	0.20788725809315656
64.2	0.20797141054511145
64.3	0.20805543450702907
64.4	0.2081393250286674
64.5	0.20822308253326471
64.6	0.20830670975079377
64.7	0.20839020245520468
64.8	0.2084735634048124
64.9	0.20855679206219613
65.	0.20863953162125512
65.1	0.20872250805015313
65.2	0.20880534906170628
65.3	0.2088880612874626
65.4	0.20897064345668576
65.5	0.20905309673128367
65.6	0.20913542151243383
65.7	0.209217618199453
65.8	0.2092996871898085
65.9	0.20938162887913106
66.	0.20946344366122327
66.1	0.2095451319280743
66.2	0.20962669406986867
66.3	0.20970813047499803
66.39999999999999	0.2097894415300739
66.5	0.20987062761993464
66.6	0.20995168912766068
66.7	0.21003262643458342
66.8	0.21011343998724302
66.89999999999999	0.21019413002980847
67.	0.21027469700517568
67.1	0.21035514128778487
67.2	0.21043546325038015
67.3	0.21051566326401952
67.39999999999999	0.2105960257508398
67.5	0.21067597996039678
67.6	0.21075581333489335
67.7	0.21083552623919624
67.8	0.21091511903652368
67.89999999999999	0.21099459208845583
68.	0.21107350084717133
68.1	0.2111531804638987
68.2	0.21123229643309022
68.3	0.2113112940870167
68.39999999999999	0.21139017377921168
68.5	0.2114689358616274
68.6	0.21154758068464627
68.7	0.21162610859708697
68.8	0.21170451977533034
68.89999999999999	0.21178281490643552
69.	0.21186099416414805
69.1	0.21193899144215106
69.2	0.2120169398656022
69.3	0.2120947732473746
69.39999999999999	0.21217255929165996
69.5	0.21225016429217566
69.6	0.2123276554527161
69.7	0.21240503166607191
69.8	0.2124822961552401
69.89999999999999	0.21255944772804028
70.	0.21263648678669259
70.1	0.21271341373281727
70.2	0.21279022889351012
70.3	0.2128669325203017
70.39999999999999	0.21294352486246537
70.5	0.21302000880681465
70.6	0.21309637972579576
70.7	0.21317264039580963
70.8	0.21324879114326578
70.89999999999999	0.2133248322681694
71.	0.2134007640941526
71.1	0.2134765869351728
71.2	0.21355230110383783
71.3	0.21362790691141328
71.39999999999999	0.21370340466783067
71.5	0.21377879524259127
71.6	0.2138540778143422
71.7	0.21392925382629033
71.8	0.2140043224373722
71.89999999999999	0.2140792845272365
72.	0.2141541403667141
72.1	0.21422889031903933
72.2	0.2143035346525729
72.3	0.21437807366557798
72.39999999999999	0.2144525076550573
72.5	0.21452683688506852
72.6	0.21460106171341184
72.7	0.2146751824017459
72.8	0.2147491992421022
72.89999999999999	0.21482311252528535
73.	0.2148969226181711
73.1	0.21497062975724912
73.2	0.2150442341017996
73.3	0.21511773557671135
73.39999999999999	0.2151911479404187
73.5	0.21526444578991927
73.6	0.21533764116870602
73.7	0.2154107231944532
73.8	0.21548371732614474
73.89999999999999	0.2155566107478153
74.	0.21562940372834352
74.1	0.21570209654878858
74.2	0.21577468948462666
74.3	0.2158471828101996
74.39999999999999	0.21591957679872167
74.5	0.2159918717222859
74.6	0.2160640648620425
74.7	0.21613616253876505
74.8	0.21620816195861142
74.89999999999999	0.2162800633715829
75.	0.2163518670799165
75.1	0.2164235733311884
75.2	0.21649518238983453
75.3	0.21656669452365832
75.39999999999999	0.21663810998606794
75.5	0.2167094290427365
75.6	0.21678065195383622
75.7	0.216851778978489
75.8	0.21692281037477049
75.89999999999999	0.21699374639971766
76.	0.2170645873093307
76.1	0.21713533335858248
76.2	0.21720598480142161
76.3	0.21727654189077913
76.39999999999999	0.21734700487857336
76.5	0.2174173740828524
76.6	0.21748771392610822
76.7	0.21755783180535035
76.8	0.21762792088678104
76.89999999999999	0.2176979171112419
77.	0.21776782072614292
77.1	0.21783763197432812
77.2	0.21790735110048845
77.3	0.2179769783476665
77.39999999999999	0.21804651395794555
77.5	0.21811595816801052
77.6	0.21818531122692386
77.7	0.21825457336947585
77.8	0.21832374483395778
77.89999999999999	0.21839282583218167
78.	0.21846181665160555
78.1	0.2185307173614576
78.2	0.21859952846860356
78.3	0.21866825008476679
78.39999999999999	0.21873688243315684
78.5	0.21880542569726136
78.6	0.21887388020530665
78.7	0.21894224265804005
78.8	0.21901052026290813
78.9	0.21907870971104532
79.	0.21914681127862262
79.1	0.21921482518261806
79.2	0.21928275165817415
79.3	0.21935059091546733
79.4	0.2194183467784139
79.5	0.2194860122868168
79.6	0.21955359125108398
79.7	0.2196210838925407
79.8	0.21968849043166608
79.9	0.21975581108809342
80.	0.21982304608061867
80.1	0.2198901247974548
80.2	0.21995725994497348
80.3	0.220024239250237
80.4	0.22009113375847358
80.5	0.22015794368434607
80.6	0.22022466924170367
80.7	0.22029131065947227
80.8	0.2203578681182825
80.9	0.22042434184528423
81.	0.2204907320511104
81.1	0.220557038667399
81.2	0.22062326245987077
81.3	0.22068940335835144
81.4	0.2207554615703247
81.5	0.22082143730249668
81.6	0.22088733076079856
81.7	0.2209531421488516
81.8	0.22101887167409703
81.9	0.22108451953582958
82.	0.22115008594262278
82.1	0.22121557099765737
82.2	0.22128097509605393
82.3	0.2213462983668644
82.4	0.22141154095788532
82.5	0.22147670309422987
82.6	0.22154178497429786
82.7	0.2216067867957558
82.8	0.22167170878476605
82.9	0.22173655107917561
83.	0.221801313903614
83.1	0.22186599745285301
83.2	0.22193060192094732
83.3	0.22199512753359302
83.4	0.22205957441891527
83.5	0.22212394280100708
83.6	0.22218823287109846
83.7	0.22225244482452983
83.8	0.2223165788415352
83.9	0.22238063512917428
84.	0.22244461384987957
84.1	0.22250851520433831
84.2	0.222572339607118
84.3	0.2226360867831251
84.4	0.22269975713385878
84.5	0.22276335088127586
84.6	0.22282686819134248
84.7	0.22289030924779266
84.8	0.2229536742336976
84.9	0.22301696360336146
85.	0.22308017679511435
85.1	0.22314331466515994
85.2	0.2232063771902229
85.3	0.2232693645501187
85.4	0.22333227692401902
85.5	0.22339511449045757
85.6	0.22345787742732942
85.7	0.223520565911897
85.8	0.2235831801207909
85.9	0.22364572023001528
86.	0.22370818641494866
86.1	0.22377057885034787
86.2	0.22383289771035067
86.3	0.22389514316847922
86.4	0.22395731539764208
86.5	0.22401941457013885
86.6	0.22408144085765994
86.7	0.22414339443129255
86.8	0.2242052753915894
86.9	0.22426708404785248
87.	0.224328820499897
87.1	0.22439048491641958
87.2	0.22445207746552737
87.3	0.22451359831473877
87.4	0.22457504763098826
87.5	0.22463642558062694
87.6	0.2246977323294269
87.7	0.2247589680425836
87.8	0.22482013288471742
87.9	0.22488122701987795
88.	0.22494231085626737
88.1	0.22500320382263486
88.2	0.225064086940081
88.3	0.2251248980665789
88.4	0.2251856427795182
88.5	0.22524631472126036
88.6	0.22530691848385395
88.7	0.22536745283094783
88.8	0.22542791792157524
88.9	0.22548831391422416
89.	0.22554864096683788
89.1	0.22560889749749213
89.2	0.22566908717696646
89.3	0.2257292083863663
89.4	0.22578926128149618
89.5	0.22584924601762854
89.6	0.22590916274950912
89.7	0.22596901163135416
89.8	0.2260287928168576
89.9	0.2260885064591921
90.	0.22614815271100958
90.1	0.22620773168935535
90.2	0.22626724361603073
90.3	0.22632668885569474
90.4	0.226386067057861
90.5	0.2264453786250989
90.6	0.22650462370699392
90.7	0.22656380245442884
90.8	0.2266229150123999
90.9	0.22668196153077252
91.	0.22674094215713245
91.1	0.22679985707366038
91.2	0.2268587063567748
91.3	0.22691749018767535
91.4	0.22697620871198368
91.5	0.22703486207483498
91.6	0.22709345042088197
91.7	0.22715197389429526
91.8	0.22721043347255387
91.9	0.2272688276215546
92.	0.22732715732969333
92.1	0.22738542273339682
92.2	0.22744362397823775
92.3	0.2275017612055442
92.4	0.22755983455617876
92.5	0.2276178441705386
92.6	0.22767579018855874
92.7	0.22773367274971298
92.8	0.22779149199301774
92.9	0.2278492480570326
93.	0.22790694107986226
93.1	0.22796457116136992
93.2	0.22802213851160663
93.3	0.2280796432349641
93.4	0.22813708540148647
93.5	0.22819446527788584
93.6	0.2282517829322951
93.7	0.22830903849969283
93.8	0.22836623211461746
93.9	0.22842336391117152
94.	0.2284804340230221
94.1	0.2285374425834026
94.2	0.22859438972511598
94.3	0.22865127558053475
94.4	0.2287081002816041
94.5	0.22876486395984424
94.6	0.22882156674634985
94.7	0.22887820877179404
94.8	0.2289347901664309
94.9	0.22899131106009393
95.	0.22904777153916323
95.1	0.2291041718189192
95.2	0.2291605119847145
95.3	0.22921679216472715
95.4	0.22927301248672555
95.5	0.22932917307807035
95.6	0.2293852740657155
95.7	0.22944131557621086
95.8	0.22949729773570332
95.9	0.22955322066993863
96.	0.22960908450426368
96.1	0.22966403572785693
96.2	0.22971978591903544
96.3	0.2297754774104012
96.4	0.22983195133550827
96.5	0.22988752153661995
96.6	0.2299430333816086
96.7	0.22999848699307096
96.8	0.23005388249321995
96.9	0.23010922000388193
97.	0.23016449964650224
97.1	0.23021972154214373
97.2	0.2302748858114899
97.3	0.2303299925748463
97.4	0.23038504195214202
97.5	0.23044003406293082
97.6	0.23049496897394545
97.7	0.23054984690881158
97.8	0.23060466793359935
97.9	0.23065943232905145
98.	0.23071413988801842
98.1	0.23076879080465823
98.2	0.230823385366398
98.3	0.23087792360475276
98.4	0.2309324056359719
98.5	0.23098683157594463
98.6	0.2310412015402022
98.7	0.23109551564391895
98.8	0.23114977400191392
98.9	0.23120397672865345
99.	0.23125812393824954
99.1	0.23131221574446528
99.2	0.23136625226071308
99.3	0.2314202336000579
99.4	0.2314741598752181
99.5	0.2315280311985661
99.6	0.2315818476821314
99.7	0.2316356094376009
99.8	0.23168931657632108
99.9	0.23174296933457716
100.	0.23179656757275005
100.5	0.2320637465855896
101.	0.2323295821633689
101.5	0.23259408780028637
102.	0.2328572767082481
102.5	0.2331191618988482
103.	0.23337975628536106
103.5	0.23363907192290423
104.	0.23389713683559124
104.5	0.2341539199095562
105.	0.23440947602811596
105.5	0.23466380289802155
106.	0.23491691230428183
106.5	0.23516881589824876
107.	0.2354195250120126
107.5	0.23566904924839932
108.	0.23591740423999008
108.5	0.23616459741421897
109.	0.23641064039161944
109.5	0.23665554384139004
110.	0.23689931806304393
110.5	0.23714197388053826
111.	0.23738352130199006
111.5	0.23762397046368253
112.	0.2378633313359497
112.5	0.23810161358339862
113.	0.23833882699573355
113.5	0.23857498131942068
114.	0.23880764654741554
114.5	0.23904414937861995
115.	0.239277171994105
115.5	0.2395091826081788
116.	0.23974018861075025
116.5	0.23997018045732452
117.	0.24019917683828337
117.5	0.24042718587747958
118.	0.24065421632735923
118.5	0.24088027642916648
119.	0.241105374459477
119.5	0.2413295186355002
120.	0.24155271689712465
120.5	0.24177497722939212
121.	0.24199630743254175
121.5	0.24221671550968463
122.	0.24243620928958245
122.5	0.24265479542686952
123.	0.24287248264199782
123.5	0.24308927729494179
124.	0.2433051854285068
124.5	0.2435202176214657
125.	0.243734379612432
125.5	0.24394767767929537
126.	0.2441601192457008
126.5	0.24437171094813448
127.	0.24458245973108825
127.5	0.24479237240961188
128.	0.2450014552655583
128.5	0.24520971508575887
129.	0.24541715824491211
129.5	0.24562379116081623
130.	0.24582962014680493
130.5	0.24603465142816341
131.	0.24623889120111772
131.5	0.24644234538660795
132.	0.24664502034843702
132.5	0.24684692186627522
133.	0.24704805583101544
133.5	0.2472484280598288
134.	0.24744804431044645
134.5	0.24764691026729138
135.	0.24784502861758878
135.5	0.24804241094955157
136.	0.2482390597285207
136.5	0.24843498034155012
137.	0.24863017814638239
137.5	0.2488246585082585
138.	0.24901842668355953
138.5	0.2492114896490657
139.	0.24940384894764628
139.5	0.24959551148491346
140.	0.2497864822970943
140.5	0.24997676636596672
141.	0.25016636861964325
141.5	0.2503552939333376
142.	0.250543547112425
142.5	0.250731132963814
143.	0.25091805619095137
143.5	0.2511043214960537
144.	0.25128993343692774
144.5	0.2514748966195535
145.	0.25165921555065496
145.5	0.2518428947453839
146.	0.2520259386168322
146.5	0.25220835151803306
147.	0.25239013785516395
147.5	0.25257130189065474
148.	0.25275184791119737
148.5	0.2529317799335453
149.	0.25311111949029697
149.5	0.2532898192241811
150.	0.25346793466344975
150.5	0.2536454526705289
151.	0.2538223772449439
151.5	0.253998712346158
152.	0.25417446189410847
152.5	0.2543496297697328
153.	0.2545242198066856
153.5	0.25469823595493524
154.	0.2548716817187347
154.5	0.25504456095418127
155.	0.25521687735477727
155.5	0.25538863454290334
156.	0.25555983621064865
156.5	0.2557304859097289
157.	0.25590058719229947
157.5	0.2560701435763114
158.	0.2562391585459451
158.5	0.25640763572024544
159.	0.25657557774386835
159.5	0.2567429890437958
160.	0.2569098635813073
160.5	0.2570762224598158
161.	0.25724206015498285
161.5	0.2574073888086566
162.	0.25757219397211306
162.5	0.25773647585563564
163.	0.257900261533968
163.5	0.25806355400694825
164.	0.2582263331809785
164.5	0.2583886121814861
165.	0.2585503963050271
165.5	0.2587116863978018
166.	0.25887248656337986
166.5	0.2590327997726554
167.	0.25919262896956186
167.5	0.25935197709524127
168.	0.25951084699373833
168.5	0.2596692415531235
169.	0.2598271636480112
169.5	0.2599846160219532
170.	0.26014160136003184
170.5	0.2602981225033223
171.	0.2604541820664435
171.5	0.26060978334361207
172.	0.26076492851624805
172.5	0.2609196203716712
173.	0.26107386159198953
173.5	0.2612276548352322
174.	0.26138100263036296
174.5	0.2615339042176325
175.	0.2616863688358759
175.5	0.261838395597568
176.	0.2619899904207399
176.5	0.2621411491469763
177.	0.26229187753920696
177.5	0.2624421780620168
178.	0.2625920536521274
178.5	0.2627415056519859
179.	0.2628905369835779
179.5	0.2630391500110175
180.	0.26318734725453824
180.5	0.2633351312291648
181.	0.26348250331546086
181.5	0.26362946635695095
182.	0.2637760226559286
182.5	0.26392217445335225
183.	0.2640679237218787
183.5	0.2642132730684636
184.	0.2643582245187101
184.5	0.26450278024752827
185.	0.26464694242376685
185.5	0.2647907131633985
186.	0.2649340946003341
186.5	0.2650770888455703
187.	0.26521969797472683
187.5	0.2653619240649129
188.	0.2655037563863003
188.5	0.26564522401957014
189.	0.26578631379707646
189.5	0.26592702918045275
190.	0.2660673715821002
190.5	0.26620734251514094
191.	0.26634694448904483
191.5	0.2664861793243777
192.	0.266625049010144
192.5	0.2667635554591308
193.	0.26690170062740537
193.5	0.26703948630584384
194.	0.2671769143726248
194.5	0.2673139867052232
195.	0.26745070514291724
195.5	0.26758707151073796
196.	0.26772308758452557
196.5	0.26785886218843014
197.	0.2679940761626378
197.5	0.2681290522223611
198.	0.26826368512875903
198.5	0.26839797662439513
199.	0.2685319284385752
199.5	0.26866554228748296
200.	0.2687988198743087
200.5	0.2689317628893846
201.	0.2690643729772151
201.5	0.26919665186907643
202.	0.26932860118430807
202.5	0.2694602226592695
203.	0.2695915177558927
203.5	0.2697224881351471
204.	0.2698531354255586
204.5	0.26998346118401123
205.	0.2701134671001719
205.5	0.2702431546812688
206.	0.2703725254178864
206.5	0.27050158090469556
207.	0.27063032264935866
207.5	0.2707587522415531
208.	0.27088687115798327
208.5	0.2710146808997627
209.	0.2711421829571394
209.5	0.27126937880959867
210.	0.2713962698792509
210.5	0.27152285771752266
211.	0.27164914372579707
211.5	0.2717751293415381
212.	0.27190081599195404
212.5	0.2720262050940939
213.	0.27215129805494614
213.5	0.2722760962715314
214.	0.2724006011309975
214.5	0.2725248140107134
215.	0.27264873619746327
215.5	0.27277236921126136
216.	0.2728957143196761
216.5	0.273018199571093
217.	0.27314098587636987
217.5	0.2732634880182445
218.	0.27338570734516426
218.5	0.2735076651690386
219.	0.2736293228270668
219.5	0.27375068145661635
220.	0.27387178239657256
220.5	0.2739926070164947
221.	0.27411362071246237
221.5	0.2742338852353373
222.	0.27435387732544425
222.5	0.27447359821547157
223.	0.27459304911152976
223.5	0.2747122312005005
224.	0.2748311457195453
224.5	0.27494979397033836
225.	0.2750681770606992
225.5	0.27518629617430085
226.	0.275304152468232
226.5	0.2754217469125619
227.	0.27553908111720665
227.5	0.27565615600135174
228.	0.2757729727097949
228.5	0.27588953237976316
229.	0.27600583614098007
229.5	0.2761218851157338
230.	0.2762376804189378
230.5	0.2763532231581992
231.	0.27646851475778733
231.5	0.2765835556627384
232.	0.276698347283214
232.5	0.27681287326747406
233.	0.2769271697657504
233.5	0.2770412197525773
234.	0.2771550418700813
234.5	0.27726860079056026
235.	0.27738191921092614
235.5	0.2774949957518427
236.	0.277607831908234
236.5	0.27772042777887945
237.	0.2778327848444327
237.5	0.27794490411668316
238.	0.2780567866009996
238.5	0.2781684332963823
239.	0.27827984519551646
239.5	0.2783910233144724
240.	0.2785019685743004
240.5	0.278612681978581
241.	0.2787231644952687
241.5	0.2788334170862632
242.	0.2789434407074627
242.5	0.27905323630880957
243.	0.279162804834342
243.5	0.2792721472222436
244.	0.27938126434018246
244.5	0.279490157243671
245.	0.2795988267894295
245.5	0.27970727389269884
246.	0.2798154994631001
246.5	0.27992350440468217
247.	0.2800312896159665
247.5	0.28013885598999333
248.	0.2802462044143634
248.5	0.2803533357712863
249.	0.28046025095984856
249.5	0.28056695038548984
250.	0.28067343578646803
250.5	0.28077970759584236
251.	0.2808856805075664
251.5	0.28099153036260505
252.	0.2810971691046072
252.5	0.281202597575869
253.	0.28130781661364396
253.5	0.28141282661298744
254.	0.28151762927824103
254.5	0.28162222499200523
255.	0.2817266145717544
255.5	0.2818307988301156
256.	0.2819347785749046
256.5	0.2820385546091681
257.	0.2821421277312151
257.5	0.28224549873465893
258.	0.28234866840845
258.5	0.2824516368015753
259.	0.2825544061609489
259.5	0.28265697653004124
260.	0.2827593504222489
260.5	0.2828615251331301
261.	0.28296350311710644
261.5	0.2830652851664577
262.	0.2831668720341387
262.5	0.28326826450437553
263.	0.28336946321461165
263.5	0.28347046901171336
264.	0.28357128259583003
264.5	0.2836719046985132
265.	0.2837723368690039
265.5	0.28387257818085426
266.	0.28397263018069946
266.5	0.2840724935835495
267.	0.28417216910035886
267.5	0.2842716582165275
268.	0.2843709600791247
268.5	0.2844700762332593
269.	0.2845690072371201
269.5	0.28466775382886844
270.	0.2847663167375009
270.5	0.2848646966465002
271.	0.28496289419356424
271.5	0.2850609100753962
272.	0.2851587454666757
272.5	0.2852564005879869
273.	0.28535387552273916
273.5	0.2854511714572962
274.	0.28554828904889995
274.5	0.28564522895116523
275.	0.28574199111619863
275.5	0.2858385775965124
276.	0.28593498832703407
276.5	0.28603122392436287
277.	0.2861272850698411
277.5	0.2862231723731984
278.	0.28631888646340486
278.5	0.2864144279660105
279.	0.286509797503175
279.5	0.28660499569368675
280.	0.2867000231529923
280.5	0.28679488049321517
281.	0.2868895683231856
281.5	0.28698408724845964
282.	0.28707843795013177
282.5	0.28717262069818245
283.	0.28726663650903045
283.5	0.2873604858051505
284.	0.2874541692636589
284.5	0.28754768740268255
285.	0.2876410406814431
285.5	0.2877342297849356
286.	0.28782725529030195
286.5	0.2879201177716347
287.	0.2880128178000028
287.5	0.2881053559434719
288.	0.288197732767127
288.5	0.28828994887670795
289.	0.2883820047445304
289.5	0.28847390097010495
290.	0.28856563810679475
290.5	0.28865721670508304
291.	0.28874863717057225
291.5	0.2888399003326065
292.	0.2889310065906389
292.5	0.28902195648383383
293.	0.28911275054857727
293.5	0.28920338931849093
294.	0.28929387332445694
294.5	0.28938420309463214
295.	0.2894743791544677
295.5	0.2895644020267309
296.	0.2896542722315199
296.5	0.2897439902862829
297.	0.28983355670583655
297.5	0.28992297200238354
298.	0.29001223668553117
298.5	0.29010135130172215
299.	0.2901903162768428
299.5	0.2902791321519816
300.	0.2903677994265363
300.5	0.29045631859739574
301.	0.29054469015895334
301.5	0.2906329146031315
302.	0.29072099250367606
302.5	0.29080892417780474
303.	0.2908967101956068
303.5	0.2909843510392624
304.	0.2910718471885599
304.5	0.29115919912090615
305.	0.29124640731134893
305.5	0.2913334722325851
306.	0.2914203943977378
306.5	0.29150717418954225
307.	0.29159381211630625
307.5	0.2916803086414947
308.	0.2917666642262995
308.5	0.29185287932966025
309.	0.2919389544082745
309.5	0.2920248899166101
310.	0.2921106863069277
310.5	0.2921963440292862
311.	0.29228186353156327
311.5	0.2923672452594672
312.	0.29245248965655085
312.5	0.2925375971642255
313.	0.2926225682217756
313.5	0.29270740386586863
314.	0.2927921033361378
314.5	0.2928766676615169
315.	0.29296109727291675
315.5	0.29304539259964096
316.	0.2931295540676556
316.5	0.2932135821021141
317.	0.29329747732771067
317.5	0.2933812397619336
318.	0.29346487002483773
318.5	0.29354836853318383
319.	0.29363173570176576
319.5	0.29371497194341706
320.	0.2937980776690274
320.5	0.2938810532875534
321.	0.2939638992060294
321.5	0.2940466158295823
322.	0.29412920356144123
322.5	0.2942116628029491
323.	0.29429399395357786
323.5	0.29437619741093535
324.	0.2944582735707814
324.5	0.29454022268819685
325.	0.2946220454331572
325.5	0.2947037420568967
326.	0.2947853128781719
326.5	0.29486675842361276
327.	0.29494807900789805
327.5	0.29502927501415244
328.	0.2951103468237394
328.5	0.2951913180737987
329.	0.29527214270663793
329.5	0.2953528208599477
330.	0.2954333956910209
330.5	0.2955138522818369
331.	0.29559418692530987
331.5	0.29567439999082495
332.	0.2957544918460915
332.5	0.29583446285714987
333.	0.29591431338838453
333.5	0.2959940438025324
334.	0.29607365446069367
334.5	0.2961531457223402
335.	0.29623251794532757
335.5	0.29631177148590215
336.	0.29639090669871343
336.5	0.2964699239368215
337.	0.296548823551707
337.5	0.2966276058932813
338.	0.2967062713098952
338.5	0.29678482014834795
339.	0.29686325275389736
339.5	0.29694156947638223
340.	0.29701974757106747
340.5	0.297097833830702
341.	0.29717580523250947
341.5	0.29725366197765296
342.	0.2973314042711608
342.5	0.2974090554076359
343.	0.2974865703972905
343.5	0.2975639721933831
344.	0.29764126112624295
344.5	0.29771843752475613
345.	0.29779550171637076
345.5	0.2978724540271073
346.	0.2979492942362533
346.5	0.2980260237552093
347.	0.29810264181271234
347.5	0.29817914982702115
348.	0.29825554756940936
348.5	0.29833183535750085
349.	0.29840801350754775
349.5	0.2984840823344381
350.	0.29856004215170445
350.5	0.2986358932715316
351.	0.29871163600476497
351.5	0.2987872703573602
352.	0.2988627972434234
352.5	0.2989382169734027
353.	0.2990135292421691
353.5	0.29908873465872904
354.	0.29916383352604453
354.5	0.29923882614579195
355.	0.2993137128183662
355.5	0.2993884938428887
356.	0.2994631695172165
356.5	0.29953774013794604
357.	0.29961220600042254
357.5	0.29968656739874866
358.	0.2997608246257875
358.5	0.29983497797317116
359.	0.2999090274518558
359.5	0.29998297390802153
360.	0.3000568173521165
360.5	0.30013055807091904
361.	0.30020419635001155
361.5	0.30027773247378575
362.	0.3003511667254505
362.5	0.3004244993870374
363.	0.3004977307394083
363.5	0.3005705174506618
364.	0.30064389063413444
364.5	0.3007168197324181
365.	0.3007896490966401
365.5	0.30086237716940417
366.	0.30093500650300736
366.5	0.3010075364612514
367.	0.3010799673158645
367.5	0.3011522993374584
368.	0.30122453279554007
368.5	0.30129666795851295
369.	0.3013687050936865
369.5	0.3014406444672801
370.	0.30151248634442857
370.5	0.3015842309891901
371.	0.3016558786645507
371.5	0.30172742963242966
372.	0.3017988841536864
372.5	0.3018702424881252
373.	0.3019415048945024
373.5	0.3020126716305298
374.	0.30208374295288287
374.5	0.3021547191172035
375.	0.3022256003781078
375.5	0.3022963756972554
376.	0.30236706812856623
376.5	0.3024376515847851
377.	0.3025081563104737
377.5	0.3025785673801571
378.	0.3026488850425632
378.5	0.3027191095454314
379.	0.3027892411355146
379.5	0.3028592800585869
380.	0.3029292265594476
380.5	0.302999080881925
381.	0.3030688432688851
381.5	0.30313851396223246
382.	0.30320809320291936
382.5	0.30327758123094717
383.	0.3033469782853725
383.5	0.3034162846043133
384.	0.3034855004249532
384.5	0.30355462598354543
385.	0.30362366151541875
385.5	0.30369260725498143
386.	0.3037614634357267
386.5	0.303830230290237
387.	0.3038989080501894
387.5	0.30396749767535913
388.	0.3040359979318916
388.5	0.3041044097834711
389.	0.3041727334582004
389.5	0.30424096918329646
390.	0.30430911718510245
390.5	0.3043771776890846
391.	0.3044451509198424
391.5	0.30451303710110805
392.	0.30458083645575484
392.5	0.30464854920580053
393.	0.304716174940457
393.5	0.30478369538229705
394.	0.3048511496058479
394.5	0.30491853795682894
395.	0.3049858216019306
395.5	0.3050530193393068
396.	0.30512013200259874
396.5	0.3051871598071304
397.	0.305254102967409
397.5	0.30532096169712863
398.	0.30538773620917387
398.5	0.305454426715624
399.	0.3055210334277567
399.5	0.30558755655605285
400.	0.3056539963102004
400.5	0.30572035289909805
401.	0.30578662653085864
401.5	0.3058528174128145
402.	0.3059189257515207
402.5	0.3059849520677322
403.	0.306050896814938
403.5	0.30611675882724204
404.	0.30618253903385706
404.5	0.30624823774649673
405.	0.3063138551325009
405.5	0.30637939140531556
406.	0.3064448468227193
406.5	0.3065102214576074
407.	0.3065755155723881
407.5	0.3066407293653163
408.	0.3067058630339162
408.5	0.3067709167115633
409.	0.30683589072116285
409.5	0.306900785194646
410.	0.30696560035618276
410.5	0.30703033634068305
411.	0.30709499340051233
411.5	0.3071595727713257
412.	0.30722407125044926
412.5	0.30728849257956653
413.	0.30735283571406724
413.5	0.307417100855877
414.	0.3074812881878933
414.5	0.30754539789843827
415.	0.30760943017515097
415.5	0.3076733852049911
416.	0.30773726314938366
416.5	0.30780106424359344
417.	0.3078647886477562
417.5	0.30792843654614305
418.	0.30799200812235844
418.5	0.3080555035593487
419.	0.3081189230394002
419.5	0.30818226674414606
420.	0.30824553485456646
420.5	0.30830872755099553
421.	0.30837184501311954
421.5	0.3084348874199835
422.	0.30849785492447124
422.5	0.30856074775534387
423.	0.3086235660642701
423.5	0.308686310027757
424.	0.3087489798216856
424.5	0.30881157562131145
425.	0.3088740976012691
425.5	0.3089365459355756
426.	0.30899892079763247
426.5	0.30906122236022865
427.	0.30912345079554343
427.5	0.30918560627515074
428.	0.3092476889700183
428.5	0.30930969905051686
429.	0.30937163668641443
429.5	0.30943350204688713
430.	0.30949529530051795
430.5	0.30955701662141133
431.	0.3096186661647484
431.5	0.30968024410346306
432.	0.30974175060379433
432.5	0.30980318583140615
433.	0.3098645499513808
433.5	0.30992445359072734
434.	0.3099856870594328
434.5	0.3100468497853369
435.	0.31010794209251313
435.5	0.31016896398008004
436.	0.31023125060241513
436.5	0.3102921215435709
437.	0.31035292267734815
437.5	0.31041365416376515
438.	0.31047431616229193
438.5	0.3105349088318473
439.	0.31059543233080894
439.5	0.3106558868170082
440.	0.3107162724477397
440.5	0.3107765883799649
441.	0.3108368367689072
441.5	0.31089701677118114
442.	0.3109571285419416
442.5	0.31101717223581715
443.	0.3110771468700396
443.5	0.311137054872827
444.	0.3111968952596122
444.5	0.3112566681829326
445.	0.31131637379481153
445.5	0.3113760122467567
446.	0.31143558368976565
446.5	0.31149508827432665
447.	0.3115545261787975
447.5	0.3116138974959605
448.	0.3116732024031082
448.5	0.3117324410487145
449.	0.3117916135807573
449.5	0.31185072022971144
450.	0.3119097609768101
450.5	0.3119687360513104
451.	0.3120276455717947
451.5	0.3120864904593543
452.	0.31214526939202436
452.5	0.31220398323321635
453.	0.31226263212700495
453.5	0.31232121621698483
454.	0.3123797356462764
454.5	0.3124381905575245
455.	0.31249658112700995
455.5	0.3125549075672242
456.	0.31261316977438297
456.5	0.3126713680588586
457.	0.3127295024724966
457.5	0.3127875741684913
458.	0.3128455814037895
458.5	0.3129035252453062
459.	0.3129614058315169
459.5	0.31301922330044213
460.	0.3130769777896522
460.5	0.3131346694362668
461.	0.3131922983769581
461.5	0.3132498647764215
462.	0.3133073695441483
462.5	0.31336481117930454
463.	0.3134221906507293
463.5	0.31347950809288583
464.	0.3135367637421119
464.5	0.313593944061431
465.	0.3136510761445781
465.5	0.31370814679519227
466.	0.31376515601873967
466.5	0.31382210401051613
467.	0.3138789908385555
467.5	0.31393583078460013
468.	0.31399259594448364
468.5	0.3140493003960776
469.	0.31410594426915
469.5	0.31416252769305814
470.	0.3142190507967404
470.5	0.3142755137087246
471.	0.31433191655713005
471.5	0.3143882594696625
472.	0.3144445425736254
472.5	0.31450076605933197
473.	0.3145569299264386
473.5	0.31461302743766345
474.	0.3146690726907367
474.5	0.31472505876392826
475.	0.31478098578215313
475.5	0.31483685386993154
476.	0.3148926631513921
476.5	0.314948413750268
477.	0.31500410578990606
477.5	0.31505973939326065
478.	0.3151153146829024
478.5	0.31517083178101346
479.	0.3152262908093941
479.5	0.31528169192169814
480.	0.3153370351745507
480.5	0.31539232072078455
481.	0.31544754868068053
481.5	0.31550271917414313
482.	0.31555783232070195
482.5	0.3156128882395159
483.	0.31566788704936904
483.5	0.31572283383841876
484.	0.315777718695286
484.5	0.31583254679880657
485.	0.31588731356199956
485.5	0.3159420285959591
486.	0.3159966872259663
486.5	0.31605128956824996
487.	0.31610583573868234
487.5	0.316160325852776
488.	0.31621476002568866
488.5	0.3162691383722224
489.	0.3163234610068274
489.5	0.3163777280435997
490.	0.31643193959628796
490.5	0.31648609577829
491.	0.31654019666901545
491.5	0.3165942424483886
492.	0.3166482331951908
492.5	0.316702169021438
493.	0.3167560500388055
493.5	0.3168098763586265
494.	0.31686364809189743
494.5	0.31691752921431077
495.	0.3169710282410817
495.5	0.3170246368773011
496.	0.31707819136758714
496.5	0.3171316918212596
497.	0.3171851383473079
497.5	0.31723853105439126
498.	0.3172918700508412
498.5	0.31734515544466185
499.	0.3173983873435321
499.5	0.31745156585480516
500.	0.3175046910855139
500.5	0.31755776314236694
501.	0.31761078213175287
501.5	0.3176637481597423
502.	0.3177166613320872
502.5	0.3177695217542225
503.	0.3178223295312674
503.5	0.31787508476802917
504.	0.31792778756900036
504.5	0.3179804380383618
505.	0.31803303627998536
505.5	0.31808558239743134
506.	0.318138076493955
506.5	0.3181905182051022
507.	0.3182429085673668
507.5	0.3182952721447064
508.	0.3183475602290821
508.5	0.31839979539333596
509.	0.31845195351381855
509.5	0.3185040863276292
510.	0.31855616793560615
510.5	0.3186081984382866
511.	0.3186601485017512
511.5	0.318712077185291
512.	0.31876395514661854
512.5	0.3188157824038759
513.	0.31886755889277324
513.5	0.3189192848749482
514.	0.31897096038467826
514.5	0.3190226144711705
515.	0.3190741895012695
515.5	0.3191257144153547
516.	0.31917718960707914
516.5	0.3192286145817198
517.	0.31927998973149974
517.5	0.3193313151529177
518.	0.3193825908335083
518.5	0.31943381708635943
519.	0.3194849938986597
519.5	0.319536121836818
520.	0.31958720005477237
520.5	0.31963822911746714
521.	0.31968920911946047
521.5	0.3197401401550371
522.	0.3197910223182115
522.5	0.3198418557027245
523.	0.3198926404020512
523.5	0.3199433765093952
524.	0.3199940641176925
524.5	0.32004470331961576
525.	0.3200952942075682
525.5	0.32014583687369086
526.	0.3201963314098615
526.5	0.3202467778160032
527.	0.3202971763666414
527.5	0.320347527061387
528.	0.32039782999107275
528.5	0.32044808524627316
529.	0.32049829291730586
529.5	0.32054845395767506
530.	0.32059856573512
530.5	0.32064863119551246
531.	0.32069864943039134
531.5	0.3207486205288028
532.	0.3207985445795389
532.5	0.3208484216711418
533.	0.32089825189190524
533.5	0.3209480353298706
534.	0.320997772072834
534.5	0.3210474611863022
535.	0.32109710479926284
535.5	0.3211467019792431
536.	0.32119625281305403
536.5	0.3212457573872658
537.	0.3212952157882036
537.5	0.32134462810195225
538.	0.3213939944143563
538.5	0.3214433148110193
539.	0.32149237182030993
539.5	0.3215416041214623
540.	0.3215907907108748
540.5	0.321639931673883
541.	0.3216890271589975
541.5	0.32173807712423513
542.	0.32178708171762277
542.5	0.32183604102353125
543.	0.32188495512608944
543.5	0.3219338241091908
544.	0.32198264805649013
544.5	0.32203142717148764
545.	0.32208016129742223
545.5	0.32212885063710206
546.	0.3221774952587544
546.5	0.32222609523946516
547.	0.3222746507162621
547.5	0.32232316176092846
548.	0.3223716284066793
548.5	0.3224200507589876
549.	0.32246842889918226
549.5	0.3225167629083669
550.	0.3225650528674151
550.5	0.3226132988569754
551.	0.32266150095747426
551.5	0.32270965924910866
552.	0.3227577738118568
552.5	0.3228058447254714
553.	0.3228538720694857
553.5	0.3229018559232101
554.	0.32294979636573684
554.5	0.3229976934759379
555.	0.32304554733246493
555.5	0.32309335801375727
556.	0.3231411255980331
556.5	0.32318885016329574
557.	0.32323653178733464
557.5	0.32328417054772335
558.	0.3233317665218236
558.5	0.3233793198170947
559.	0.3234268304499524
559.5	0.3234742985273318
560.	0.32352172412574653
560.5	0.323569107321503
561.	0.3236164481906981
561.5	0.32366382090465756
562.	0.3237110760187933
562.5	0.3237582890556454
563.	0.3238054600901402
563.5	0.32385258919700627
564.	0.32389967645077
564.5	0.32394672192576135
565.	0.32399372569611
565.5	0.32404068783575113
566.	0.3240876084184206
566.5	0.32413448751766094
567.	0.3241813252068168
567.5	0.3242281215590399
568.	0.3242748766472894
568.5	0.32432159054432785
569.	0.3243682633861465
569.5	0.32441489511828947
570.	0.32446148587636375
570.5	0.3245080357323682
571.	0.3245545447581114
571.5	0.32460098793701564
572.	0.3246474159271169
572.5	0.32469380329503683
573.	0.3247401501119154
573.5	0.3247864564487068
574.	0.32483272237617783
574.5	0.3248789479649088
575.	0.3249251332852958
575.5	0.32497127840754797
576.	0.3250173834016922
576.5	0.3250634483375709
577.	0.32510947328484363
577.5	0.32515545831298676
578.	0.32520140349129767
578.5	0.3252473088888894
579.	0.32529317457469725
579.5	0.3253390006174752
580.	0.3253847870857988
580.5	0.32543053404806505
581.	0.3254762415724921
581.5	0.32552190972712236
582.	0.3255675385798207
582.5	0.3256131281824372
583.	0.3256586786341778
583.5	0.32570418998652906
584.	0.3257496623066549
584.5	0.32579509566154696
585.	0.3258404901180223
585.5	0.32588584574272667
586.	0.32593116260213345
586.5	0.32597644076254567
587.	0.32602168029009454
587.5	0.32606688125074207
588.	0.32611204371028
588.5	0.32615716773433173
589.	0.3262022533883529
589.5	0.3262473007376303
590.	0.3262923098472839
590.5	0.3263372807822672
591.	0.32638221360736847
591.5	0.3264271083872091
592.	0.32647196487839547
592.5	0.3265167837590972
593.	0.32656156631158095
593.5	0.3266069844998513
594.	0.326651015048692
594.5	0.32669568289394113
595.	0.3267403131416814
595.5	0.3267849058552323
596.	0.3268294610977533
596.5	0.3268739789322446
597.	0.3269184594215455
597.5	0.32696290262833877
598.	0.3270073086151465
598.5	0.32705167744433483
599.	0.32709600917811044
599.5	0.32714030387852616
600.	0.3271845616074772
600.5	0.32722878242670245
601.	0.3272729663977873
601.5	0.3273171134850394
602.	0.32736122394330164
602.5	0.3274052977372512
603.	0.3274493349278569
603.5	0.3274933355759355
604.	0.3275372997421514
604.5	0.3275812274870186
605.	0.32762511887089957
605.5	0.3276689739540066
606.	0.3277127927964
606.5	0.3277565754579935
607.	0.3278003219985511
607.5	0.32784403247768595
608.	0.3278877074875205
608.5	0.3279313460475338
609.	0.32797494872390626
609.5	0.3280185155756641
610.	0.328062046661686
610.5	0.3281055420407044
611.	0.32814900177130907
611.5	0.32819242591194325
612.	0.3282358145209072
612.5	0.328279167656356
613.	0.3283224853763041
613.5	0.3283657677386208
614.	0.3284090148010361
614.5	0.32845222663385537
615.	0.32849540326900084
615.5	0.32853854477657807
616.	0.3285816512137534
616.5	0.3286247226375496
617.	0.32866775910485224
617.5	0.3287107606724075
618.	0.32875372739682146
618.5	0.32879665933456514
619.	0.3288395568231623
619.5	0.32888241915086475
620.	0.32892524706614673
620.5	0.328968040419265
621.	0.32901079926600413
621.5	0.32905352372543323
622.	0.3290962137262321
622.5	0.32913886938720066
623.	0.3291814928288436
623.5	0.3292240799768671
624.	0.3292666329502883
624.5	0.3293091518039558
625.	0.3293516365925851
625.5	0.3293940873707597
626.	0.3294365041929311
626.5	0.32947888710069023
627.	0.3295212361737034
627.5	0.3295635514532855
628.	0.3296058329933684
628.5	0.3296480808477532
629.	0.3296902950701123
629.5	0.3297324757128314
630.	0.32977462283162906
630.5	0.32981673647864923
631.	0.3298588167070517
631.5	0.32990086356987247
632.	0.32994287712001724
632.5	0.32998485741026823
633.	0.33002680450709326
633.5	0.3300687184353997
634.	0.3301105992614047
634.5	0.3301524470373898
635.	0.3301942618155123
635.5	0.33023604358438813
636.	0.3302777925227634
636.5	0.33031950861900794
637.	0.3303611922733415
637.5	0.33040284072546316
638.	0.33044445860740734
638.5	0.33048604385326136
639.	0.3305275965142033
639.5	0.33056911664129196
640.	0.33061060428546557
640.5	0.3306520594975419
641.	0.3306934823282196
641.5	0.3307348728280798
642.	0.3307762310475823
642.5	0.33081755703707144
643.	0.33085885085444433
643.5	0.3309001125344869
644.	0.33094134075549875
644.5	0.33098253831970387
645.	0.33102370390386937
645.5	0.3310648375576351
646.	0.33110593939394506
646.5	0.3311470093353737
647.	0.331188047494634
647.5	0.3312290539209063
648.	0.3312700286632565
648.5	0.3313109717706375
649.	0.33135188299590657
649.5	0.33139276297929476
650.	0.3314336114738896
650.5	0.33147442852819164
651.	0.33151521419058816
651.5	0.3315559685093561
652.	0.33159669183138235
652.5	0.33163738360773276
653.	0.3316780441846147
653.5	0.33171867360986146
654.	0.33175927186777604
654.5	0.33179983913280797
655.	0.3318403753890417
655.5	0.33188087969629526
656.	0.33192135407338896
656.5	0.3319617965254907
657.	0.33200220921250223
657.5	0.33204259266049774
658.	0.33208294385453024
658.5	0.33212326436939404
659.	0.33216355425172694
659.5	0.3322038135480615
660.	0.3322440423048225
660.5	0.33228424056833145
661.	0.3323244083848025
661.5	0.33236454580034525
662.	0.33240465286096266
662.5	0.3324447296125573
663.	0.3324847761009245
663.5	0.3325247923723913
664.	0.3325647784712846
664.5	0.3326047344437162
665.	0.3326446603350679
665.5	0.33268455619062
666.	0.3327244220555501
666.5	0.3327642579749327
667.	0.33280406399374274
667.5	0.33284384015614127
668.	0.3328835865083107
668.5	0.3329233030942209
669.	0.33296298995844187
669.5	0.33300264714544353
670.	0.3330422746995953
670.5	0.33308187266516803
671.	0.33312144108633274
671.5	0.33316098000716277
672.	0.3332004894716298
672.5	0.33323996952360935
673.	0.33327942014346174
673.5	0.3333188415017013
674.	0.3333582335784904
674.5	0.3333975964173163
675.	0.33343693006156416
675.5	0.33347623455452724
676.	0.33351550993939816
676.5	0.3335547562592773
677.	0.3335939735571663
677.5	0.33363316187597275
678.	0.33367232125850915
678.5	0.33371145174749306
679.	0.3337505533855461
679.5	0.33378962621519764
680.	0.33382867027888147
680.5	0.3338676856136961
681.	0.33390667227232795
681.5	0.333945630291733
682.	0.33398455971397184
682.5	0.33402346058101223
683.	0.33406233293473087
683.5	0.33410117681691004
684.	0.33413999226924196
684.5	0.33417877933332635
685.	0.33421753805067184
685.5	0.33425626846269724
686.	0.3342949706107266
686.5	0.3343336445359987
687.	0.3343722902796587
687.5	0.3344109078827624
688.	0.334449497386277
688.5	0.3344880588310777
689.	0.3345265922579525
689.5	0.3345650977076013
690.	0.3346035752206331
690.5	0.33464202483756866
691.	0.3346804465988427
691.5	0.33471884054480006
692.	0.33475720671569836
692.5	0.334795545151707
693.	0.3348338558929107
693.5	0.33487213872887184
694.	0.3349103942010144
694.5	0.33494862209808995
695.	0.3349868224598361
695.5	0.3350249953259026
696.	0.33506312875835825
696.5	0.3351012468799568
697.	0.33513933759976783
697.5	0.33517740100375476
698.	0.3352154371078857
698.5	0.3352534459513082
699.	0.3352914275730873
699.5	0.33532938201220347
700.	0.3353673093075531
700.5	0.3354052094979502
701.	0.33544308262212424
701.5	0.33548092871872326
702.	0.3355187478263099
702.5	0.3355565399833678
703.	0.33559430522829553
703.5	0.33563204359941107
704.	0.33566975513494907
704.5	0.33570743987306473
705.	0.3357450978518298
705.5	0.33578272910923634
706.	0.33582033368319475
706.5	0.335857911630864
707.	0.3358954629514387
707.5	0.3359329877018142
708.	0.3359704861535687
708.5	0.3360079578753217
709.	0.33604540313939624
709.5	0.3360828219831424
710.	0.3361202144438319
710.5	0.336157580558658
711.	0.336194920364734
711.5	0.33623223389909696
712.	0.336269521198703
712.5	0.33630678230043315
713.	0.33634401724108826
713.5	0.3363812260573938
714.	0.3364184087859953
714.5	0.3364555654634637
715.	0.33649269612629246
715.5	0.33652980081089695
716.	0.33656687955361686
716.5	0.33660393239071706
717.	0.33664095935838473
717.5	0.336677960492731
718.	0.3367149358297929
718.5	0.33675188540553114
719.	0.33678880925583055
719.5	0.3368257096780405
720.	0.3368625821624494
720.5	0.33689943002107736
721.	0.3369362513146979
721.5	0.33697304706104714
722.	0.33700981634114396
722.5	0.3370465611027436
723.	0.33708327822408557
723.5	0.33711997214799344
724.	0.3371566407012301
724.5	0.3371932839596711
725.	0.3372299018766319
725.5	0.33726649452792123
726.	0.3373030619483937
726.5	0.3373396041753688
727.	0.3373761212385334
727.5	0.33741261317501337
728.	0.3374490800193767
728.5	0.33748552180611907
729.	0.33752193856966545
729.5	0.337558330344371
730.	0.33759469716451723
730.5	0.33763103906431835
731.	0.33766735607791676
731.5	0.33770364823938426
732.	0.33773991558272337
732.5	0.33777615814186696
733.	0.3378123759506774
733.5	0.33784856904294797
734.	0.33788473745240416
734.5	0.33792088121270125
735.	0.3379570003574245
735.5	0.3379930949200934
736.	0.33802916493415525
736.5	0.3380652112576192
737.	0.33810123227060745
737.5	0.3381372288349222
738.	0.33817320098374315
738.5	0.33820914875017916
739.	0.3382450721672736
739.5	0.33828097126800266
740.	0.3383168460852748
740.5	0.33835269665193174
741.	0.3383885230007496
741.5	0.3384243259068006
742.	0.33846010391401365
742.5	0.3384958578013112
743.	0.33853158760120533
743.5	0.3385672933461413
744.	0.3386029750684978
744.5	0.33863863280059053
745.	0.33867426657466787
745.5	0.3387098764229144
746.	0.3387454623774493
746.5	0.338781024470327
747.	0.3388165627335382
747.5	0.3388520771990083
748.	0.3388875678985993
748.5	0.3389230348641087
749.	0.33895847812727004
749.5	0.33899389771975463
750.	0.3390292936731681
750.5	0.33906466601905483
751.	0.33910001478889396
751.5	0.3391353400141035
752.	0.3391706417260382
752.5	0.33920591995599025
753.	0.3392411747351888
753.5	0.3392764060948012
754.	0.3393116140659322
754.5	0.33934679867962464
755.	0.33938195996686044
755.5	0.3394170979585584
756.	0.3394522126855784
756.5	0.33948730417871503
757.	0.33952237246870565
757.5	0.33955741758622465
758.	0.3395924395618857
758.5	0.33962743854745087
759.	0.33966241433113076
759.5	0.3396973670644312
760.	0.33973229677772443
760.5	0.3397672035013226
761.	0.3398020872654783
761.5	0.33983694810038345
762.	0.33987178603617196
762.5	0.3399066011029172
763.	0.33994139333063345
763.5	0.3399761627492761
764.	0.3400109093887411
764.5	0.34004563327886705
765.	0.3400803344494321
765.5	0.3401150129301569
766.	0.34014966875070385
766.5	0.3401843019406767
767.	0.34021891252962233
767.5	0.3402535005470281
768.	0.34028806602232464
768.5	0.34032260898488487
769.	0.340357129464025
769.5	0.3403916274890023
770.	0.34042610308901766
770.5	0.3404605562932164
771.	0.3404949871306856
771.5	0.34052939563045626
772.	0.3405637818215014
772.5	0.3405981457327392
773.	0.34063248739303226
773.5	0.34066680683118516
774.	0.3407011040759478
774.5	0.3407353791560135
775.	0.3407696321000214
775.5	0.3408038629365533
776.	0.3408380716941371
776.5	0.34087225840124513
777.	0.3409064230862928
777.5	0.34094056577764376
778.	0.34097468650360524
778.5	0.34100878529242806
779.	0.341042862492478
779.5	0.34107691749297603
780.	0.3411109506407691
780.5	0.3411449632847873
781.	0.3411789528284075
781.5	0.3412129206031295
782.	0.3412468666368276
782.5	0.34128079095732144
783.	0.3413146935923784
783.5	0.34134857456971196
784.	0.3413824339169833
784.5	0.3414162716617999
785.	0.34145008781403086
785.5	0.341483882436622
786.	0.341517655539265
786.5	0.34155140714935756
787.	0.3415851372942449
787.5	0.34161884600121895
788.	0.3416525332975198
788.5	0.34168619921033744
789.	0.3417198437668075
789.5	0.3417534669940163
790.	0.3417870689189972
790.5	0.34182061123441115
791.	0.34185417066388063
791.5	0.3418877088562625
792.	0.34192122584141216
792.5	0.3419547216737269
793.	0.3419881963661189
793.5	0.3420216499590709
794.	0.3420550824515813
794.5	0.3420884938678628
795.	0.3421219224571139
795.5	0.3421552918272114
796.	0.3421886402155134
796.5	0.34222196764839763
797.	0.3422552741521904
797.5	0.34228855975316713
798.	0.3423218244775553
798.5	0.34235506835153223
799.	0.342388291401227
799.5	0.34242149365271907
800.	0.3424546751320374
800.5	0.3424878358651653
801.	0.342520975878035
801.5	0.34255409519652974
802.	0.34258719384648645
802.5	0.3426202718536913
803.	0.34265332924388436
803.5	0.3426863660427569
804.	0.34271938227595045
804.5	0.34275237796906083
805.	0.34278535314763575
805.5	0.34281830783717393
806.	0.3428512420136916
806.5	0.34288415484896295
807.	0.34291704821878444
807.5	0.3429500640659825
808.	0.342982910748152
808.5	0.3430156061045774
809.	0.34304841807600506
809.5	0.3430812097607577
810.	0.34311400777424905
810.5	0.3431467590651423
811.	0.3431794901440357
811.5	0.34321220106351097
812.	0.3432448647604263
812.5	0.34327753525009963
813.	0.34331018562765786
813.5	0.3433428159178523
814.	0.34337542614539235
814.5	0.3434080163349382
815.	0.3434405865111062
815.5	0.34347313669846774
816.	0.3435056658076076
816.5	0.34353817608709447
817.	0.3435706664512795
817.5	0.3436031369245527
818.	0.34363558753126006
818.5	0.34366801829570265
819.	0.3437004292421359
819.5	0.3437328203947735
820.	0.34376519177778103
820.5	0.3437975434152826
821.	0.34382987533135767
821.5	0.3438621875500402
822.	0.34389448009532264
822.5	0.3439267529911508
823.	0.34395900626142933
823.5	0.34399123993001834
824.	0.3440234540207336
824.5	0.3440556485573487
825.	0.34408779914291215
825.5	0.34411995483064617
826.	0.34415209103418876
826.5	0.34418420777714603
827.	0.34421630508307766
827.5	0.3442483829755036
828.	0.3442804414778998
828.5	0.3443124806136992
829.	0.3443445004062943
829.5	0.3443765008790325
830.	0.3444084820552215
830.5	0.34444044395812484
831.	0.3444723866247773
831.5	0.3445043100507357
832.	0.34453621427294995
832.5	0.34456809931451865
833.	0.3445999651984949
833.5	0.34463181194789416
834.	0.3446636395856879
834.5	0.34469544813480685
835.	0.3447272376181414
835.5	0.3447590080585403
836.	0.34479075947881194
836.5	0.3448224919017209
837.	0.3448542053499945
837.5	0.3448858998463173
838.	0.34491757541333334
838.5	0.34494923207364797
839.	0.34498086984982335
839.5	0.34501248876438234
840.	0.34504408883980886
840.5	0.3450756700985449
841.	0.3451072325629931
841.5	0.345138776255516
842.	0.3451703011984363
842.5	0.3452018074140379
843.	0.3452332949245628
843.5	0.34526476375221465
844.	0.34529618833586523
844.5	0.3453276201087829
845.	0.34535905828519675
845.5	0.3453904525269775
846.	0.34542182827176837
846.5	0.34545318546608245
847.	0.345484524131849
847.5	0.34551584429095716
848.	0.34554714596526037
848.5	0.3455784291765696
849.	0.3456096939466602
849.5	0.3456409402972673
850.	0.34567216825008806
850.5	0.34570335527698715
851.	0.34573454671784115
851.5	0.3457657198238757
852.	0.3457968746294666
852.5	0.34582801113056605
853.	0.34585912936140756
853.5	0.3458902293434355
854.	0.3459213110980562
854.5	0.3459523746466394
855.	0.3459834200105156
855.5	0.34601444721097985
856.	0.34604545626928823
856.5	0.34607644721921915
857.	0.3461074200568567
857.5	0.34613837481588416
858.	0.34616931151740915
858.5	0.34620023018250423
859.	0.34623113083220153
859.5	0.34626201348749924
860.	0.34629287816935833
860.5	0.34632372489870145
861.	0.34635455369641693
861.5	0.3463853645833557
862.	0.3464161575803317
862.5	0.34644693242697633
863.	0.3464776897055298
863.5	0.34650842915634683
864.	0.34653915059280804
864.5	0.3465698544493482
865.	0.34660054054005535
865.5	0.3466312088854907
866.	0.34666185950618167
866.5	0.34669249242261807
867.	0.3467231076552572
867.5	0.3467537052245166
868.	0.34678428515078336
868.5	0.3468148474544048
869.	0.3468453921556949
869.5	0.346875919274934
870.	0.34690642883236517
870.5	0.3469369208481974
871.	0.34696739534260435
871.5	0.34699785233572567
872.	0.3470282918476657
872.5	0.3470587138984935
873.	0.34708911850824553
873.5	0.34711950569692096
874.	0.3471498754844875
874.5	0.34718022789087577
875.	0.3472105629359853
875.5	0.34724088063967784
876.	0.34727118102178295
876.5	0.3473014641020975
877.	0.3473317299003808
877.5	0.3473619784363618
878.	0.34739220972973395
878.5	0.3474224238001568
879.	0.34745262066725735
879.5	0.3474828003506285
880.	0.3475129628698293
880.5	0.3475431082443853
881.	0.3475732364937896
881.5	0.34760334763750095
882.	0.3476334416949466
882.5	0.3476635186855179
883.	0.3476935786285762
883.5	0.34772362154344844
884.	0.34775364744942794
884.5	0.3477836563657766
885.	0.34781364831172273
885.5	0.3478436233064624
886.	0.3478735813691596
886.5	0.34790352251894346
887.	0.3479334467749142
887.5	0.3479633541561367
888.	0.34799324468164505
888.5	0.3480231183704395
889.	0.34805297524149204
889.5	0.34808281531373775
890.	0.3481126386060821
890.5	0.34814244513740006
891.	0.3481722349265303
891.5	0.3482020079922847
892.	0.3482317643534404
892.5	0.34826150402874345
893.	0.34829122703690896
893.5	0.3483209333966197
894.	0.34835062312652804
894.5	0.34838029624525346
895.	0.3484099527713859
895.5	0.3484395927234831
896.	0.34846921612007187
896.5	0.3484988229796468
897.	0.348528413320673
897.5	0.34855798716158476
898.	0.3485875445207844
898.5	0.3486170854166437
899.	0.3486466098675047
899.5	0.3486761178916764
900.	0.3487056095074401
900.5	0.3487350847330446
901.	0.3487645435867091
901.5	0.3487939860866226
902.	0.3488234122509415
902.5	0.3488528220977955
903.	0.3488822156452818
903.5	0.3489115929114681
904.	0.3489409539143914
904.5	0.3489702986720597
905.	0.3489996272024494
905.5	0.34902893952351116
906.	0.34905823562861904
906.5	0.3490875155847766
907.	0.3491167793852691
907.5	0.34914602704792586
908.	0.3491752585905461
908.5	0.3492044740308995
909.	0.34923367338672645
909.5	0.3492628566757391
910.	0.34929202391561764
910.5	0.3493211751240164
911.	0.34935031031855845
911.5	0.34937942951683754
912.	0.34940853273642
912.5	0.34943761999484185
913.	0.3494666913096109
913.5	0.34949574669820516
914.	0.3495247861780756
914.5	0.349553809766643
915.	0.34958281748129966
915.5	0.3496118093394102
916.	0.3496407853583108
916.5	0.3496697569558483
917.	0.34969870123178615
917.5	0.34972762972145005
918.	0.349756542442052
918.5	0.34978543941077794
919.	0.3498143206447834
919.5	0.3498431861611981
920.	0.34987203597712163
920.5	0.34990087010962806
921.	0.34992968857576107
921.5	0.34995849139253804
922.	0.349987278576949
922.5	0.3500160501578508
923.	0.3500448061287414
923.5	0.35007354651807115
924.	0.3501022713427182
924.5	0.350130980619535
925.	0.3501596743653459
925.5	0.3501883525969476
926.	0.3502170153311107
926.5	0.35024566258457684
927.	0.3502742943740631
927.5	0.350302910716257
928.	0.3503315116278203
928.5	0.35036009712538746
929.	0.35038866722556594
929.5	0.35041722194493774
930.	0.35044576130005506
930.5	0.3504742853074472
931.	0.35050279398361384
931.5	0.3505312873450296
932.	0.3505597654081412
932.5	0.3505882281893702
933.	0.3506166757051124
933.5	0.3506451079717343
934.	0.35067352500557913
934.5	0.35070192682296175
935.	0.3507303134401721
935.5	0.35075868487347367
936.	0.35078704113910336
936.5	0.35081538225327297
937.	0.35084370823216743
937.5	0.35087201909194626
938.	0.3509003148546205
938.5	0.35092859552462746
939.	0.35095611841488844
939.5	0.35098511240491076
940.	0.3510133479072332
940.5	0.3510415691823671
941.	0.3510697746518651
941.5	0.3510979651305969
942.	0.35112614063449316
942.5	0.35115430117945573
943.	0.351182446781363
943.5	0.35121057745606843
944.	0.3512386932193996
944.5	0.35126679408715833
945.	0.3512948800751227
945.5	0.3513229512653151
946.	0.3513510075409673
946.5	0.3513790489840057
947.	0.3514070756101089
947.5	0.3514350874349295
948.	0.35146308444512514
948.5	0.3514910667357593
949.	0.3515190342718423
949.5	0.3515469870689291
950.	0.3515749251425467
950.5	0.351602848508201
951.	0.35163075718137043
951.5	0.35165865117751044
952.	0.35168653051205273
952.5	0.3517143952004024
953.	0.35174224525794273
953.5	0.3517700807000317
954.	0.35179790154200313
954.5	0.351825707799168
955.	0.3518534994868095
955.5	0.35188127662019114
956.	0.3519090392779682
956.5	0.3519367873485187
957.	0.3519645209104506
957.5	0.35199223997892964
958.	0.3520199445690981
958.5	0.35204763469607475
959.	0.35207531037495576
959.5	0.3521029716208103
960.	0.3521306184486879
960.5	0.3521582508736119
961.	0.35218586901599686
961.5	0.35221347268123554
962.	0.35224106198845645
962.5	0.35226863695259
963.	0.35229619758854275
963.5	0.3523237439111992
964.	0.3523512759354211
964.5	0.35237879367604646
965.	0.35240629714788874
965.5	0.3524337863657391
966.	0.3524612614077862
966.5	0.3524887221619393
967.	0.3525161687063388
967.5	0.35254360105568533
968.	0.3525710192246554
968.5	0.35259842322790413
969.	0.3526258130800639
969.5	0.3526531887957424
970.	0.35268055038952595
970.5	0.3527078978759809
971.	0.3527352312696467
971.5	0.3527625505850419
972.	0.352789855836665
972.5	0.35281714703898903
973.	0.35284442420646533
973.5	0.3528716873535246
974.	0.3528989364945732
974.5	0.3529261716439976
975.	0.3529533928161583
975.5	0.35298059994754943
976.	0.35300779320813847
976.5	0.35303497253442145
977.	0.3530621379406733
977.5	0.35308928944114754
978.	0.35311642705007384
978.5	0.35314355078166293
979.	0.35317066065010105
979.5	0.3531977566695547
980.	0.35322483885416767
980.5	0.3532519072180614
981.	0.3532789617753371
981.5	0.35330600254007394
982.	0.35333302952632967
982.5	0.35336004274814037
983.	0.3533870422195202
983.5	0.35341402795446275
984.	0.3534409999669399
984.5	0.3534679582709022
985.	0.35349490609438
985.5	0.3535218338089792
986.	0.35354875107088873
986.5	0.35357565467987406
987.	0.3536025446497788
987.5	0.3536294209944281
988.	0.35365628372762403
988.5	0.35368313286314795
989.	0.35370996841476093
989.5	0.35373679039620354
990.	0.35376359882119357
990.5	0.3537903937034305
991.	0.35381717505659116
991.5	0.35384394289433274
992.	0.3538706972302912
992.5	0.3538974380780816
993.	0.35392416545130106
993.5	0.35395087937097647
994.	0.3539775798358012
994.5	0.3540042668667158
995.	0.35403094047723227
995.5	0.3540576006808438
996.	0.35408424749102246
996.5	0.35411088092122
997.	0.3541375009848683
997.5	0.35416410769538
998.	0.3541907010661445
998.5	0.3542172811105344
999.	0.3542438476680895
999.5	0.3542704010990168
1000.	0.3542969412435624
1000.5	0.354323468115016
1001.	0.35434998172665094
1001.5	0.3543764820917172
1002.	0.35440297252200376
1002.5	0.3544294464381249
1003.	0.3544559071388479
1003.5	0.35448235465408534
1004.	0.35450878898864413
1004.5	0.3545352101556564
1005.	0.3545616181682352
1005.5	0.35458801303947457
1006.	0.3546143947824482
1006.5	0.3546407634102098
1007.	0.3546671189357951
1007.5	0.3546934613722195
1008.	0.3547197907324791
1008.5	0.3547461070295506
1009.	0.3547724102763919
1009.5	0.3547987004859404
1010.	0.3548249762500895
1010.5	0.3548512404404329
1011.	0.35487749060476187
1011.5	0.35490372775925394
1012.	0.35492995298181584
1012.5	0.3549561652442248
1013.	0.3549823645592865
1013.5	0.3550085509397893
1014.	0.3550347244123119
1014.5	0.3550608849619812
1015.	0.35508703261533875
1015.5	0.3551131673850966
1016.	0.35513928928394756
1016.5	0.3551653983245651
1017.	0.35519149452937593
1017.5	0.35521757789152425
1018.	0.3552436484333495
1018.5	0.3552697061674512
1019.	0.35529575110641054
1019.5	0.355321782919734
1020.	0.35534779893107743
1020.5	0.3553738055563706
1021.	0.35539979943672817
1021.5	0.3554257805846402
1022.	0.3554517490455403
1022.5	0.3554777047659226
1023.	0.35550364779121396
1023.5	0.3555295781338289
1024.	0.3555554958061643
1024.5	0.35558140082060025
1025.	0.35560729318949624
1025.5	0.35563317292519575
1026.	0.3556590400400236
1026.5	0.355684894546285
1027.	0.35571073645627005
1027.5	0.35573656578224866
1028.	0.35576238253647313
1028.5	0.3557881867311787
1029.	0.3558139783785819
1029.5	0.3558397574908818
1030.	0.3558655240802596
1030.5	0.3558912781588799
1031.	0.35591701973888634
1031.5	0.3559427488324094
1032.	0.35596846545155747
1032.5	0.3559941696084244
1033.	0.35601986132639796
1033.5	0.3560455405949573
1034.	0.3560712074374087
1034.5	0.35609686186577416
1035.	0.35612250389205935
1035.5	0.3561481335282515
1036.	0.3561737507863218
1036.5	0.35619935567822275
1037.	0.3562249482158902
1037.5	0.35625052841124205
1038.	0.3562760962761803
1038.5	0.3563016518225884
1039.	0.35632719506233435
1039.5	0.3563527260072652
1040.	0.3563782446692164
1040.5	0.35640375106000205
1041.	0.3564292451914199
1041.5	0.3564547270752532
1042.	0.35648019672326475
1042.5	0.35650565414720214
1043.	0.35653109935879695
1043.5	0.35655653236976154
1044.	0.3565819531917939
1044.5	0.35660736183657277
1045.	0.3566327583157622
1045.5	0.3566581426410086
1046.	0.3566835148239413
1046.5	0.3567088748761726
1047.	0.35673422280930067
1047.5	0.3567595586349039
1048.	0.35678488236454536
1048.5	0.3568101940097725
1049.	0.35683549358211447
1049.5	0.3568607810930852
1050.	0.35688605655418176
1050.5	0.35691131997688424
1051.	0.3569365713726574
1051.5	0.3569618107529488
1052.	0.3569870176958771
1052.5	0.3570122332115922
1053.	0.3570374367453708
1053.5	0.3570626283085991
1054.	0.357087807912645
1054.5	0.3571129755688603
1055.	0.35713813128858307
1055.5	0.3571632750831322
1056.	0.3571884069638135
1056.5	0.3572135269419137
1057.	0.3572386350287052
1057.5	0.3572637312354442
1058.	0.35728881557337155
1058.5	0.35731388805370984
1059.	0.3573389486876694
1059.5	0.3573639974864403
1060.	0.35738903446120107
1060.5	0.3574140596231112
1061.	0.35743907298331606
1061.5	0.3574640745529447
1062.	0.3574890643431108
1062.5	0.35751404236491147
1063.	0.35753900862942967
1063.5	0.35756396314773076
1064.	0.35758890593086645
1064.5	0.3576138369898714
1065.	0.3576387563357651
1065.5	0.3576636639795517
1066.	0.35768855993222104
1066.5	0.3577134442047444
1067.	0.35773831680808016
1067.5	0.3577631777531708
1068.	0.35778802705094304
1068.5	0.35781286471230866
1069.	0.3578376907481641
1069.5	0.35786250516938944
1070.	0.3578873079868507
1070.5	0.35791209921139844
1071.	0.35793687885386816
1071.5	0.3579616469250787
1072.	0.3579864016622911
1072.5	0.3580111466159876
1073.	0.35803588003079834
1073.5	0.35806060188356864
1074.	0.3580853122528407
1074.5	0.35811001111546087
1075.	0.35813469848214313
1075.5	0.3581593743635886
1076.	0.35818403877048105
1076.5	0.35820869171349073
1077.	0.3582333332032721
1077.5	0.3582579632504656
1078.	0.3582825818518847
1078.5	0.3583071890457638
1079.	0.3583317848288855
1079.5	0.3583563692118322
1080.	0.3583809422051692
1080.5	0.35840550381944913
1081.	0.3584300540652079
1081.5	0.3584545929529689
1082.	0.35847912050704966
1082.5	0.3585036367103215
1083.	0.3585281415870746
1083.5	0.3585526351477715
1084.	0.3585771174028641
1084.5	0.35860158836278594
1085.	0.3586260480379575
1085.5	0.3586504964387859
1086.	0.3586749335756621
1086.5	0.3586993594937051
1087.	0.35872377413382794
1087.5	0.35874817754108834
1088.	0.3587725717337871
1088.5	0.3587969527135431
1089.	0.3588213225262926
1089.5	0.35884568111255577
1090.	0.3588700285174802
1090.5	0.35889436475132874
1091.	0.35891868982435143
1091.5	0.3589430037467828
1092.	0.35896730652884346
1092.5	0.358991598180741
1093.	0.3590158787126691
1093.5	0.3590401481348059
1094.	0.3590644064573168
1094.5	0.35908865369035314
1095.	0.35911288984405176
1095.5	0.3591371149285355
1096.	0.35916132895391417
1096.5	0.35918553193028413
1097.	0.35920972386772626
1097.5	0.3592339047763084
1098.	0.359258074666085
1098.5	0.3592822335470974
1099.	0.359306381429371
1099.5	0.35933051832291946
1100.	0.35935464423774194
1100.5	0.35937875918382434
1101.	0.3594028631711375
1101.5	0.35942695620964227
1102.	0.359451038309282
1102.5	0.3594751094799883
1103.	0.3594991697316792
1103.5	0.3595232190742593
1104.	0.35954725751761896
1104.5	0.3595712850716356
1105.	0.35959530174617366
1105.5	0.3596193075510832
1106.	0.3596433024962027
1106.5	0.3596672865913543
1107.	0.3596912598463499
1107.5	0.35971522227098596
1108.	0.3597391738750472
1108.5	0.35976311466830363
1109.	0.3597870446605126
1109.5	0.35981096386141953
1110.	0.3598348722807543
1110.5	0.3598587699282358
1111.	0.35988265681356785
1111.5	0.3599065329464429
1112.	0.3599303983365396
1112.5	0.35995425299352235
1113.	0.3599780969270455
1113.5	0.36000193014674675
1114.	0.360025752662253
1114.5	0.36004956448317904
1115.	0.3600733656191238
1115.5	0.3600971560796755
1116.	0.360120935874409
1116.5	0.36014470501288615
1117.	0.3601684635046558
1117.5	0.3601922113592542
1118.	0.3602159485862041
1118.5	0.360239675195017
1119.	0.3602633911951912
1119.5	0.3602870965962095
1120.	0.3603107914075463
1120.5	0.3603344756386599
1121.	0.36035814929899795
1121.5	0.360381812397995
1122.	0.3604054645100888
1122.5	0.3604291065151995
1123.	0.36045273798720334
1123.5	0.3604763589354819
1124.	0.3604999693694092
1124.5	0.3605235692983413
1125.	0.3605471587316274
1125.5	0.36057073767859915
1126.	0.3605943061485788
1126.5	0.36061786415087516
1127.	0.3606414116947855
1127.5	0.3606649487895933
1128.	0.3606884754445708
1128.5	0.3607119916689771
1129.	0.36073549747206035
1129.5	0.3607589928630541
1130.	0.36078247785118234
1130.5	0.3608059524456553
1131.	0.36082941662671975
1131.5	0.36085287046143366
1132.	0.3608763139300509
1132.5	0.36089974704173033
1133.	0.360923169805624
1133.5	0.36094658223086845
1134.	0.3609699843265892
1134.5	0.360993376101898
1135.	0.3610167575658979
1135.5	0.36104012872767666
1136.	0.3610634895963121
1136.5	0.36108684018086845
1137.	0.3611101804903988
1137.5	0.3611335105339454
1138.	0.36115683032053575
1138.5	0.3611801398591881
1139.	0.3612034391589083
1139.5	0.36122672863038147
1140.	0.3612500074395704
1140.5	0.3612732760754972
1141.	0.3612965345083892
1141.5	0.361319782747192
1142.	0.3613430208008406
1142.5	0.3613662486782575
1143.	0.36138946638835456
1143.5	0.3614126739400303
1144.	0.3614358713421718
1144.5	0.36145905860365657
1145.	0.36148223573334715
1145.5	0.3615054027400977
1146.	0.3615285596327488
1146.5	0.36155170642012957
1147.	0.3615748431110591
1147.5	0.36159796971434155
1148.	0.361621086238774
1148.5	0.36164419269313874
1149.	0.3616672890862087
1149.5	0.36169037542674337
1150.	0.36171345172349206
1150.5	0.36173651798519174
1151.	0.36175957422056976
1151.5	0.36178262042623666
1152.	0.3618056566349891
1152.5	0.3618286828435294
1153.	0.36185169906053916
1153.5	0.3618747052946869
1154.	0.3618977015546315
1154.5	0.36192068784902043
1155.	0.36194366418648743
1155.5	0.36196663057565887
1156.	0.3619895870251472
1156.5	0.3620125335435546
1157.	0.3620354701394718
1157.5	0.3620583968214788
1158.	0.3620813135981434
1158.5	0.3621042204780247
1159.	0.36212711746966825
1159.5	0.362150004581609
1160.	0.3621728818223715
1160.5	0.36219574920046943
1161.	0.3622186067244047
1161.5	0.3622414544026684
1162.	0.3622642922437412
1162.5	0.36228712025609217
1163.	0.36230993844818044
1163.5	0.362332746828452
1164.	0.36235554540534476
1164.5	0.3623783341872834
1165.	0.36240111318268353
1165.5	0.3624238823999491
1166.	0.3624466418474728
1166.5	0.36246939153363694
1167.	0.36249213146681347
1167.5	0.36251486165536334
1168.	0.3625375821076362
1168.5	0.3625602928319715
1169.	0.3625829938366981
1169.5	0.3626056851301327
1170.	0.36262836672058474
1170.5	0.3626510386163483
1171.	0.3626737008257115
1171.5	0.36269635335694794
1172.	0.3627189962183232
1172.5	0.3627416294180915
1173.	0.36276425296449527
1173.5	0.36278686686576933
1174.	0.3628094711301342
1174.5	0.3628320657658029
1175.	0.3628546507809768
1175.5	0.36287722618384666
1176.	0.3628997919825941
1176.5	0.36292235008819035
1177.	0.3629448967532513
1177.5	0.36296743378287105
1178.	0.3629899612409828
1178.5	0.3630124791357158
1179.	0.36303498747518764
1179.5	0.36305748626750656
1180.	0.3630799755207702
1180.5	0.36310245524306617
1181.	0.3631249254424709
1181.5	0.3631473861270513
1182.	0.36316983730486435
1182.5	0.36319227898395634
1183.	0.3632147111723626
1183.5	0.36323713387810963
1184.	0.3632595471092134
1184.5	0.3632819508852358
1185.	0.36330434519106786
1185.5	0.36332673004624266
1186.	0.3633491054587351
1186.5	0.3633714714365103
1187.	0.3633938279875233
1187.5	0.36341617511971813
1188.	0.3634385128410317
1188.5	0.36346084115938654
1189.	0.3634831600572409
1189.5	0.3635054695934055
1190.	0.36352776975032614
1190.5	0.3635500605358888
1191.	0.36357234195796767
1191.5	0.3635946140244286
1192.	0.3636168767431255
1192.5	0.3636391301219052
1193.	0.36366137416860156
1193.5	0.3636836088910407
1194.	0.36370583429703807
1194.5	0.3637280503943998
1195.	0.363750257190921
1195.5	0.3637724546943897
1196.	0.3637946429125801
1196.5	0.3638168218532605
1197.	0.36383899152418714
1197.5	0.36386115193310675
1198.	0.3638833030877582
1198.5	0.3639054449958677
1199.	0.36392757766515427
1199.5	0.3639497011033261
1200.	0.36397181531808154
1200.5	0.3639939203171109
1201.	0.36401601610809237
1201.5	0.36403810269869635
1202.	0.36406018009658414
1202.5	0.364082248133226
1203.	0.3641043071877097
1203.5	0.36412635707235036
1204.	0.36414839779476954
1204.5	0.36417042936258054
1205.	0.36419245178338483
1205.5	0.3642144650647775
1206.	0.364236469214342
1206.5	0.36425846423965164
1207.	0.3642804501482738
1207.5	0.3643024269477631
1208.	0.3643243946456654
1208.5	0.36434635324951875
1209.	0.36436830275303855
1209.5	0.36439024319136515
1210.	0.3644121745581982
1210.5	0.36443409686103523
1211.	0.364456010107368
1211.5	0.36447791430467663
1212.	0.36449980946043364
1212.5	0.3645216955821008
1213.	0.3645435726771319
1213.5	0.3645654407529702
1214.	0.3645872998170515
1214.5	0.3646091498768013
1215.	0.3646309909396362
1215.5	0.36465282301296303
1216.	0.36467464610417893
1216.5	0.3646964602206756
1217.	0.3647182653698305
1217.5	0.3647400615590155
1218.	0.36476184879559254
1218.5	0.3647836270869134
1219.	0.3648053964403225
1219.5	0.36482715686315403
1220.	0.36484890836273354
1220.5	0.364870650946377
1221.	0.3648923846213933
1221.5	0.3649141093950799
1222.	0.364935825274727
1222.5	0.3649575322676142
1223.	0.36497923038101404
1223.5	0.36500091961500725
1224.	0.36502259999128506
1224.5	0.3650442715098377
1225.	0.36506593417789984
1225.5	0.3650875880165186
1226.	0.36510923300527376
1226.5	0.3651308691651932
1227.	0.36515249650347886
1227.5	0.36517411502732117
1228.	0.3651957247439049
1228.5	0.365217325660403
1229.	0.3652389177839821
1229.5	0.3652605011217977
1230.	0.36528207568099846
1230.5	0.3653036414687238
1231.	0.3653251984921049
1231.5	0.3653467467582629
1232.	0.3653682862743115
1232.5	0.3653898170473544
1233.	0.36541133908448775
1233.5	0.3654328523927999
1234.	0.36545435697936834
1234.5	0.36547585285126466
1235.	0.3654973400155484
1235.5	0.3655188184792733
1236.	0.36554028824948354
1236.5	0.36556174933321495
1237.	0.36558320173749503
1237.5	0.36560464546934207
1238.	0.36562608053576723
1238.5	0.36564750694377024
1239.	0.36566892470034584
1239.5	0.36569033381247756
1240.	0.3657117342871424
1240.5	0.36573312614512044
1241.	0.36575450936574666
1241.5	0.36577588396978394
1242.	0.3657972499641759
1242.5	0.36581860735585525
1243.	0.3658399561517487
1243.5	0.36586129635877307
1244.	0.3658826279838381
1244.5	0.3659039586847384
1245.	0.36592527316518014
1245.5	0.36594657908427336
1246.	0.36596787643487755
1246.5	0.36598916525189484
1247.	0.3660104455281669
1247.5	0.3660317172705444
1248.	0.36605298049988794
1248.5	0.36607423519499677
1249.	0.36609548137671477
1249.5	0.36611671906567966
1250.	0.3661379405953278
1250.5	0.36615916127986897
1251.	0.3661803734783084
1251.5	0.36620157719743157
1252.	0.36622277244401624
1252.5	0.36624395922483044
1253.	0.36626513754663675
1253.5	0.3662863074161868
1254.	0.36630746884022597
1254.5	0.3663286218254917
1255.	0.3663497663787121
1255.5	0.3663709025066076
1256.	0.3663920302158919
1256.5	0.36641314951326864
1257.	0.366434260405435
1257.5	0.3664553628990797
1258.	0.3664764570008828
1258.5	0.36649754272212454
1259.	0.36651862005114716
1259.5	0.3665396890175268
1260.	0.3665607496187089
1260.5	0.36658180186133343
1261.	0.3666028457520344
1261.5	0.36662388129743645
1262.	0.3666449085041569
1262.5	0.3666659273788051
1263.	0.3666869379279828
1263.5	0.3667079401582834
1264.	0.3667288884757235
1264.5	0.3667498740491281
1265.	0.36677085132912546
1265.5	0.3667918203118617
1266.	0.36681278101440334
1266.5	0.3668337334380637
1267.	0.3668546775893823
1267.5	0.36687561348036346
1268.	0.366896541106631
1268.5	0.3669174604801259
1269.	0.3669383716129745
1269.5	0.3669593185633956
1270.	0.3669802132336621
1270.5	0.3670010996766112
1271.	0.36702197789872065
1271.5	0.36704284790645914
1272.	0.3670637097062901
1272.5	0.3670845633046671
1273.	0.36710540870803804
1273.5	0.36712624592284154
1274.	0.36714707495550924
1274.5	0.3671678958124659
1275.	0.3671886719076559
1275.5	0.3672094766009055
1276.	0.3672302731370878
1276.5	0.367251061522596
1277.	0.36727184176381794
1277.5	0.36729261386713374
1278.	0.3673133778389145
1278.5	0.36733413368552614
1279.	0.3673548814133254
1279.5	0.36737562102866267
1280.	0.3673963525378789
1280.5	0.3674170759473114
1281.	0.36743779126328574
1281.5	0.36745849849212336
1282.	0.3674791976401363
1282.5	0.36749988871363015
1283.	0.3675205717189038
1283.5	0.3675412466622463
1284.	0.367561913549942
1284.5	0.3675825723882664
1285.	0.36760322318348854
1285.5	0.36762386593510293
1286.	0.36764450066294724
1286.5	0.3676651273664519
1287.	0.3676857460518551
1287.5	0.36770635672539026
1288.	0.3677269593932818
1288.5	0.36774755406174786
1289.	0.36776814073699793
1289.5	0.3677887194252368
1290.	0.36780929013265856
1290.5	0.36782985286545344
1291.	0.36785040762980253
1291.5	0.3678709544318801
1292.	0.3678914932778546
1292.5	0.3679120241738853
1293.	0.36793254712612505
1293.5	0.36795306214071966
1294.	0.36797356922380803
1294.5	0.3679940683815218
1295.	0.3680145596199857
1295.5	0.3680350429453165
1296.	0.3680555183636261
1296.5	0.36807598588101537
1297.	0.36809644550358245
1297.5	0.3681168972374159
1298.	0.36813734108859775
1298.5	0.3681577770632033
1299.	0.3681782051672999
1299.5	0.3681986254069494
1300.	0.3682190377882063
1300.5	0.36823944231711675
1301.	0.3682598389997211
1301.5	0.36828022784205294
1302.	0.3683006088501382
1302.5	0.36832098202999586
1303.	0.3683413473876386
1303.5	0.3683617049290723
1304.	0.36838205466029406
1304.5	0.3684023965872975
1305.	0.3684227307160661
1305.5	0.3684430570525776
1306.	0.3684633756028032
1306.5	0.3684836863727079
1307.	0.36850398936824724
1307.5	0.3685242845953729
1308.	0.36854457206002866
1308.5	0.3685648517681505
1309.	0.3685851237256694
1309.5	0.3686053879385077
1310.	0.368625644412582
1310.5	0.36864589315380253
1311.	0.3686661341680715
1311.5	0.3686863674612852
1312.	0.36870659303933345
1312.5	0.36872681090809906
1313.	0.36874702107345664
1313.5	0.3687672235412772
1314.	0.36878741831742123
1314.5	0.36880760540774665
1315.	0.36882778481810197
1315.5	0.368847956554329
1316.	0.3688681206222637
1316.5	0.3688882770277366
1317.	0.36890842577656807
1317.5	0.36892856687457515
1318.	0.3689487003275678
1318.5	0.3689688261413476
1319.	0.3689889443217111
1319.5	0.3690090548744477
1320.	0.3690291578053405
1320.5	0.36904925312016523
1321.	0.3690693408246929
1321.5	0.3690894209246853
1322.	0.369109460865597
1322.5	0.3691295259688007
1323.	0.36914958348368276
1323.5	0.3691696334159859
1324.	0.3691896757714441
1324.5	0.36920971055578694
1325.	0.3692297377747354
1325.5	0.3692497574340054
1326.	0.3692697695393064
1326.5	0.36928977409634084
1327.	0.36930977111080576
1327.5	0.3693297605883898
1328.	0.36934974253477654
1328.5	0.36936971695564313
1329.	0.36938968385666043
1329.5	0.3694096432434918
1330.	0.36942959512179596
1330.5	0.36944953949722276
1331.	0.36946947637541855
1331.5	0.3694894057620204
1332.	0.36950932766266215
1332.5	0.369529242082969
1333.	0.36954914902855995
1333.5	0.3695690485050489
1334.	0.369588940518042
1334.5	0.3696088250731406
1335.	0.36962870217593824
1335.5	0.36964857183202265
1336.	0.369668434046977
1336.5	0.36968828882637567
1337.	0.3697081361757874
1337.5	0.3697279761007754
1338.	0.36974780860689654
1338.5	0.369767633699701
1339.	0.369787451384733
1339.5	0.3698072616675303
1340.	0.36982706455362513
1340.5	0.3698468600485422
1341.	0.3698666481578021
1341.5	0.36988642888691614
1342.	0.3699062240337405
1342.5	0.36992599010966337
1343.	0.36994574882279585
1343.5	0.36996550020395286
1344.	0.369985244233288
1344.5	0.37000495858652216
1345.	0.3700246878084744
1345.5	0.3700444096941653
1346.	0.37006412424905294
1346.5	0.3700838314785897
1347.	0.37010353138822
1347.5	0.3701232239833851
1348.	0.3701429092695178
1348.5	0.3701625872520461
1349.	0.37018225793639115
1349.5	0.3702019213279681
1350.	0.3702215774321871
1350.5	0.37024122625445055
1351.	0.3702608678001574
1351.5	0.3702805020746978
1352.	0.37030012908345805
1352.5	0.3703197488318165
1353.	0.37033936132514766
1353.5	0.37035896656881845
1354.	0.3703785645681901
1354.5	0.3703981553286189
1355.	0.37041773885545426
1355.5	0.3704373151540398
1356.	0.37045688422971346
1356.5	0.37047644608780717
1357.	0.37049600246471404
1357.5	0.37051554990427915
1358.	0.3705350901422034
1358.5	0.3705546231837946
1359.	0.37057414903435426
1359.5	0.3705936677389104
1360.	0.37061317926282444
1360.5	0.37063268357185797
1361.	0.3706521807110108
1361.5	0.37067167068555695
1362.	0.37069115350076304
1362.5	0.3707106291618909
1363.	0.3707300976741974
1363.5	0.3707495590429309
1364.	0.3707690132733367
1364.5	0.3707884603706528
1365.	0.3708079003401121
1365.5	0.3708273331869407
1366.	0.37084675891636154
1366.5	0.3708661775335883
1367.	0.37088558904383095
1367.5	0.3709049934522937
1368.	0.3709243907641748
1368.5	0.3709437809846671
1369.	0.37096316411895686
1369.5	0.3709825401482912
1370.	0.3710019091258165
1370.5	0.3710212710326665
1371.	0.37104062587400477
1371.5	0.37105997365499016
1372.	0.3710793143807745
1372.5	0.37109864805650583
1373.	0.37111797468732555
1373.5	0.37113729427836933
1374.	0.37115660683476703
1374.5	0.37117591236164477
1375.	0.3711952108641193
1375.5	0.3712145023473052
1376.	0.3712337868163113
1376.5	0.3712530646777209
1377.	0.3712723351349209
1377.5	0.37129159859323185
1378.	0.37131085505773814
1378.5	0.3713301045335216
1379.	0.3713493470256546
1379.5	0.3713685807145642
1380.	0.3713878092549573
1380.5	0.37140703082691173
1381.	0.3714262454354808
1381.5	0.37144545308571075
1382.	0.37146465378264404
1382.5	0.37148384761568665
1383.	0.37150303442104937
1383.5	0.3715222142882054
1384.	0.3715413872221745
1384.5	0.3715605532279698
1385.	0.37157971231060083
1385.5	0.3715988644750704
1386.	0.3716180097263764
1386.5	0.3716371480695109
1387.	0.3716562795094611
1387.5	0.37167540405120886
1388.	0.37169452169972966
1388.5	0.3717136324599939
1389.	0.37173273633696824
1389.5	0.37175183333561135
1390.	0.37177092346087814
1390.5	0.37179000671771856
1391.	0.37180908311160316
1391.5	0.37182815264647123
1392.	0.3718472153277285
1392.5	0.37186627116030235
1393.	0.3718853201491164
1393.5	0.3719043622990864
1394.	0.3719233976315358
1394.5	0.37194242611859624
1395.	0.3719614477815335
1395.5	0.37198046262524365
1396.	0.37199947065461675
1396.5	0.372018471874539
1397.	0.37203746628989126
1397.5	0.3720564539055476
1398.	0.37207543472637833
1398.5	0.3720944087572479
1399.	0.37211337600301625
1399.5	0.3721323364685359
1400.	0.3721512901586571
1400.5	0.3721702370782233
1401.	0.3721891772320728
1401.5	0.3722081106250392
1402.	0.3722270372619494
1402.5	0.3722459571476279
1403.	0.37226487028689215
1403.5	0.37228377668455415
1404.	0.3723026763454213
1404.5	0.37232156927429716
1405.	0.37234045547597766
1405.5	0.3723593349552543
1406.	0.37237820771691643
1406.5	0.3723970737657428
1407.	0.37241593310651216
1407.5	0.3724347857614729
1408.	0.3724536317004842
1408.5	0.3724724709457368
1409.	0.3724913035019877
1409.5	0.3725101293739883
1410.	0.3725289485664841
1410.5	0.37254776108421706
1411.	0.3725665650885711
1411.5	0.37258536426831573
1412.	0.37260415678748837
1412.5	0.37262294265081075
1413.	0.3726417218629975
1413.5	0.3726604944287601
1414.	0.37267926035280463
1414.5	0.37269801963983157
1415.	0.3727167722945373
1415.5	0.37273551832161256
1416.	0.37275425772574206
1416.5	0.3727729905116085
1417.	0.37279171668388755
1417.5	0.3728104362472492
1418.	0.37282914920636034
1418.5	0.37284785556588224
1419.	0.37286655533046953
1419.5	0.3728852485047754
1420.	0.3729039350934449
1420.5	0.3729226151011202
1421.	0.37294128853243746
1421.5	0.37295995539202786
1422.	0.3729786156845186
1422.5	0.3729972694145307
1423.	0.37301591658668243
1423.5	0.37303455720558487
1424.	0.37305319127584496
1424.5	0.37307181880206614
1425.	0.37309043978884443
1425.5	0.3731090542407735
1426.	0.37312766216243926
1426.5	0.3731462635584273
1427.	0.3731648584333142
1427.5	0.37318344679167237
1428.	0.3732020126392209
1428.5	0.37322058809425446
1429.	0.37323915703184574
1429.5	0.3732577194841955
1430.	0.3732762754420356
1430.5	0.3732948249099167
1431.	0.3733133678923823
1431.5	0.3733319043939727
1432.	0.3733504344192224
1432.5	0.37336895797266206
1433.	0.3733874750588161
1433.5	0.3734059856822061
1434.	0.3734244898473469
1434.5	0.37344298755874966
1435.	0.3734614788209208
1435.5	0.37347996363836256
1436.	0.37349844201557103
1436.5	0.3735169139570383
1437.	0.3735353794672515
1437.5	0.37355383855069385
1438.	0.373572291211843
1438.5	0.37359073745517274
1439.	0.3736091772851503
1439.5	0.37362761070624084
1440.	0.3736460377229022
1440.5	0.37366445833959067
1441.	0.3736828725607538
1441.5	0.3737012803908393
1442.	0.3737196818342859
1442.5	0.3737380768955298
1443.	0.3737564655790021
1443.5	0.3737748478891303
1444.	0.3737932238303354
1444.5	0.3738115934070346
1445.	0.3738299566236411
1445.5	0.37384831348456316
1446.	0.3738666639942046
1446.5	0.3738850081569631
1447.	0.3739033459772332
1447.5	0.37392167745940574
1448.	0.37394000260786486
1448.5	0.373958321426992
1449.	0.373976633921162
1449.5	0.37399494009474726
1450.	0.3740132399521144
1450.5	0.3740315334976258
1451.	0.37404982073563925
1451.5	0.374068101670508
1452.	0.374086376306581
1452.5	0.374104644648202
1453.	0.37412290669971127
1453.5	0.3741412925339818
1454.	0.37415941194973057
1454.5	0.37417765515689777
1455.	0.37419589209126697
1455.5	0.37421412275715454
1456.	0.3742323471588754
1456.5	0.37425056530073575
1457.	0.37426877721936724
1457.5	0.3742869828543821
1458.	0.37430518224243503
1458.5	0.37432337538781696
1459.	0.3743415623086256
1459.5	0.3743597429815189
1460.	0.37437791742458604
1460.5	0.37439608564209986
1461.	0.37441424763832826
1461.5	0.3744324034175359
1462.	0.37445055298398144
1462.5	0.37446869634192126
1463.	0.37448683349560496
1463.5	0.3745049644492791
1464.	0.37452308920718574
1464.5	0.37454120777356364
1465.	0.37455932015264437
1465.5	0.3745774263486579
1466.	0.3745955263658287
1466.5	0.37461362020837663
1467.	0.37463170788051764
1467.5	0.37464978938646337
1468.	0.37466786473042124
1468.5	0.37468593391659333
1469.	0.37470399694917966
1469.5	0.37472205314676166
1470.	0.37474010388321316
1470.5	0.37475814847864786
1471.	0.37477618693724635
1471.5	0.3747942192631866
1472.	0.3748122454606399
1472.5	0.3748302655337752
1473.	0.37484827948675775
1473.5	0.3748662873237468
1474.	0.37488428904889853
1474.5	0.37490228466636294
1475.	0.3749202741802889
1475.5	0.37493825759481914
1476.	0.37495623492790353
1476.5	0.37497420615605376
1477.	0.37499217129721146
1477.5	0.37501013035550274
1478.	0.3750280833350494
1478.5	0.3750460302399697
1479.	0.375063971074376
1479.5	0.375081905842379
1480.	0.3750998345480828
1480.5	0.3751177571955879
1481.	0.37513567378899276
1481.5	0.375153584332388
1482.	0.3751714887952459
1482.5	0.3751893872160019
1483.	0.37520727963362965
1483.5	0.37522516601757677
1484.	0.37524304637191574
1484.5	0.3752609207007143
1485.	0.3752787890080357
1485.5	0.3752966512979391
1486.	0.3753145075744805
1486.5	0.3753323578417106
1487.	0.37535020210367637
1487.5	0.37536804266848567
1488.	0.37538587493505443
1488.5	0.37540370120847666
1489.	0.37542152149278263
1489.5	0.37543933579199923
1490.	0.37545714411014985
1490.5	0.3754749464029152
1491.	0.375492742770831
1491.5	0.37551053316972427
1492.	0.3755283176036009
1492.5	0.37554609607646217
1493.	0.37556386859230767
1493.5	0.37558163515513
1494.	0.3755993957689202
1494.5	0.37561715043766414
1495.	0.37563489916534487
1495.5	0.3756526419559384
1496.	0.37567037881341997
1496.5	0.3756881097417601
1497.	0.375705834744924
1497.5	0.3757235538268737
1498.	0.37574126699156835
1498.5	0.37575897424296045
1499.	0.3757766755850013
1499.5	0.3757943710216363
1500.	0.37581206055680816
1500.5	0.3758297441944552
1501.	0.37584742193851167
1501.5	0.3758650937929061
1502.	0.3758827597615677
1502.5	0.37590041984841643
1503.	0.3759180740573727
1503.5	0.3759357223923501
1504.	0.3759533648572589
1504.5	0.375971001456007
1505.	0.3759886321924959
1505.5	0.3760062570706255
1506.	0.3760238760942901
1506.5	0.3760414892673815
1507.	0.37605909658149417
1507.5	0.3760766980650758
1508.	0.37609429370973435
1508.5	0.3761118844978043
1509.	0.37612946847373796
1509.5	0.37614704760821865
1510.	0.37616461993091743
1510.5	0.37618218643403234
1511.	0.37619974712141885
1511.5	0.37621730199693054
1512.	0.37623485106441523
1512.5	0.3762523943277179
1513.	0.3762699317906798
1513.5	0.3762874634571382
1514.	0.3763049893309261
1514.5	0.3763225094158732
1515.	0.37634002371580544
1515.5	0.3763575322345444
1516.	0.3763750349759082
1516.5	0.3763925319437113
1517.	0.3764100231417649
1517.5	0.3764275085738742
1518.	0.37644498824384365
1518.5	0.37646246215547186
1519.	0.3764799303125539
1519.5	0.3764973927188828
1520.	0.3765148493782443
1520.5	0.376532300294425
1521.	0.376549745471203
1521.5	0.37656718491235686
1522.	0.376584618621658
1522.5	0.3766020466028769
1523.	0.37661946885977865
1523.5	0.3766368853961243
1524.	0.37665429621567287
1524.5	0.376673400317555
1525.	0.37668910071938994
1525.5	0.3767064944110573
1526.	0.3767238824009211
1526.5	0.3767412646927219
1527.	0.3767586412901958
1527.5	0.37677601134260025
1528.	0.3767933765801076
1528.5	0.3768107361344442
1529.	0.37682809000933254
1529.5	0.3768454382084885
1530.	0.37686278073562685
1530.5	0.3768801175944568
1531.	0.37689744878868486
1531.5	0.37691477432201326
1532.	0.37693209419814194
1532.5	0.3769494084207663
1533.	0.3769667169935765
1533.5	0.3769840199202627
1534.	0.37700131720450897
1534.5	0.3770186088499949
1535.	0.3770358948334427
1535.5	0.3770531752124289
1536.	0.37707044996367606
1536.5	0.3770877190908526
1537.	0.3771049825976202
1537.5	0.3771222404876381
1538.	0.37713949276456293
1538.5	0.3771567394320454
1539.	0.377173980493736
1539.5	0.3771912159532781
1540.	0.37720844581431395
1540.5	0.37722567008048113
1541.	0.37724288875541373
1541.5	0.3772601018427431
1542.	0.3772773093460971
1542.5	0.3772945112690975
1543.	0.3773117076153663
1543.5	0.377328898388519
1544.	0.3773460835921698
1544.5	0.3773632632299271
1545.	0.3773804373053977
1545.5	0.3773976058221841
1546.	0.3774147687838847
1546.5	0.37743192616695725
1547.	0.3774490780292652
1547.5	0.3774662243472636
1548.	0.3774833651245387
1548.5	0.37750050036467125
1549.	0.3775176300712398
1549.5	0.3775347542478191
1550.	0.37755187289797937
1550.5	0.3775689860252892
1551.	0.3775860936333122
1551.5	0.37760319572560985
1552.	0.3776202923057389
1552.5	0.3776373833772535
1553.	0.3776544689437039
1553.5	0.3776715490086367
1554.	0.3776886235755965
1554.5	0.37770569264812204
1555.	0.3777227562297517
1555.5	0.3777398143240171
1556.	0.3777568669344486
1556.5	0.3777739140645735
1557.	0.37779095571791366
1557.5	0.3778079918979893
1558.	0.3778250226083164
1558.5	0.3778420478524078
1559.	0.3778590676337734
1559.5	0.3778760819559189
1560.	0.3778930908223465
1560.5	0.37791009423655625
1561.	0.3779270922020444
1561.5	0.37794408472230157
1562.	0.37796107180081845
1562.5	0.37797805344108126
1563.	0.3779950296465718
1563.5	0.3780120004207686
1564.	0.3780289657671488
1564.5	0.3780459256891837
1565.	0.37806288019034284
1565.5	0.37807982927409217
1566.	0.3780967729438931
1566.5	0.3781137112032061
1567.	0.3781306440554859
1567.5	0.37814757150418554
1568.	0.3781644935527538
1568.5	0.37818141020463697
1569.	0.37819832146327725
1569.5	0.378215227332114
1570.	0.3782321278145826
1570.5	0.37824902291411633
1571.	0.3782659126341447
1571.5	0.3782827969780928
1572.	0.378299675949385
1572.5	0.37831654955143956
1573.	0.37833341778442564
1573.5	0.3783502806582857
1574.	0.3783671381731481
1574.5	0.37838399033241776
1575.	0.37840083713949957
1575.5	0.37841767859779235
1576.	0.3784345147106938
1576.5	0.37845134548159676
1577.	0.3784681709138907
1577.5	0.3784849910109639
1578.	0.37850180577619985
1578.5	0.3785186152129789
1579.	0.37853541932467816
1579.5	0.37855221811467266
1580.	0.37856901158633205
1580.5	0.37858579974302464
1581.	0.37860258258811513
1581.5	0.3786193601249645
1582.	0.37863613235693105
1582.5	0.37865289928736945
1583.	0.3786696609196314
1583.5	0.3786864172570654
1584.	0.3787031683030174
1584.5	0.378719914060829
1585.	0.37873665453383903
1585.5	0.37875338972538397
1586.	0.37877011963879587
1586.5	0.378786844277405
1587.	0.3788035636445369
1587.5	0.37882027774351523
1588.	0.3788369865776593
1588.5	0.37885369015028775
1589.	0.37887038846471316
1589.5	0.378887081524246
1590.	0.37890376933219416
1590.5	0.37892045188987433
1591.	0.3789371292046002
1591.5	0.3789538012776452
1592.	0.37897046811230456
1592.5	0.37898712971186993
1593.	0.3790037860796297
1593.5	0.37902043721887096
1594.	0.3790370831328744
1594.5	0.379053723824921
1595.	0.37907035929828675
1595.5	0.37908698955624515
1596.	0.37910361460206543
1596.5	0.379120234439016
1597.	0.3791368490703607
1597.5	0.3791534584993604
1598.	0.37917006272927334
1598.5	0.3791866617633532
1599.	0.3792032556048533
1599.5	0.37921984425702127
1600.	0.3792364277231035
1600.5	0.3792530060063428
1601.	0.37926957910997783
1601.5	0.3792861470372468
1602.	0.3793027097913818
1602.5	0.3793192673756139
1603.	0.37933581979317044
1603.5	0.3793523670472757
1604.	0.37936890914115134
1604.5	0.379385444672749
1605.	0.379401976443903
1605.5	0.3794185030645153
1606.	0.3794350245377959
1606.5	0.37945154086695015
1607.	0.3794680520551831
1607.5	0.37948455810569415
1608.	0.379501059007226
1608.5	0.3795175547774995
1609.	0.3795340454340967
1609.5	0.3795505309657442
1610.	0.3795670113756273
1610.5	0.37958348666692804
1611.	0.3795999568428264
1611.5	0.37961642190649897
1612.	0.3796328818611198
1612.5	0.3796493367098586
1613.	0.3796657864558837
1613.5	0.37968223110235955
1614.	0.37969867065980945
1614.5	0.3797151051167341
1615.	0.379731534483586
1615.5	0.37974795876351897
1616.	0.37976437795968143
1616.5	0.3797807920752218
1617.	0.3797972011132843
1617.5	0.3798136050770092
1618.	0.3798300039695357
1618.5	0.3798463977939987
1619.	0.37986278655353023
1619.5	0.3798791702512618
1620.	0.37989554889031807
1620.5	0.3799119224738244
1621.	0.37992829100490055
1621.5	0.37994465448666526
1622.	0.3799610129222323
1622.5	0.37997736631471646
1623.	0.3799937146672248
1623.5	0.38001005798286436
1624.	0.38002639626473933
1624.5	0.3800427295159495
1625.	0.38005905773959364
1625.5	0.3800753809387662
1626.	0.38009169911655954
1626.5	0.38010801227606306
1627.	0.3801243204203632
1627.5	0.3801406235525428
1628.	0.38015692167568393
1628.5	0.3801732147928628
1629.	0.38018950290715553
1629.5	0.38020578602163435
1630.	0.38022206413936727
1630.5	0.3802383372634233
1631.	0.3802546053968648
1631.5	0.3802708685427521
1632.	0.38028712670414305
1632.5	0.3803033798840949
1633.	0.3803196280856579
1633.5	0.38033587131188323
1634.	0.380352109565817
1634.5	0.3803683428505029
1635.	0.3803845711689835
1635.5	0.38040079452429576
1636.	0.3804170129194759
1636.5	0.38043322635755666
1637.	0.3804494348415689
1637.5	0.38046563837453923
1638.	0.38048183695949117
1638.5	0.38049803059944826
1639.	0.3805142192974284
1639.5	0.38053040305644875
1640.	0.3805465818795213
1640.5	0.3805627557696579
1641.	0.38057892472986604
1641.5	0.38059508876315046
1642.	0.3806112478725144
1642.5	0.38062740206095785
1643.	0.3806435513314753
1643.5	0.3806596956870637
1644.	0.38067583513071357
1644.5	0.3806919696654132
1645.	0.3807080992941493
1645.5	0.38072422401990413
1646.	0.3807403438522047
1646.5	0.3807564587811701
1647.	0.38077256881608934
1647.5	0.38078867395993293
1648.	0.3808047742156728
1648.5	0.38082086958627476
1649.	0.3808369600747026
1649.5	0.38085304568391887
1650.	0.380869126416882
1650.5	0.38088520227654776
1651.	0.38090127326587
1651.5	0.38091733938779954
1652.	0.380933400645285
1652.5	0.3809494619345017
1653.	0.38096550588381695
1653.5	0.38098155252590865
1654.	0.3809975943152531
1654.5	0.38101363124076715
1655.	0.3810296633334182
1655.5	0.3810456905787279
1656.	0.3810617129863588
1656.5	0.38107773055589
1657.	0.38109374329024287
1657.5	0.38110975119233603
1658.	0.38112575426508494
1658.5	0.3811417525114055
1659.	0.3811577459379151
1659.5	0.3811737345401504
1660.	0.38118971832468185
1660.5	0.3812057052702155
1661.	0.38122167945499513
1661.5	0.38123764883080224
1662.	0.3812536133865135
1662.5	0.381269573153056
1663.	0.3812855281193029
1663.5	0.38130147828814165
1664.	0.38131741910983913
1664.5	0.38133335970655957
1665.	0.38134929551455493
1665.5	0.38136522653670135
1666.	0.3813811527758736
1666.5	0.3813970742349438
1667.	0.3814129909167799
1667.5	0.3814289028242497
1668.	0.38144480996021635
1668.5	0.381460712327541
1669.	0.3814766099290827
1669.5	0.3814925027676982
1670.	0.38150839084624033
1670.5	0.38152427416756013
1671.	0.38154015787686335
1671.5	0.3815560317001368
1672.	0.3815719007746868
1672.5	0.38158776510335435
1673.	0.3816036246889775
1673.5	0.38161947953439146
1674.	0.3816353296424296
1674.5	0.38165117500210344
1675.	0.3816670156438797
1675.5	0.3816828515567652
1676.	0.3816986827435811
1676.5	0.3817145092071493
1677.	0.3817303309502868
1677.5	0.38174614797580947
1678.	0.3817619632316344
1678.5	0.3817777450177732
1679.	0.38179354800681514
1679.5	0.3818093462946681
1680.	0.3818251398786182
1680.5	0.3818723011979836
1681.	0.38185671294600965
1681.5	0.38187249243504456
1682.	0.381888267231366
1682.5	0.3819040373377629
1683.	0.38191980275702475
1683.5	0.3819355634979317
1684.	0.3819513195513265
1684.5	0.3819670709259365
1685.	0.38198281762454067
1685.5	0.3819985596499142
1686.	0.38201429700483197
1686.5	0.38203002969206434
1687.	0.3820457577143802
1687.5	0.38206148107454524
1688.	0.38207719974931675
1688.5	0.3820929137934881
1689.	0.38210862318379235
1689.5	0.3821243279229876
1690.	0.3821400280138257
1690.5	0.3821557234590594
1691.	0.38217141426143797
1691.5	0.3821871004237071
1692.	0.3822027819486113
1692.5	0.3822184588388928
1693.	0.38223413111130733
1693.5	0.3822497960054242
1694.	0.38226545900525005
1694.5	0.38228111738141607
1695.	0.3822967684065635
1695.5	0.3823124175406491
1696.	0.38232806205927783
1696.5	0.38234370196517287
1697.	0.3823593372610542
1697.5	0.382374967949638
1698.	0.3823905940336419
1698.5	0.3824062155157765
1699.	0.3824218323987531
1699.5	0.38243744468527985
1700.	0.38245305237806204
1700.5	0.38246865547980297
1701.	0.3824842539932045
1701.5	0.38249984792096436
1702.	0.38251543726577797
1702.5	0.3825310220303392
1703.	0.3825466022173403
1703.5	0.38256217782947005
1704.	0.38257774886941437
1704.5	0.3825933153398583
1705.	0.3826088772434829
1705.5	0.3826244345829679
1706.	0.382639987360991
1706.5	0.3826555355802269
1707.	0.38267107924334764
1707.5	0.38268661835302303
1708.	0.382702152911922
1708.5	0.3827176829227082
1709.	0.3827332083880465
1709.5	0.382748729310597
1710.	0.3827642456930176
1710.5	0.38277975753796456
1711.	0.3827952648480923
1711.5	0.382810767626051
1712.	0.3828262658744904
1712.5	0.38284175961007555
1713.	0.3828572488074145
1713.5	0.38287273348316686
1714.	0.38288821363997444
1714.5	0.3829036892804723
1715.	0.38291916040729673
1715.5	0.3829346270230807
1716.	0.38295008913045536
1716.5	0.3829655467320473
1717.	0.38298099983048367
1717.5	0.38299644842838804
1718.	0.3830118925283813
1718.5	0.3830273321330828
1719.	0.38304276724510994
1719.5	0.3830581978670768
1720.	0.3830736240015955
1720.5	0.38308904565127583
1721.	0.38310446281872607
1721.5	0.38311987550655124
1722.	0.3831352837173547
1722.5	0.38315068745373737
1723.	0.383166086718297
1723.5	0.3831814815136306
1724.	0.3831968718423329
1724.5	0.38321225608867815
1725.	0.38322763749052513
1725.5	0.3832430128264777
1726.	0.38325838531181644
1726.5	0.38327375334345914
1727.	0.38328911692398454
1727.5	0.3833044760559744
1728.	0.3833198307420017
1728.5	0.38333518098464237
1729.	0.38335052678646625
1729.5	0.3833658681500445
1730.	0.3833812050779428
1730.5	0.38339653757272735
1731.	0.3834118656369594
1731.5	0.3834271892732009
1732.	0.3834425084840097
1732.5	0.38345782327194167
1733.	0.3834731336395502
1733.5	0.38348843958938733
1734.	0.3835037411240024
1734.5	0.3835190382459424
1735.	0.3835343309577537
1735.5	0.3835496192619772
1736.	0.3835649031061079
1736.5	0.38358018260247284
1737.	0.3835954576988659
1737.5	0.38361072839782023
1738.	0.3836259947018697
1738.5	0.38364125661354154
1739.	0.38365651413536467
1739.5	0.38367176726986324
1740.	0.38368701601956157
1740.5	0.38370226038697974
1741.	0.3837175003746372
1741.5	0.38373273598505014
1742.	0.3837479672207325
1742.5	0.3837631940841974
1743.	0.3837784165779543
1743.5	0.38379363470508726
1744.	0.38380884846739666
1744.5	0.38382405786751705
1745.	0.38383926290794873
1745.5	0.3838544635911915
1746.	0.3838696599197424
1746.5	0.383884851896097
1747.	0.3839000395227476
1747.5	0.38391522280218515
1748.	0.3839304017368978
1748.5	0.383945576329373
1749.	0.38396074658209417
1749.5	0.3839759124975433
1750.	0.3839910740782011
1750.5	0.38400623132654577
1751.	0.38402138424505144
1751.5	0.38403653283619404
1752.	0.3840516771024435
1752.5	0.38406681706903206
1753.	0.3840819526933648
1753.5	0.3840970840002076
1754.	0.3841122109920237
1754.5	0.3841273336712744
1755.	0.38414245204041786
1755.5	0.38415756610191143
1756.	0.38417267585820963
1756.5	0.38418778131176606
1757.	0.38420288246502887
1757.5	0.38421797932044777
1758.	0.38423307188046985
1758.5	0.38424816014753815
1759.	0.3842632441240953
1759.5	0.38427832381258126
1760.	0.3842933992154345
1760.5	0.38430847033508964
1761.	0.3843235371739817
1761.5	0.38433859973454204
1762.	0.3843536580192
1762.5	0.38436871203038386
1763.	0.3843837617705184
1763.5	0.3843988072420272
1764.	0.3844138484473317
1764.5	0.3844288853888517
1765.	0.3844439180690046
1765.5	0.38445894649020473
1766.	0.38447397065486555
1766.5	0.3844889905653983
1767.	0.38450400622421205
1767.5	0.3845190176337146
1768.	0.3845340247963096
1768.5	0.3845490277144013
1769.	0.38456402637637116
1769.5	0.38457902081265516
1770.	0.38459401101163154
1770.5	0.38460899697569545
1771.	0.38462397870723936
1771.5	0.3846389562086544
1772.	0.3846539294823283
1772.5	0.38466889853064923
1773.	0.38468386335600063
1773.5	0.38469882396076577
1774.	0.3847137803473251
1774.5	0.3847287325180575
1775.	0.38474368047533924
1775.5	0.38475862422154494
1776.	0.38477356375904753
1776.5	0.38478849909021623
1777.	0.3848034302174221
1777.5	0.3848183571430302
1778.	0.3848332798694045
1778.5	0.384848198398909
1779.	0.3848631127339025
1779.5	0.38487802287674633
1780.	0.3848929288297945
1780.5	0.38490783059540273
1781.	0.3849227281759236
1781.5	0.38493762157370803
1782.	0.38495251079110365
1782.5	0.38496739583045925
1783.	0.38498227669411683
1783.5	0.38499715338442064
1784.	0.38501202590371125
1784.5	0.3850268942543286
1785.	0.38504175843860733
1785.5	0.3850566184588843
1786.	0.3850714743174907
1786.5	0.3850863260167591
1787.	0.3851011735590171
1787.5	0.3851160169465929
1788.	0.38513085618181075
1788.5	0.38514569126699405
1789.	0.3851605222044643
1789.5	0.3851753489965395
1790.	0.38519017164553887
1790.5	0.38520499015377674
1791.	0.38521980452356624
1791.5	0.3852346147572191
1792.	0.38524942085704433
1792.5	0.3852642228253507
1793.	0.3852790206644432
1793.5	0.3852938143766254
1794.	0.38530860396419897
1794.5	0.3853233894294646
1795.	0.3853381707747196
1795.5	0.38535294800225994
1796.	0.3853677211143805
1796.5	0.38538249011337183
1797.	0.3853972550015258
1797.5	0.3854120157811301
1798.	0.3854267724544719
1798.5	0.3854415250238349
1799.	0.3854562734915018
1799.5	0.3854710179068007
1800.	0.3854857581778203
1800.5	0.38550049435398065
1801.	0.38551522643755715
1801.5	0.38552995443082083
1802.	0.3855446783360451
1802.5	0.3855593981554984
1803.	0.38557411389144797
1803.5	0.3855888255461601
1804.	0.3856035331218979
1804.5	0.38561823660549693
1805.	0.38563293602994675
1805.5	0.38564763138220176
1806.	0.38566232266451855
1806.5	0.38567700987915055
1807.	0.3856916930283511
1807.5	0.38570637211437064
1808.	0.38572104713945693
1808.5	0.3857357181058582
1809.	0.38575038501581804
1809.5	0.3857650478715803
1810.	0.3857797066753868
1810.5	0.38579436142947493
1811.	0.38580901213608443
1811.5	0.3858236587496075
1812.	0.38583830136793784
1812.5	0.38585293994548964
1813.	0.38586757448449277
1813.5	0.38588220498717646
1814.	0.3858968314557667
1814.5	0.38591145389248804
1815.	0.3859260722995632
1815.5	0.38594068667921266
1816.	0.38595529703365655
1816.5	0.38596990336511106
1817.	0.3859845056757923
1817.5	0.38599910396791326
1818.	0.38601369824368625
1818.5	0.3860282885053203
1819.	0.3860428747550241
1819.5	0.38605745699500404
1820.	0.3860720352274645
1820.5	0.3860866094546068
1821.	0.3861011796786347
1821.5	0.38611574590174386
1822.	0.38613030812613386
1822.5	0.3861448663539984
1823.	0.38615942058753283
1823.5	0.38617397082892696
1824.	0.3861885170803726
1824.5	0.38620305934405585
1825.	0.3862175976221649
1825.5	0.38623213191688327
1826.	0.3862466622303936
1826.5	0.38626118856487796
1827.	0.3862757109225151
1827.5	0.38629022931930074
1828.	0.38630474372977336
1828.5	0.3863192541699245
1829.	0.3863337606419267
1829.5	0.38634826314795034
1830.	0.386362761690165
1830.5	0.386377256270735
1831.	0.3863917468918269
1831.5	0.38640623355560344
1832.	0.3864207162642259
1832.5	0.38643519501985407
1833.	0.3864496698246456
1833.5	0.38646414068075685
1834.	0.38647860759034147
1834.5	0.3864930705555521
1835.	0.3865075295785397
1835.5	0.38652198466145365
1836.	0.38653643559578843
1836.5	0.3865508828037659
1837.	0.3865653260781045
1837.5	0.3865797654209454
1838.	0.386594200834429
1838.5	0.3866086323206936
1839.	0.38662305988187634
1839.5	0.3866374835201119
1840.	0.3866519032375339
1840.5	0.3866663190362731
1841.	0.38668073091845956
1841.5	0.3866951388862221
1842.	0.3867095429416859
1842.5	0.38672394308697605
1843.	0.38673833932421536
1843.5	0.38675273165552454
1844.	0.3867671200830242
1844.5	0.3867815046088311
1845.	0.38679588523506037
1845.5	0.38681026196382723
1846.	0.38682463479724427
1846.5	0.3868390037374218
1847.	0.3868533687864685
1847.5	0.3868677299464928
1848.	0.3868820872195991
1848.5	0.38689644060789274
1849.	0.38691079011347496
1849.5	0.386925135738446
1850.	0.38693947748490537
1850.5	0.38695381535495027
1851.	0.38696814935067503
1851.5	0.38698247947417413
1852.	0.38699680572753936
1852.5	0.3870111281128615
1853.	0.3870254466322281
1853.5	0.38703976128772777
1854.	0.3870540720814437
1854.5	0.3870683790154605
1855.	0.38708268209186014
1855.5	0.3870969813127226
1856.	0.38711127668012596
1856.5	0.38712556819614774
1857.	0.38713985586286287
1857.5	0.3871541396961645
1858.	0.3871684196704844
1858.5	0.38718269580171266
1859.	0.3871969680919176
1859.5	0.3872112344189725
1860.	0.3872254990252543
1860.5	0.3872397597967049
1861.	0.3872540167215665
1861.5	0.38726826982953877
1862.	0.38728251910885997
1862.5	0.38729676456158835
1863.	0.3873110061897767
1863.5	0.3873252439954807
1864.	0.38733947798075136
1864.5	0.3873537081476383
1865.	0.38736793449819096
1865.5	0.38738215703445494
1866.	0.38739637575847724
1866.5	0.387410590658282
1867.	0.38742480176394806
1867.5	0.38743900906349715
1868.	0.3874532125589683
1868.5	0.3874674122523982
1869.	0.3874816081458227
1869.5	0.3874958002412748
1870.	0.38750998854078716
1870.5	0.3875241730463904
1871.	0.387538353760113
1871.5	0.3873830418118296
1872.	0.3875667038200238
1872.5	0.3875808731702617
1873.	0.3875950387367186
1873.5	0.3876092005214149
1874.	0.38762335852636953
1874.5	0.3876375127535999
1875.	0.38765166320512295
1875.5	0.3876658098969691
1876.	0.3876799528031172
1876.5	0.3876940919395944
1877.	0.3877082273084117
1877.5	0.387722358911576
1878.	0.38773648675109373
1878.5	0.3877506108289699
1879.	0.3877647311472061
1879.5	0.38777884770780585
1880.	0.38779296051276757
1880.5	0.38780706956408917
1881.	0.3878211748637693
1881.5	0.3878352764276214
1882.	0.3878493742299981
1882.5	0.38786347078517214
1883.	0.3878775611064028
1883.5	0.38789164768595064
1884.	0.387905730525804
1884.5	0.3879198088965963
1885.	0.3879338842634561
1885.5	0.3879479558965765
1886.	0.3879620237979381
1886.5	0.38797608796952016
1887.	0.3879901484133005
1887.5	0.3880042051312547
1888.	0.38801825812535806
1888.5	0.38803230739758193
1889.	0.38804635294989914
1889.5	0.3880603947842791
1890.	0.38807443290268917
1890.5	0.38808846730709734
1891.	0.3881024979994672
1891.5	0.38811652498176286
1892.	0.38813054825594584
1892.5	0.3881445678239776
1893.	0.3881585836878159
1893.5	0.3881725958494187
1894.	0.3881866043107416
1894.5	0.38820060907373816
1895.	0.38821461014036135
1895.5	0.3882286075125625
1896.	0.38824260119229065
1896.5	0.3882565911814943
1897.	0.38827057748212046
1897.5	0.3882845600961121
1898.	0.3882985390254139
1898.5	0.3883125142719676
1899.	0.38832648583771334
1899.5	0.38834045372458986
1900.	0.3883544179345351
1900.5	0.38836837846948324
1901.	0.38838233533136995
1901.5	0.38839628852212665
1902.	0.3884102380436849
1902.5	0.38842418389797506
1903.	0.3884381260869239
1903.5	0.3884520646124583
1904.	0.3884659994765044
1904.5	0.3884799306809846
1905.	0.3884938582278211
1905.5	0.3885077821189344
1906.	0.3885217023562432
1906.5	0.3885356196501473
1907.	0.38854953258499847
1907.5	0.38856344187178915
1908.	0.38857734751243256
1908.5	0.388591249508841
1909.	0.38860514786292377
1909.5	0.3886190425765891
1910.	0.3886329336517441
1910.5	0.38864682109029397
1911.	0.3886607048941432
1911.5	0.38867458506519387
1912.	0.38868846160534726
1912.5	0.3887023345165019
1913.	0.38871620380055694
1913.5	0.38873006945940786
1914.	0.3887439314949501
1914.5	0.388757789909077
1915.	0.3887716447036808
1915.5	0.38878549588065175
1916.	0.38879934344187916
1916.5	0.3888131873630227
1917.	0.3888270276982998
1917.5	0.3888408644234913
1918.	0.38885469754048013
1918.5	0.3888685270511487
1919.	0.3888823529573769
1919.5	0.38889617526104336
1920.	0.38890999396402487
1920.5	0.3889238090681982
1921.	0.38893762057543607
1921.5	0.38895142848761277
1922.	0.3889652328065997
1922.5	0.38897903353426594
1923.	0.38899283067248
1923.5	0.3890066242231101
1924.	0.38902041418802047
1924.5	0.3890342005690754
1925.	0.38904798336813784
1925.5	0.38906176258706904
1926.	0.3890755382277284
1926.5	0.3890893102919748
1927.	0.3891030787816642
1927.5	0.3891168436986524
1928.	0.3891306050155081
1928.5	0.3891443627925296
1929.	0.38915811700240843
1929.5	0.3891718676469927
1930.	0.38918561472813107
1930.5	0.38919935824767027
1931.	0.38921309820745625
1931.5	0.3892268346093315
1932.	0.38924056745513946
1932.5	0.3892542967467213
1933.	0.38926802248591674
1933.5	0.38928174467456256
1934.	0.389295463314497
1934.5	0.3893091784075541
1935.	0.38932288995556846
1935.5	0.3893365979603732
1936.	0.38935030242379803
1936.5	0.3893640033476728
1937.	0.38937770073382616
1937.5	0.38939139458408495
1938.	0.38940508490027465
1938.5	0.38941877168421873
1939.	0.3894324549377401
1939.5	0.38944613466265887
1940.	0.389459810860796
1940.5	0.38947348353396927
1941.	0.38948715268399564
1941.5	0.38950081831269134
1942.	0.38951448042186854
1942.5	0.38952813901334193
1943.	0.38954179408892226
1943.5	0.3895554456504184
1944.	0.38956909369964043
1944.5	0.38958273823839423
1945.	0.38959638031548643
1945.5	0.3896100178366186
1946.	0.38962365185269676
1946.5	0.3896372823655219
1947.	0.38965090937689373
1947.5	0.3896645328886114
1948.	0.3896781529024726
1948.5	0.38969176942027267
1949.	0.38970538244380687
1949.5	0.38971899197486803
1950.	0.38973259801524796
1950.5	0.389746200566737
1951.	0.3897597996311249
1951.5	0.38977339521019866
1952.	0.38978698730574507
1952.5	0.3898005759195492
1953.	0.3898141610533934
1953.5	0.3898277427090621
1954.	0.3898413208883339
1954.5	0.38985489559299086
1955.	0.38986846782965523
1955.5	0.38988203558831885
1956.	0.3898955998776975
1956.5	0.38990916069956433
1957.	0.38992271805569234
1957.5	0.3899362719478534
1958.	0.38994982237781606
1958.5	0.3899633693473506
1959.	0.38997691285822367
1959.5	0.38999045291220136
1960.	0.390003989511048
1960.5	0.3900175226565265
1961.	0.3900310523503989
1961.5	0.3900445785944255
1962.	0.39005810139036595
1962.5	0.39007162073997775
1963.	0.3900851366450182
1963.5	0.39009864910724096
1964.	0.3901121581284007
1964.5	0.39012566371024976
1965.	0.390139165854539
1965.5	0.3901526645630177
1966.	0.39016615983743574
1966.5	0.3901796501545669
1967.	0.39019313858152305
1967.5	0.39020662357963887
1968.	0.3902201051506585
1968.5	0.3902335832825114
1969.	0.39024705800456133
1969.5	0.3902605293047354
1970.	0.39027399718477135
1970.5	0.390287461646406
1971.	0.3903009226913735
1971.5	0.39031438032140864
1972.	0.3903278345382433
1972.5	0.39034128534360857
1973.	0.39035473273923443
1973.5	0.3903681767268494
1974.	0.3903816173081796
1974.5	0.39039505448495215
1975.	0.3904084882588907
1975.5	0.3904219186317197
1976.	0.39043534560515936
1976.5	0.39044876918093147
1977.	0.3904621893607542
1977.5	0.39047560614634774
1978.	0.3904890195394258
1978.5	0.390502429541706
1979.	0.3905158361549013
1979.5	0.39052923938072526
1980.	0.39054263922088844
1980.5	0.390556035677102
1981.	0.390569428751074
1981.5	0.39058281844451265
1982.	0.39059620475912354
1982.5	0.39060958769661164
1983.	0.3906229672586816
1983.5	0.3906363434470357
1984.	0.3906497162633738
1984.5	0.39066308569557723
1985.	0.39067645177298443
1985.5	0.3906898144834708
1986.	0.39070317382873465
1986.5	0.39071652981046956
1987.	0.3907298824303692
1987.5	0.3907432316901256
1988.	0.3907565775914298
1988.5	0.3907699201359714
1989.	0.3907832593254382
1989.5	0.3907965951615182
1990.	0.3908099276458969
1990.5	0.3908232567802572
1991.	0.3908365825662848
1991.5	0.39084990500566086
1992.	0.3908632241000652
1992.5	0.3908765398511782
1993.	0.3908898522606773
1993.5	0.39090316133024017
1994.	0.39091646706154143
1994.5	0.3909297694562562
1995.	0.39094306851605765
1995.5	0.39095636424261776
1996.	0.3909696566376065
1996.5	0.3909829457026933
1997.	0.3909962314395468
1997.5	0.3910095138498337
1998.	0.3910227929352193
1998.5	0.3910360686973683
1999.	0.3910493411379433
1999.5	0.39106261025860656
2000.	0.39107587606101857
2000.5	0.39108913854683847
2001.	0.3911023977177242
2001.5	0.39111565357533346
2002.	0.3911289061213213
2002.5	0.39114215535734215
2003.	0.39115540127103143
2003.5	0.39116864389207556
2004.	0.39118188320810937
2004.5	0.3911951192207808
2005.	0.39120835193173903
2005.5	0.39122158134262974
2006.	0.3912348074551003
2006.5	0.39124803028481075
2007.	0.3912612498053716
2007.5	0.3912744660324403
2008.	0.3912876789676587
2008.5	0.3913008886126662
2009.	0.39131409496910186
2009.5	0.39132729803860133
2010.	0.39134049782280145
2010.5	0.39135369432333705
2011.	0.3913668875515207
2011.5	0.39138007748955245
2012.	0.3913932641488163
2012.5	0.3914064475309417
2013.	0.3914196276375579
2013.5	0.39143280447029116
2014.	0.3914459780307682
2014.5	0.39145914832061435
2015.	0.39147231534145194
2015.5	0.3914854790949061
2016.	0.3914986395825954
2016.5	0.3915117968061413
2017.	0.391524950767163
2017.5	0.3915381014672779
2018.	0.39155124890810233
2018.5	0.39156439309125163
2019.	0.3915775340321518
2019.5	0.39159067170479184
2020.	0.39160380612459567
2020.5	0.3916169372931743
2021.	0.39163006521213645
2021.5	0.3916431898830892
2022.	0.391656311307641
2022.5	0.39166942948739764
2023.	0.3916825444239625
2023.5	0.39169565611893964
2024.	0.39170876457393117
2024.5	0.39172186979053836
2025.	0.39173491291801743
2025.5	0.39174801182799135
2026.	0.3917611074903
2026.5	0.3917741999203507
2027.	0.39178728911973837
2027.5	0.391800375090057
2028.	0.39181345783289856
2028.5	0.39182653734985606
2029.	0.3918396136425184
2029.5	0.39185268671247536
2030.	0.3918657565613149
2030.5	0.3918788231906238
2031.	0.39189188660198665
2031.5	0.39190494679698934
2032.	0.3919180037772151
2032.5	0.3919310575442451
2033.	0.39194410809966074
2033.5	0.39195715544504217
2034.	0.3919701995819672
2034.5	0.3919832405120138
2035.	0.39199627823675826
2035.5	0.39200931275777595
2036.	0.3920223440766404
2036.5	0.39203537219492435
2037.	0.39204839711420014
2037.5	0.39206141883603796
2038.	0.3920744373620069
2038.5	0.39208745269367545
2039.	0.39210046483261035
2039.5	0.39211347378037775
2040.	0.39212647953854224
2040.5	0.3921394821086678
2041.	0.3921524814923168
2041.5	0.39216547769105
2042.	0.3921784707064278
2042.5	0.39219146054000986
2043.	0.3922044471933535
2043.5	0.39221743066801534
2044.	0.39223041095592875
2044.5	0.39224338808299936
2045.	0.39225636203102615
2045.5	0.39226933280658766
2046.	0.39228230041123346
2046.5	0.39229526484651506
2047.	0.3923082261139799
2047.5	0.39232118421517614
2048.	0.3923341391516499
2048.5	0.3923470909249481
2049.	0.39236003953661286
2049.5	0.39237298498818846
2050.	0.39238592728121685
2050.5	0.39239886641723887
2051.	0.39241180239779405
2051.5	0.3924247352244208
2052.	0.39243766489865717
2052.5	0.39245059142203964
2053.	0.39246351479610314
2053.5	0.3924764350223817
2054.	0.3924893521024081
2054.5	0.3925022651545511
2055.	0.39251517593505825
2055.5	0.3925280835739329
2056.	0.3925409880727024
2056.5	0.392553889432894
2057.	0.3925667876560349
2057.5	0.3925796827436495
2058.	0.39259257469726316
2058.5	0.39260546351839765
2059.	0.3926183492085764
2059.5	0.39263123176931874
2060.	0.3926441112021444
2060.5	0.39265698750857303
2061.	0.39266986069012105
2061.5	0.3926827307483058
2062.	0.3926955976846422
2062.5	0.39270846150064376
2063.	0.3927213221978247
2063.5	0.3927341797776961
2064.	0.39274703424176916
2064.5	0.3927598855915543
2065.	0.39277408734758473
2065.5	0.39278692877635923
2066.	0.3927984209702587
2066.5	0.3928112598779648
2067.	0.3928240956789154
2067.5	0.39283692837461376
2068.	0.39284975796656074
2068.5	0.39286258445625855
2069.	0.39287540784520675
2069.5	0.39288822808794344
2070.	0.3929010452798705
2070.5	0.39291385937554124
2071.	0.3929266703764517
2071.5	0.3929394782840959
2072.	0.39295228309996866
2072.5	0.3929650848255608
2073.	0.392977883462365
2073.5	0.39299067901187046
2074.	0.3930034714755668
2074.5	0.3930162608549424
2075.	0.3930290471514837
2075.5	0.393041830366676
2076.	0.39305461050200596
2076.5	0.3930673875589561
2077.	0.39308016153900965
2077.5	0.3930929324436473
2078.	0.3931057002743506
2078.5	0.39311846503259895
2079.	0.39313122671987055
2079.5	0.39314398533764344
2080.	0.39315674088739266
2080.5	0.39316949337059387
2081.	0.3931822427887223
2081.5	0.3931949891432498
2082.	0.39320773243564905
2082.5	0.3932204726673914
2083.	0.39323320983994575
2083.5	0.39324594395478163
2084.	0.39325867501336753
2084.5	0.39327140301716895
2085.	0.3932841279676518
2085.5	0.39329684986628183
2086.	0.3933095687145217
2086.5	0.3933222845138343
2087.	0.39333499726568116
2087.5	0.3933477069715227
2088.	0.39336041363281793
2088.5	0.39337311725102597
2089.	0.39338581782760423
2089.5	0.3933985153640075
2090.	0.393411209861692
2090.5	0.39342390132211275
2091.	0.39343658974672185
2091.5	0.39344927513697153
2092.	0.3934619574943133
2092.5	0.39347463682019634
2093.	0.3934873131160707
2093.5	0.39349998638338385
2094.	0.3935126566235825
2094.5	0.3935253238381127
2095.	0.3935379880284194
2095.5	0.3935506491959455
2096.	0.3935633073421355
2096.5	0.3935759624684303
2097.	0.39358861457626976
2097.5	0.393601215350025
2098.	0.3936138614227827
2098.5	0.3936265044117089
2099.	0.39363914441529074
2099.5	0.39365178140118606
2100.	0.3936644153139053
2100.5	0.39367704628197214
2101.	0.3936896742433054
2101.5	0.39370229919933647
2102.	0.3937149211514965
2102.5	0.39372754016510214
2103.	0.39374015611386937
2103.5	0.3937527690567025
2104.	0.39376537900775366
2104.5	0.39377798596207164
2105.	0.3937906390580517
2105.5	0.3938032400717561
2106.	0.39381583809276455
2106.5	0.39382843312249716
2107.	0.3938410251623749
2107.5	0.39385361421381637
2108.	0.39386620027824104
2108.5	0.393878783357066
2109.	0.39389136345170583
2109.5	0.3939039405635779
2110.	0.39391651469409555
2110.5	0.39392908584467196
2111.	0.39394165401671905
2111.5	0.3939542192116492
2112.	0.39396678143087194
2112.5	0.3939793406757967
2113.	0.3939918969478317
2113.5	0.3940044502483837
2114.	0.39401700057885986
2114.5	0.3940295479406647
2115.	0.3940420923352025
2115.5	0.39405463376387695
2116.	0.39406717222808985
2116.5	0.39407970772924295
2117.	0.3940922402687366
2117.5	0.39410476984796916
2118.	0.39411729646834026
2118.5	0.39412982013124614
2119.	0.3941423408380834
2119.5	0.39415485859024785
2120.	0.3941673733891332
2120.5	0.3941798852361336
2121.	0.3941923941326404
2121.5	0.39420490006082515
2122.	0.3942174030605523
2122.5	0.3942299031139571
2123.	0.3942424002224292
2123.5	0.39425489438735484
2124.	0.39426738561012176
2124.5	0.3942798738921144
2125.	0.39429235923471717
2125.5	0.39430484163931534
2126.	0.39431732110728945
2126.5	0.3943297976400225
2127.	0.3943422712388939
2127.5	0.39435474190528474
2128.	0.3943672096405724
2128.5	0.3943796744461358
2129.	0.39439213632335035
2129.5	0.3944045952735932
2130.	0.39441705129823806
2130.5	0.3944295043986594
2131.	0.39444195457623005
2131.5	0.3944544018323214
2132.	0.39446684616830513
2132.5	0.3944792875855506
2133.	0.394491726085427
2133.5	0.3945041616693023
2134.	0.3945165943385443
2134.5	0.3945290240945178
2135.	0.394541450938589
2135.5	0.3945538748721229
2136.	0.3945662958964803
2136.5	0.39457871401302536
2137.	0.39459112922311906
2137.5	0.3946035415281218
2138.	0.39461595092939317
2138.5	0.3946283574282909
2139.	0.39464076102617296
2139.5	0.39465316172439624
2140.	0.3946655163846612
2140.5	0.3946779114429794
2141.	0.39469030360520674
2141.5	0.39470269287269777
2142.	0.3947150792468062
2142.5	0.3947274627288835
2143.	0.3947398433202804
2143.5	0.3947522210223489
2144.	0.39476459583643647
2144.5	0.3947769677638923
2145.	0.3947893368060646
2145.5	0.39480170296429784
2146.	0.39481406623993953
2146.5	0.39482642663433326
2147.	0.39483878414882295
2147.5	0.3948511387847517
2148.	0.3948634905434605
2148.5	0.39487583942629084
2149.	0.39488818543458265
2149.5	0.3949005285696741
2150.	0.39491286883290433
2150.5	0.39492520622560984
2151.	0.3949375407491274
2151.5	0.394949872404791
2152.	0.39496220119393655
2152.5	0.39497452711789593
2153.	0.394986850178003
2153.5	0.3949991703834308
2154.	0.39501148771988154
2154.5	0.3950238021964716
2155.	0.39503611381452824
2155.5	0.39504842257538114
2156.	0.39506072848035595
2156.5	0.39507303153077866
2157.	0.39508533172797505
2157.5	0.39509762907326856
2158.	0.3951099235679831
2158.5	0.3951222152134402
2159.	0.39513450401096184
2159.5	0.39514678996186736
2160.	0.3951590730674778
2160.5	0.3951713533291104
2161.	0.39518363074808416
2161.5	0.39519590532571475
2162.	0.3952081770633189
2162.5	0.395220445962211
2163.	0.39523271202370464
2163.5	0.3952449752491147
2164.	0.39525723563975107
2164.5	0.3952694931969266
2165.	0.39528174792195175
2165.5	0.39529399981613533
2166.	0.3953062488807855
2166.5	0.39531849511721096
2167.	0.3953307385267178
2167.5	0.39534297911061256
2168.	0.39535521687020003
2168.5	0.3953674518067833
2169.	0.3953796839216665
2169.5	0.3953919132161518
2170.	0.39540413969154026
2170.5	0.39541636334913205
2171.	0.3954285841902275
2171.5	0.39544080221612443
2172.	0.3954530174281209
2172.5	0.39546522982751414
2173.	0.39547743941559993
2173.5	0.3954896461936727
2174.	0.3955018501630273
2174.5	0.3955140513249568
2175.	0.39552624968075345
2175.5	0.39553844523170884
2176.	0.39555063797911383
2176.5	0.3955628279242571
2177.	0.39557501506842907
2177.5	0.3955871994129162
2178.	0.3955993809590063
2178.5	0.3956115597079855
2179.	0.39562373566113884
2179.5	0.39563590881975086
2180.	0.39564807918510453
2180.5	0.39566024675848316
2181.	0.3956724115411678
2181.5	0.3956845735344397
2182.	0.39569673273957906
2182.5	0.39570888915786456
2183.	0.3957210427905742
2183.5	0.3957331936389865
2184.	0.3957453417043756
2184.5	0.3957574869740015
2185.	0.39576962947717376
2185.5	0.39578176920114794
2186.	0.39579390614719717
2186.5	0.39580604031659294
2187.	0.39581817171060774
2187.5	0.39583030033051175
2188.	0.3958424261775729
2188.5	0.39585454925306107
2189.	0.3958666695582442
2189.5	0.39587878709438773
2190.	0.3958909018627584
2190.5	0.3959030138646221
2191.	0.3959151231012412
2191.5	0.3959272295738803
2192.	0.3959393332838026
2192.5	0.39595143423226786
2193.	0.39596353242053794
2193.5	0.3959756278498727
2194.	0.3959877205215307
2194.5	0.395999810436771
2195.	0.3960118975968497
2195.5	0.3960239820030246
2196.	0.39603606365655
2196.5	0.39604814255868137
2197.	0.3960602187106725
2197.5	0.3960722921137764
2198.	0.39608436276924514
2198.5	0.3960964306783294
2199.	0.3961084958422807
2199.5	0.3961205582623477
2200.	0.3961326179397804
2200.5	0.3961446748758254
2201.	0.3961567290717302
2201.5	0.39616878052874144
2202.	0.39618082924810305
2202.5	0.39619287523106145
2203.	0.39620491847885836
2203.5	0.39621695899273807
2204.	0.39622899677394136
2204.5	0.3962410318237102
2205.	0.3962530641432849
2205.5	0.39626509373390395
2206.	0.3962771205968066
2206.5	0.3962891447332308
2207.	0.3963011661444124
2207.5	0.396313184831588
2208.	0.39632520079599315
2208.5	0.3963372140388618
2209.	0.3963492245614266
2209.5	0.3963612323649221
2210.	0.3963732374505792
2210.5	0.396385239819628
2211.	0.3963972394733
2211.5	0.39640923641282355
2212.	0.39642123063942836
2212.5	0.39643322215434024
2213.	0.39644521095878815
2213.5	0.3964571970539963
2214.	0.39646918044119017
2214.5	0.39648116112159504
2215.	0.3964931390964333
2215.5	0.39650511436692815
2216.	0.3965170869343018
2216.5	0.3965290567997738
2217.	0.39654102396456603
2217.5	0.3965529884298965
2218.	0.39656495019698546
2218.5	0.39657690926704825
2219.	0.3965888656413034
2219.5	0.3966008193209659
2220.	0.396612770307252
2220.5	0.3966247186013758
2221.	0.39663666420455035
2221.5	0.39664860711798894
2222.	0.39666054734290346
2222.5	0.3966724848805049
2223.	0.39668441973200297
2223.5	0.3966963518986084
2224.	0.3967082813815286
2224.5	0.39672020818197246
2225.	0.3967321323011459
2225.5	0.39674405374025606
2226.	0.396755972500508
2226.5	0.3967678885831065
2227.	0.39677980198925483
2227.5	0.39679171272015634
2228.	0.3968036207770134
2228.5	0.39681552616102655
2229.	0.39682742887339684
2229.5	0.3968393289153237
2230.	0.39685122628800656
2230.5	0.3968631209926433
2231.	0.39687501303043105
2231.5	0.396886902402567
2232.	0.3968987891102454
2232.5	0.3969106731546623
2233.	0.39692255453701086
2233.5	0.3969344332584849
2234.	0.3969463093202773
2234.5	0.39695818272357947
2235.	0.39697005346958114
2235.5	0.3969819215594734
2236.	0.3969937869944455
2236.5	0.39700564977568675
2237.	0.3970175099043826
2237.5	0.3970293673817218
2238.	0.39704122220888954
2238.5	0.3970530743870714
2239.	0.3970649239174516
2239.5	0.39707677080121395
2240.	0.3970886150395412
2240.5	0.397100456633616
2241.	0.39711229558461913
2241.5	0.39712413189373136
2242.	0.39713596556213204
2242.5	0.3971477965909997
2243.	0.39715962498151386
2243.5	0.3971714507348507
2244.	0.39718327385218694
2244.5	0.3971950943346987
2245.	0.39720691218356047
2245.5	0.3972187273999471
2246.	0.3972305399850314
2246.5	0.39724234993998636
2247.	0.39725415726598384
2247.5	0.39726596196419384
2248.	0.3972777640357884
2248.5	0.39728956348193567
2249.	0.39730136030380536
2249.5	0.39731315450256377
2250.	0.39732494607937996
2250.5	0.3973367350354189
2251.	0.39734852137184656
2251.5	0.3973603050898284
2252.	0.39737208619052716
2252.5	0.39738386467510783
2253.	0.3973956405447311
2253.5	0.3974074138005598
2254.	0.39741918444375385
2254.5	0.3974309524754748
2255.	0.39744271789688085
2255.5	0.39745448070913114
2256.	0.39746624091338323
2256.5	0.3974779985107943
2257.	0.39748976192111996
2257.5	0.39750151431026176
2258.	0.3975132725184886
2258.5	0.39752501970392046
2259.	0.3975367642882544
2259.5	0.39754850618790916
2260.	0.39756024557343456
2260.5	0.39757198236131713
2261.	0.3975837165527079
2261.5	0.39759544806374075
2262.	0.3976071770655233
2262.5	0.3976189035594138
2263.	0.39763062737632004
2263.5	0.3976423486024729
2264.	0.3976540672390178
2264.5	0.39766578337253483
2265.	0.39767749683336784
2265.5	0.3976892077080253
2266.	0.3977009159976491
2266.5	0.3977126132504224
2267.	0.3977243079171345
2267.5	0.39773600845522494
2268.	0.3977477064128755
2268.5	0.3977594017912247
2269.	0.39777109459141063
2269.5	0.39778278481456997
2270.	0.39779447246184013
2270.5	0.3978061575343563
2271.	0.3978178400332538
2271.5	0.39782951995966614
2272.	0.3978411973147267
2272.5	0.3978528720995692
2273.	0.3978645443153254
2273.5	0.3978762139631258
2274.	0.3978878810441014
2274.5	0.3978995455593818
2275.	0.3979112075100963
2275.5	0.39792286689737283
2276.	0.39793452372233895
2276.5	0.3979461779861212
2277.	0.3979578296898458
2277.5	0.3979694788346384
2278.	0.3979811254216226
2278.5	0.3979927694519225
2279.	0.39800441092666206
2279.5	0.39801604984696204
2280.	0.39802768621394524
2280.5	0.3980393200287321
2281.	0.39805095129244233
2281.5	0.3980625800061955
2282.	0.3980742061711101
2282.5	0.3980858297883048
2283.	0.3980974508588953
2283.5	0.3981090693839993
2284.	0.39812068536473155
2284.5	0.3981322988022072
2285.	0.39814390969754115
2285.5	0.3981555180518459
2286.	0.39816712386623415
2286.5	0.3981787271418191
2287.	0.39819032787971015
2287.5	0.3982019260810198
2288.	0.39821352174685637
2288.5	0.3982251148783294
2289.	0.39823670547654794
2289.5	0.3982482935426181
2290.	0.398259879077648
2290.5	0.3982714620827438
2291.	0.3982830425590095
2291.5	0.3982946205075518
2292.	0.3983061959294735
2292.5	0.3983177688258771
2293.	0.3983293391978674
2293.5	0.3983409070465449
2294.	0.3983524723730103
2294.5	0.3983640351783644
2295.	0.39837559546370666
2295.5	0.39838715323013607
2296.	0.3983987084787515
2296.5	0.3984102612106495
2297.	0.3984218114269269
2297.5	0.3984333591286805
2298.	0.3984449043170052
2298.5	0.39845644699299543
2299.	0.39846798715774545
2299.5	0.39847952481234783
2300.	0.39849105995789563
2300.5	0.3985025925954804
2301.	0.39851412272619413
2301.5	0.39852565035112486
2302.	0.3985371754713644
2302.5	0.3985486980880004
2303.	0.3985602182021215
2303.5	0.39857173581481603
2304.	0.39858325092716856
2304.5	0.3985947635402673
2305.	0.39860627365519674
2305.5	0.3986177812730416
2306.	0.39862928639488576
2306.5	0.3986407890218125
2307.	0.3986522891549042
2307.5	0.398663786795243
2308.	0.3986752819439103
2308.5	0.3986867746019852
2309.	0.39869826477054826
2309.5	0.39870975245067897
2310.	0.3987212376434557
2310.5	0.3987327203499548
2311.	0.3987442005712533
2311.5	0.39875567830842884
2312.	0.39876715356255665
2312.5	0.39877862633470995
2313.	0.39879009662596376
2313.5	0.39880156443739223
2314.	0.3988130297700672
2314.5	0.3988244926250608
2315.	0.3988359530034444
2315.5	0.3988474109062883
2316.	0.3988588663346631
2316.5	0.39887031928963773
2317.	0.39888176977228057
2317.5	0.39889321778365927
2318.	0.39890467322004397
2318.5	0.3989161163766826
2319.	0.3989275570652869
2319.5	0.39893899527560656
2320.	0.39895043103128724
2320.5	0.39896186432212666
2321.	0.3989732951491861
2321.5	0.3989847235250401
2322.	0.398996149427776
2322.5	0.39900756754114236
2323.	0.39901898311012407
2323.5	0.39903040154937686
2324.	0.399041817531185
2324.5	0.3990532310566062
2325.	0.3990646421266988
2325.5	0.3990760507425185
2326.	0.3990874569051228
2326.5	0.39909886061556554
2327.	0.3991102618749037
2327.5	0.3991216606841887
2328.	0.3991330570444765
2328.5	0.3991444509568184
2329.	0.3991558424222668
2329.5	0.3991672314418726
2330.	0.3991786180166871
2330.5	0.3991900021477605
2331.	0.3992013838361413
2331.5	0.3992127630828787
2332.	0.39922413988902095
2332.5	0.3992355142556148
2333.	0.39924688618370796
2333.5	0.39925825567434425
2334.	0.39926962272857136
2334.5	0.3992809873474323
2335.	0.3992923495319715
2335.5	0.39930370928323283
2336.	0.3993150666022577
2336.5	0.39932642149008846
2337.	0.3993377739477673
2337.5	0.3993491239763337
2338.	0.39936047157682775
2338.5	0.39937181675028943
2339.	0.39938315949775655
2339.5	0.3993944998202676
2340.	0.39940583771885957
2340.5	0.39941717319456826
2341.	0.39942850624843096
2341.5	0.3994398368814824
2342.	0.3994511650947564
2342.5	0.39946249088928754
2343.	0.3994738142661092
2343.5	0.3994851352262541
2344.	0.39949645377075393
2344.5	0.3995077699006398
2345.	0.399519083616942
2345.5	0.3995303949206918
2346.	0.3995417038129171
2346.5	0.3995530102946472
2347.	0.3995643143669096
2347.5	0.39957561603073205
2348.	0.39958691528714113
2348.5	0.39959821214576036
2349.	0.3996095065902994
2349.5	0.39962079863050154
2350.	0.399632088281407
2350.5	0.39964337551600515
2351.	0.3996546603493365
2351.5	0.39966594278242235
2352.	0.39967722281628404
2352.5	0.39968850045194265
2353.	0.3996997756904182
2353.5	0.3997110485327304
2354.	0.39972231897989724
2354.5	0.39973358703293776
2355.	0.39974485269286963
2355.5	0.3997561159607088
2356.	0.3997673768374716
2356.5	0.39977863532417474
2357.	0.39978989142183163
2357.5	0.3998011451314574
2358.	0.3998123964540656
2358.5	0.39982364539066834
2359.	0.39983489194227934
2359.5	0.3998416028062238
2360.	0.39985284135675964
2360.5	0.3998640775583621
2361.	0.3998753113967387
2361.5	0.3998865428883526
2362.	0.3999023212237097
2362.5	0.3999135511086642
2363.	0.3999247786167017
2363.5	0.3999360037488288
2364.	0.3999472265060503
2364.5	0.3999584468893726
2365.	0.3999696648998004
2365.5	0.39998088053833675
2366.	0.39999209380598677
2366.5	0.4000033047037509
2367.	0.40001451323263265
2367.5	0.40002571939363357
2368.	0.4000369231877536
2368.5	0.40004812461599293
2369.	0.4000593236793516
2369.5	0.4000705203788287
2370.	0.4000817147154219
2370.5	0.4000929066901283
2371.	0.40010409630394633
2371.5	0.40011528355787135
2372.	0.400126468452899
2372.5	0.40013765099002563
2373.	0.400148831170244
2373.5	0.40016000899454884
2374.	0.4001711844639333
2374.5	0.4001823575793895
2375.	0.4001935283419108
2375.5	0.4002046967524863
2376.	0.4002158628121088
2376.5	0.4002270265217659
2377.	0.40023818788244986
2377.5	0.40024934689514774
2378.	0.400260503560848
2378.5	0.400271657880539
2379.	0.40028280985520653
2379.5	0.40029395948583707
2380.	0.40030510677341746
2380.5	0.4003162517189308
2381.	0.4003273943233638
2381.5	0.4003385345876984
2382.	0.4003496725129186
2382.5	0.40036080810000746
2383.	0.40037194134994547
2383.5	0.40038307226371617
2384.	0.40039420084229765
2384.5	0.4004053270866719
2385.	0.4004164509978183
2385.5	0.4004275725767146
2386.	0.4004386918243402
2386.5	0.40044980874167213
2387.	0.4004609233296876
2387.5	0.4004720355893628
2388.	0.40048314552167386
2388.5	0.40049425312759557
2389.	0.4005053584081027
2389.5	0.4005164613641694
2390.	0.4005275619967685
2390.5	0.4005386603068729
2391.	0.40054975629545503
2391.5	0.4005608499654056
2392.	0.4005719413139804
2392.5	0.4005830303439452
2393.	0.40059411705627057
2393.5	0.4006052014519239
2394.	0.40061628353187534
2394.5	0.4006273632970918
2395.	0.4006384407485408
2395.5	0.4006495158871889
2396.	0.4006605887140019
2396.5	0.400671659229945
2397.	0.4006827274359844
2397.5	0.40069379333308264
2398.	0.40070485692220414
2398.5	0.4007159182043113
2399.	0.4007269771803679
2399.5	0.4007380338513343
2400.	0.40074908821817196
2400.5	0.40076014028184215
2401.	0.4007711900433042
2401.5	0.4007822375035177
2402.	0.400793282663441
2402.5	0.400804325524033
2403.	0.4008153660862508
2403.5	0.4008264043510515
2404.	0.40083744031939184
2404.5	0.4008484739922273
2405.	0.4008595053705129
2405.5	0.40087053445520276
2406.	0.40088156124725255
2406.5	0.4008925857379888
2407.	0.4009036079476267
2407.5	0.40091462786748233
2408.	0.40092564549850657
2408.5	0.40093666084165036
2409.	0.4009476738978653
2409.5	0.4009586846680995
2410.	0.4009696931533035
2410.5	0.40098069935442543
2411.	0.4009917032724142
2411.5	0.4010027049082159
2412.	0.4010137042627783
2412.5	0.40102470133704676
2413.	0.40103569613196843
2413.5	0.40104668864848775
2414.	0.4010576788875489
2414.5	0.40106866685009585
2415.	0.4010796525370722
2415.5	0.40109063594942107
2416.	0.4011016170880843
2416.5	0.40111259595400256
2417.	0.4011235725481174
2417.5	0.4011345468713706
2418.	0.40114551892470013
2418.5	0.4011564887090461
2419.	0.4011674562253467
2419.5	0.40117842147454136
2420.	0.4011893844575654
2420.5	0.40120034517535746
2421.	0.40121130362885293
2421.5	0.4012222598189886
2422.	0.4012332137466986
2422.5	0.4012441654129178
2423.	0.4012551148185801
2423.5	0.4012660619646192
2424.	0.40127700685196765
2424.5	0.40128794948155805
2425.	0.4012988898543221
2425.5	0.40130982797119036
2426.	0.401320763833094
2426.5	0.40133169744096325
2427.	0.40134262879572613
2427.5	0.40135355789831256
2428.	0.40136448474965003
2428.5	0.40137540935066723
2429.	0.401386331702291
2429.5	0.4013972518054473
2430.	0.40140816966106185
2430.5	0.4014190853210198
2431.	0.4014299987350732
2431.5	0.40144090985340913
2432.	0.40145181872790064
2432.5	0.40146272535947186
2433.	0.4014736297490456
2433.5	0.4014845318975435
2434.	0.40149543180588526
2434.5	0.4015063294749944
2435.	0.4015172249057898
2435.5	0.4015281180991904
2436.	0.40153900905611706
2436.5	0.40154989777748645
2437.	0.4015607842642178
2437.5	0.40157166851722814
2438.	0.40158255053743436
2438.5	0.4015934303257523
2439.	0.4016043078830984
2439.5	0.40161518321038703
2440.	0.40162605630853343
2440.5	0.40163692717845045
2441.	0.40164779582105287
2441.5	0.40165866223725377
2442.	0.4016695264279639
2442.5	0.40168038839409714
2443.	0.40169124813656215
2443.5	0.4017021056562712
2444.	0.40171296095413433
2444.5	0.40172381403106083
2445.	0.40173466488795884
2445.5	0.4017455135257384
2446.	0.4017563599453057
2446.5	0.40176720414756945
2447.	0.4017780461334352
2447.5	0.4017888859038104
2448.	0.4017997234595989
2448.5	0.4018105588017077
2449.	0.40182139193103966
2449.5	0.40183222284850034
2450.	0.4018430515549916
2450.5	0.40185387805141615
2451.	0.40186470233867794
2451.5	0.4018755244176781
2452.	0.40188634428931685
2452.5	0.4018971619544957
2453.	0.40190797741411455
2453.5	0.4019187906690723
2454.	0.4019296017202692
2454.5	0.40194041056860286
2455.	0.4019512172149711
2455.5	0.40196202166027123
2456.	0.40197282390539973
2456.5	0.4019836239512544
2457.	0.40199442179872913
2457.5	0.40200521744871975
2458.	0.40201601090212086
2458.5	0.4020268021598267
2459.	0.40203759122272953
2459.5	0.4020483780917242
2460.	0.4020591627677018
2460.5	0.4020699452515546
2461.	0.402080725544174
2461.5	0.4020915036464503
2462.	0.4021022795592739
2462.5	0.4021130532835352
2463.	0.40212382482012243
2463.5	0.4021345941699237
2464.	0.4021453613338283
2464.5	0.40215612631272313
2465.	0.40216688910749604
2465.5	0.40217764971903247
2466.	0.40218840814821794
2466.5	0.4021991643959388
2467.	0.4022099184630794
2467.5	0.4022206703505239
2468.	0.4022314200591561
2468.5	0.40224216758985937
2469.	0.40225291294351595
2469.5	0.40226365612100834
2470.	0.402274397123218
2470.5	0.4022851359510263
2471.	0.40229587260531324
2471.5	0.40230660708695853
2472.	0.4023173393968428
2472.5	0.40232806953584366
2473.	0.40233879750484036
2473.5	0.4023495233047102
2474.	0.40236024693633055
2474.5	0.4023709684005782
2475.	0.4023816876983301
2475.5	0.40239240483046074
2476.	0.4024031197978455
2476.5	0.4024138326013604
2477.	0.40242454324187765
2477.5	0.402435251720272
2478.	0.4024459580374161
2478.5	0.40245666219418275
2479.	0.40246736419144324
2479.5	0.4024780640300701
2480.	0.4024887617109339
2480.5	0.4024994572349042
2481.	0.40251015060285134
2481.5	0.4025208418156455
2482.	0.4025315308741544
2482.5	0.40254221777924737
2483.	0.40255290253179093
2483.5	0.4025635851326531
2484.	0.4025742655827007
2484.5	0.4025849438827994
2485.	0.402595620033816
2485.5	0.4026062940366137
2486.	0.4026169658920587
2486.5	0.40262763560101517
2487.	0.4026383031643458
2487.5	0.4026489685829142
2488.	0.4026596318575828
2488.5	0.40267029298921325
2489.	0.40268095197866755
2489.5	0.40269160882680605
2490.	0.40270226353449046
2490.5	0.4027129161025792
2491.	0.402723566531933
2491.5	0.4027342148234098
2492.	0.4027448609778684
2492.5	0.4027555049961665
2493.	0.40276614687916135
2493.5	0.4027767866277107
2494.	0.40278742424266983
2494.5	0.402798059724895
2495.	0.40280869307524103
2495.5	0.4028193242945628
2496.	0.40282995338371513
2496.5	0.40284058034355164
2497.	0.4028512051749252
2497.5	0.40286182787868857
2498.	0.40287244845569364
2498.5	0.40288306690679354
2499.	0.4028936832328375
2499.5	0.40290429743467737
2500.	0.40291490951316283
2500.5	0.40292551946914373
2501.	0.4029361273034686
2501.5	0.4029467330169876
2502.	0.4029573363289181
2502.5	0.40296793780325973
2503.	0.402978537159338
2503.5	0.4029891343979981
2504.	0.40299972952008667
2504.5	0.40301032252645
2505.	0.4030209134179319
2505.5	0.4030315021953783
2506.	0.40304208885963244
2506.5	0.40305267341153767
2507.	0.4030632558519371
2507.5	0.4030738361816739
2508.	0.4030844144015893
2508.5	0.4030949905125256
2509.	0.4031055645153229
2509.5	0.40311613641082245
2510.	0.40312670619986446
2510.5	0.4031372738832869
2511.	0.403147839461931
2511.5	0.40315840294435684
2512.	0.4031689643159747
2512.5	0.4031795235853283
2513.	0.40319008075325274
2513.5	0.40320063582058485
2514.	0.403211188788162
2514.5	0.4032217396568181
2515.	0.403232288427389
2515.5	0.40324283508658787
2516.	0.40325337966337876
2516.5	0.40326392214458595
2517.	0.40327446253104327
2517.5	0.4032850008235822
2518.	0.4032955372934265
2518.5	0.40330607140062064
2519.	0.40331660341639036
2519.5	0.4033271333415678
2520.	0.40333766117698255
2520.5	0.4033481869234643
2521.	0.40335871058184064
2521.5	0.4033692321529421
2522.	0.40337975163759515
2522.5	0.4033902690366294
2523.	0.4034007843508686
2523.5	0.40341129758114314
2524.	0.40342180872827604
2524.5	0.40343231779309496
2525.	0.40344282477642374
2525.5	0.40345332967908765
2526.	0.40346383250191026
2526.5	0.40347433324571547
2527.	0.4034848319113266
2527.5	0.4034953284995666
2528.	0.4035058230112569
2528.5	0.4035163154472191
2529.	0.40352680580827527
2529.5	0.40353729409524564
2530.	0.40354778030895005
2530.5	0.4035582644502085
2531.	0.4035687465198399
2531.5	0.40357922651866485
2532.	0.40358970444749886
2532.5	0.40360018030716105
2533.	0.4036106540984689
2533.5	0.4036211258222392
2534.	0.4036315954792878
2534.5	0.40364206307043043
2535.	0.4036525285964831
2535.5	0.40366299205826056
2536.	0.40367345345657635
2536.5	0.403683912792246
2537.	0.40369437006608155
2537.5	0.40370482527889673
2538.	0.4037152784315032
2538.5	0.4037257295247134
2539.	0.4037361785593388
2539.5	0.40374662553619073
2540.	0.4037570704560795
2540.5	0.40376751331981486
2541.	0.4037779541282069
2541.5	0.403788392882064
2542.	0.40379882958219526
2542.5	0.4038092642294092
2543.	0.4038196968245136
2543.5	0.40383012736831475
2544.	0.4038405558616197
2544.5	0.4038509823052352
2545.	0.40386140669996623
2545.5	0.40387182904661834
2546.	0.40388224934599637
2546.5	0.403892667598905
2547.	0.40390308380614764
2547.5	0.4039134987491905
2548.	0.4039239108656666
2548.5	0.4039343209388861
2549.	0.4039447289696522
2549.5	0.40395513495876434
2550.	0.4039655389070247
2550.5	0.4039759408152331
2551.	0.4039863406841902
2551.5	0.403996738514696
2552.	0.4040071343075491
2552.5	0.4040175280635487
2553.	0.4040279197834922
2553.5	0.4040383094681778
2554.	0.40404869711840324
2554.5	0.4040590827349644
2555.	0.4040694663186579
2555.5	0.40407984891470355
2556.	0.40409022843332404
2556.5	0.4041006059214621
2557.	0.40411098137991547
2557.5	0.4041213548094755
2558.	0.40413172621093757
2558.5	0.4041420955850942
2559.	0.4041524629327375
2559.5	0.4041628282546599
2560.	0.40417319155165365
2560.5	0.40418355054156824
2561.	0.40419390980441583
2561.5	0.4042042670446986
2562.	0.40421462226320565
2562.5	0.404224975460727
2563.	0.40423532663805156
2563.5	0.4042456763189418
2564.	0.40425602345951445
2564.5	0.40426636858225473
2565.	0.40427671168794926
2565.5	0.40428705277738525
2566.	0.40429739185134833
2566.5	0.4043077289106241
2567.	0.40431806395599823
2567.5	0.40432839698825435
2568.	0.4043387280081783
2568.5	0.4043490570165524
2569.	0.40435938401416105
2569.5	0.40436970900178576
2570.	0.40438003198021044
2570.5	0.40439035295021647
2571.	0.40440067191258516
2571.5	0.40441098886809745
2572.	0.40442130381753416
2572.5	0.404431616761675
2573.	0.4044419277013004
2573.5	0.40445223663718943
2574.	0.40446254357012035
2574.5	0.4044728485008716
2575.	0.40448315143022134
2575.5	0.40449345235894724
2576.	0.4045037512878252
2576.5	0.40451404820381204
2577.	0.40452434313532426
2577.5	0.4045346360693178
2578.	0.4045449270065668
2578.5	0.40455521594784605
2579.	0.404565502893931
2579.5	0.40457578784559384
2580.	0.4045860708036087
2580.5	0.40459635176874853
2581.	0.4046066307417858
2581.5	0.4046169077234921
2582.	0.40462718271463877
2582.5	0.40463745571599835
2583.	0.4046477267283389
2583.5	0.4046579957524331
2584.	0.40466826278904927
2584.5	0.404678527838958
2585.	0.4046887909029264
2585.5	0.4046990519817242
2586.	0.4047093110761187
2586.5	0.4047195681868779
2587.	0.40472982331476814
2587.5	0.40474007646055643
2588.	0.4047503276250093
2588.5	0.40476057680889177
2589.	0.4047708240129703
2589.5	0.40478106923800794
2590.	0.4047913124847705
2590.5	0.4048015537540217
2591.	0.40481179304652437
2591.5	0.4048220303630428
2592.	0.4048322657043383
2592.5	0.40484249907117403
2593.	0.4048527304643112
2593.5	0.40486295988451093
2594.	0.40487318733253463
2594.5	0.4048834128091428
2595.	0.404893636315095
2595.5	0.4049038578511505
2596.	0.40491407741806884
2596.5	0.404924295016609
2597.	0.40493451064752845
2597.5	0.4049447243115856
2598.	0.40495493600953697
2598.5	0.404965145742141
2599.	0.40497535351015257
2599.5	0.40498555931432795
2600.	0.4049957631554236
2600.5	0.4050059650341946
2601.	0.4050161649513948
2601.5	0.40502636290777927
2602.	0.4050365589041017
2602.5	0.40504675294111436
2603.	0.4050569450195723
2603.5	0.40506713514022646
2604.	0.40507732330382945
2604.5	0.40508750951113326
2605.	0.40509769376288907
2605.5	0.40510787605984716
2606.	0.40511805640275833
2606.5	0.40512823479237287
2607.	0.4051384112294395
2607.5	0.40514858571470824
2608.	0.4051587582489264
2608.5	0.40516892883284344
2609.	0.4051790974672066
2609.5	0.4051892641527633
2610.	0.40519942889026095
2610.5	0.4052095916804452
2611.	0.4052197518100793
2611.5	0.4052299107065312
2612.	0.40524006765790643
2612.5	0.40525022266494837
2613.	0.40526037572840373
2613.5	0.40527052684901504
2614.	0.40528067602752615
2614.5	0.4052908232646802
2615.	0.40530096856121967
2615.5	0.4053111119178869
2616.	0.40532125333542396
2616.5	0.4053313928145721
2617.	0.4053415303560719
2617.5	0.4053516659606641
2618.	0.4053617996290886
2618.5	0.4053719313620858
2619.	0.40538206116039377
2619.5	0.40539218902475244
2620.	0.40540231495589946
2620.5	0.40541243895457346
2621.	0.4054225610215119
2621.5	0.40543268115745107
2622.	0.4054427993631286
2622.5	0.40545291563928054
2623.	0.4054630299866426
2623.5	0.40547314240595006
2624.	0.40548325289793885
2624.5	0.4054933614633424
2625.	0.40550346810289584
2625.5	0.40551357283134937
2626.	0.40552367562140246
2626.5	0.4055337764878051
2627.	0.40554387543128934
2627.5	0.4055539724525881
2628.	0.40556406755243257
2628.5	0.40557416073155417
2629.	0.40558425199068326
2629.5	0.4055943413305517
2630.	0.4056044287518879
2630.5	0.40561451425542117
2631.	0.4056245978418822
2631.5	0.40563467951199955
2632.	0.40564475926649995
2632.5	0.405654837106113
2633.	0.4056649130315657
2633.5	0.405674987043585
2634.	0.40568505914289715
2634.5	0.40569512933022983
2635.	0.40570519760630736
2635.5	0.40571526397185614
2636.	0.4057253284276007
2636.5	0.40573539097426536
2637.	0.40574545161257486
2637.5	0.4057555103432528
2638.	0.40576556716702333
2638.5	0.40577562208460904
2639.	0.4057856750967304
2639.5	0.40579572620411236
2640.	0.40580577540747587
2640.5	0.40581582270754174
2641.	0.40582586810503085
2641.5	0.405835911600664
2642.	0.4058459531951611
2642.5	0.4058559928892417
2643.	0.40586603068362614
2643.5	0.4058760665790323
2644.	0.40588610057617813
2644.5	0.40589613267578223
2645.	0.4059061628785632
2645.5	0.4059161911852371
2646.	0.4059262175965207
2646.5	0.4059362421131316
2647.	0.4059462647357848
2647.5	0.40595628546519613
2648.	0.4059663043524523
2648.5	0.40597632129750433
2649.	0.4059863363514579
2649.5	0.40599634951502866
2650.	0.40600636080274055
2650.5	0.40601637018768444
2651.	0.40602637768438404
2651.5	0.4060363832935518
2652.	0.40604638701589973
2652.5	0.40605638885213935
2653.	0.40606638880298257
2653.5	0.40607638686913905
2654.	0.4060863830353733
2654.5	0.406096377318361
2655.	0.40610636973474745
2655.5	0.4061163602692873
2656.	0.4061263489226881
2656.5	0.4061363356956587
2657.	0.4061463205889072
2657.5	0.4061563036031413
2658.	0.40616628473906835
2658.5	0.4061762639973941
2659.	0.4061862413788254
2659.5	0.4061962168840682
2660.	0.4062061905138282
2660.5	0.4062161064612809
2661.	0.40622607645201353
2661.5	0.40623604456921447
2662.	0.4062460108135881
2662.5	0.40625597518583756
2663.	0.4062659375683533
2663.5	0.40627589819304405
2664.	0.40628585694772806
2664.5	0.40629581383310565
2665.	0.4063057688498795
2665.5	0.40631572199875077
2666.	0.40632567328042013
2666.5	0.4063356226955876
2667.	0.4063455702449543
2667.5	0.4063555159292189
2668.	0.40636545974908134
2668.5	0.40637540170524056
2669.	0.40638534179839453
2669.5	0.40639528002924186
2670.	0.40640521639847976
2670.5	0.4064151509068061
2671.	0.4064250835549177
2671.5	0.4064350143435104
2672.	0.4064449432732815
2672.5	0.4064548703449259
2673.	0.40646479555913895
2673.5	0.40647471893063397
2674.	0.40648464043206983
2674.5	0.40649456007815843
2675.	0.4065044778695933
2675.5	0.4065143937915413
2676.	0.40652430787576443
2676.5	0.40653422010741286
2677.	0.40654413048718
2677.5	0.4065540390157561
2678.	0.4065639456938337
2678.5	0.4065738505221043
2679.	0.406583753501258
2679.5	0.40659365463198444
2680.	0.4066035539149747
2680.5	0.40661345135091775
2681.	0.40662334694050273
2681.5	0.4066332406844195
2682.	0.4066431325833543
2682.5	0.4066530226379971
2683.	0.4066629108490347
2683.5	0.4066727972171553
2684.	0.4066826817430444
2684.5	0.40669256442738894
2685.	0.4067024452708752
2685.5	0.40671232427418874
2686.	0.40672220143801463
2686.5	0.40673207676303885
2687.	0.4067419502499449
2687.5	0.406751821899417
2688.	0.40676169171214005
2688.5	0.40677155968879625
2689.	0.4067814258300691
2689.5	0.4067912901366416
2690.	0.40680115260919575
2690.5	0.4068110132484129
2691.	0.40682087205497514
2691.5	0.40683072902956396
2692.	0.4068405841728593
2692.5	0.406850437485542
2693.	0.40686028896829257
2693.5	0.4068701386217898
2694.	0.40687998644671297
2694.5	0.40688983244374133
2695.	0.4068996766135535
2695.5	0.4069095189568267
2696.	0.4069193594742402
2696.5	0.40692919816646994
2697.	0.4069390350341933
2697.5	0.4069488700780874
2698.	0.40695870329882794
2698.5	0.40696853469709116
2699.	0.4069783642735519
2699.5	0.4069881920288861
2700.	0.40699801796376783
2700.5	0.40700784207887186
2701.	0.4070176643748716
2701.5	0.4070274848524415
2702.	0.4070373035122541
2702.5	0.4070471203549828
2703.	0.4070569353813001
2703.5	0.40706674859187736
2704.	0.4070765599873871
2704.5	0.4070863695685002
2705.	0.4070961773358876
2705.5	0.407105983290221
2706.	0.4071157874321691
2706.5	0.4071255897624031
2707.	0.40713539028159135
2707.5	0.40714518899040414
2708.	0.40715498588950966
2708.5	0.4071647809795757
2709.	0.40717457426127135
2709.5	0.4071843657352639
2710.	0.4071941554022206
2710.5	0.40720394326280807
2711.	0.4072137293176943
2711.5	0.40722351356754344
2712.	0.40723329601302233
2712.5	0.40724307665479653
2713.	0.4072528554935307
2713.5	0.4072626325298895
2714.	0.4072724077645377
2714.5	0.40728218119813975
2715.	0.4072919528313583
2715.5	0.4073017226648573
2716.	0.40731149069929845
2716.5	0.4073212569353456
2717.	0.40733102137366045
2717.5	0.40734078401490537
2718.	0.40735054485974015
2718.5	0.4073603039088271
2719.	0.40737006116282726
2719.5	0.40737981662239947
2720.	0.40738957028820555
2720.5	0.4073993221609035
2721.	0.40740907224108636
2721.5	0.4074188205295638
2722.	0.40742856702691055
2722.5	0.40743831173378453
2723.	0.40744805465084327
2723.5	0.4074577957787451
2724.	0.4074675351181459
2724.5	0.40747727266970374
2725.	0.40748700843407415
2725.5	0.40749674272971326
2726.	0.4075064749217934
2726.5	0.40751620532865274
2727.	0.4075259339509464
2727.5	0.4075356607893287
2728.	0.40754538584445454
2728.5	0.4075551087984767
2729.	0.4075648302889324
2729.5	0.4075745499980931
2730.	0.40758426792660907
2730.5	0.40759398407513364
2731.	0.40760369844431965
2731.5	0.4076134110348175
2732.	0.40762312184727856
2732.5	0.4076328308823548
2733.	0.40764253814069606
2733.5	0.40765224362295266
2734.	0.4076619473297751
2734.5	0.4076716492618121
2735.	0.4076813494197127
2735.5	0.4076910478041264
2736.	0.4077007444157016
2736.5	0.4077104392550863
2737.	0.40772013232292764
2737.5	0.40772982361987337
2738.	0.4077395131465717
2738.5	0.4077492009036675
2739.	0.407758886891808
2739.5	0.40776857111163956
2740.	0.40777825356380715
2740.5	0.4077879342489561
2741.	0.4077976131677314
2741.5	0.40780729032077784
2742.	0.4078169657087391
2742.5	0.4078266393322597
2743.	0.4078363111919828
2743.5	0.40784598128855154
2744.	0.40785564962260856
2744.5	0.4078653161947969
2745.	0.40787498100575853
2745.5	0.40788464405613456
2746.	0.4078943053465669
2746.5	0.40790396487769703
2747.	0.4079136226501647
2747.5	0.4079232786646103
2748.	0.40793293292167454
2748.5	0.40794258542199696
2749.	0.4079522361662171
2749.5	0.4079618851549726
2750.	0.4079715323889039
2750.5	0.40798117786864774
2751.	0.4079908215948425
2751.5	0.4080004635681266
2752.	0.40801010378913594
2752.5	0.4080197422585083
2753.	0.4080293789768798
2753.5	0.40803901400731774
2754.	0.4080486472256136
2754.5	0.40805827869481576
2755.	0.40806790841556057
2755.5	0.4080775363884814
2756.	0.4080871626142139
2756.5	0.4080967870933903
2757.	0.40810640982664687
2757.5	0.40811603081461567
2758.	0.40812565005793
2758.5	0.4081352675572223
2759.	0.40814488331312526
2759.5	0.4081544973262705
2760.	0.40816410959728994
2760.5	0.4081737201268152
2761.	0.40818332891547765
2761.5	0.4081929359639069
2762.	0.4082025412727339
2762.5	0.40821214484258894
2763.	0.40822174667410066
2763.5	0.4082313467678997
2764.	0.40824094512461345
2764.5	0.408250541744872
2765.	0.4082601366293025
2765.5	0.4082697297785333
2766.	0.4082793211931927
2766.5	0.40828891087390606
2767.	0.40829849882130265
2767.5	0.4083080850360079
2768.	0.4083176695186479
2768.5	0.40832725226984784
2769.	0.40833683329023585
2769.5	0.40834641258043464
2770.	0.40835599014106916
2770.5	0.40836556597276585
2771.	0.40837514007614734
2771.5	0.40838471245183766
2772.	0.4083942831004613
2772.5	0.40840385202263996
2773.	0.40841341921899743
2773.5	0.4084229846901566
2774.	0.4084325484367387
2774.5	0.408442110459366
2775.	0.40845167075866007
2775.5	0.40846122933524176
2776.	0.40847078618973265
2776.5	0.4084803413227532
2777.	0.4084898947349224
2777.5	0.40849944642686087
2778.	0.40850899639918775
2778.5	0.40851854465252363
2779.	0.40852809118748523
2779.5	0.40853763600469234
2780.	0.40854717910476274
2780.5	0.40855672048831454
2781.	0.40856626015596503
2781.5	0.40857579810833144
2782.	0.40858533434603034
2782.5	0.4085948688696786
2783.	0.40860440167989204
2783.5	0.4086139327772864
2784.	0.40862346216247813
2784.5	0.4086329898360816
2785.	0.40864251579871175
2785.5	0.40865204005098255
2786.	0.4086615625935091
2786.5	0.4086710834269048
2787.	0.40868060255178357
2787.5	0.40869011996875815
2788.	0.4086996356784415
2788.5	0.40870914968144506
2789.	0.4087186619783836
2789.5	0.408728172569867
2790.	0.40873768145650735
2790.5	0.40874718863891607
2791.	0.4087566941177032
2791.5	0.4087661978934803
2792.	0.4087756999668567
2792.5	0.4087852003384434
2793.	0.40879469900884985
2793.5	0.40880419597868384
2794.	0.4088136912485549
2794.5	0.40882318481907254
2795.	0.40883267669084467
2795.5	0.4088421668644795
2796.	0.40885165534058304
2796.5	0.40886114211976415
2797.	0.4088706272026291
2797.5	0.408880110589785
2798.	0.40888959228183813
2798.5	0.4088990722793938
2799.	0.4089085505830582
2799.5	0.40891802719343695
2800.	0.4089275021111342
2800.5	0.4089369753367556
2801.	0.40894644687090487
2801.5	0.40895591671418574
2802.	0.4089653848672028
2802.5	0.40897485133055894
2803.	0.4089843161048573
2803.5	0.4089937791907007
2804.	0.409003240588692
2804.5	0.4090127002994325
2805.	0.40902215832352434
2805.5	0.4090316146615686
2806.	0.4090410693141674
2806.5	0.4090505222819206
2807.	0.40905997356542856
2807.5	0.4090694231652927
2808.	0.40907887108211166
2808.5	0.40908831731648543
2809.	0.40909776186901314
2809.5	0.4091072047402939
2810.	0.40911664593092617
2810.5	0.409126085441508
2811.	0.40913552327263764
2811.5	0.40914495942491247
2812.	0.4091543938989297
2812.5	0.40916382669528684
2813.	0.4091732578145799
2813.5	0.4091826872179666
2814.	0.40919211498496716
2814.5	0.4092015410766924
2815.	0.4092109654937378
2815.5	0.4092203882366979
2816.	0.4092298093061672
2816.5	0.40923922870274093
2817.	0.40924864642701214
2817.5	0.4092580624795758
2818.	0.4092674768610254
2818.5	0.40927688957195313
2819.	0.4092863006129514
2819.5	0.40929570998461534
2820.	0.4093051176875351
2820.5	0.409314523722302
2821.	0.4093239280895091
2821.5	0.4093333307897477
2822.	0.40934273182360836
2822.5	0.4093521311916813
2823.	0.4093615288945576
2823.5	0.4093709249328264
2824.	0.4093803193070781
2824.5	0.4093897120179025
2825.	0.4093991030658874
2825.5	0.4094084924516225
2826.	0.4094178801756958
2826.5	0.40942726623869663
2827.	0.40943665064121115
2827.5	0.4094460333838277
2828.	0.40945541446713407
2828.5	0.40946479389171625
2829.	0.40947417165816097
2829.5	0.4094835477670549
2830.	0.40949292221898365
2830.5	0.40950229501453317
2831.	0.40951166615428836
2831.5	0.40952103563883463
2832.	0.4095304034687566
2832.5	0.40953976964463845
2833.	0.40954913416706573
2833.5	0.40955849699976904
2834.	0.4095678582170291
2834.5	0.4095772177825844
2835.	0.4095865756970175
2835.5	0.40959593196091054
2836.	0.4096052865748462
2836.5	0.4096146395394062
2837.	0.40962399085517254
2837.5	0.4096333405227267
2838.	0.40964268854264896
2838.5	0.4096520349155202
2839.	0.4096613796419216
2839.5	0.4096707227224326
2840.	0.40968006415763314
2840.5	0.40968940394810305
2841.	0.4096987420944204
2841.5	0.409708078597166
2842.	0.40971741345691653
2842.5	0.40972674667425135
2843.	0.4097360782497481
2843.5	0.4097454081839845
2844.	0.40975473647753735
2844.5	0.40976406313098473
2845.	0.4097733881449029
2845.5	0.4097827115198684
2846.	0.4097920332564568
2846.5	0.4098013533552445
2847.	0.40981067181680697
2847.5	0.40981998864172015
2848.	0.40982930383055766
2848.5	0.40983861738389415
2849.	0.4098479293023055
2849.5	0.40985723958636416
2850.	0.40986654823664453
2850.5	0.4098758552537201
2851.	0.40988516063816327
2851.5	0.4098944643533499
2852.	0.40990376647424603
2852.5	0.4099130669642273
2853.	0.40992236582386593
2853.5	0.40993166305373385
2854.	0.40994095865440283
2854.5	0.4099502526264433
2855.	0.40995954497042614
2855.5	0.4099688356869214
2856.	0.40997812477650003
2856.5	0.409987412239731
2857.	0.40999669807718336
2857.5	0.410005982289428
2858.	0.41001526487703277
2858.5	0.4100245458405665
2859.	0.4100338251805971
2859.5	0.4100431028976929
2860.	0.41005237899242186
2860.5	0.4100616534653516
2861.	0.41007092631704817
2861.5	0.4100801975480794
2862.	0.4100894671590111
2862.5	0.41009873515041034
2863.	0.4101080015228422
2863.5	0.41011726627687317
2864.	0.41012652941306743
2864.5	0.4101357909319911
2865.	0.41014505083420877
2865.5	0.4101543091202848
2866.	0.41016356579078217
2866.5	0.4101728208462669
2867.	0.41018207428730136
2867.5	0.41019132611444864
2868.	0.410200576328272
2868.5	0.4102098249293343
2869.	0.41021907191819784
2869.5	0.4102283172954242
2870.	0.410237561061576
2870.5	0.4102468032172143
2871.	0.4102560437629006
2871.5	0.41026528269919543
2872.	0.4102745200266596
2872.5	0.4102837557458542
2873.	0.4102929898573373
2873.5	0.4103022223616706
2874.	0.41031145325941276
2874.5	0.4103206825511227
2875.	0.41032991023736043
2875.5	0.41033913631868313
2876.	0.41034836079564974
2876.5	0.41035758366881864
2877.	0.41036680493874667
2877.5	0.4103760246059918
2878.	0.4103852426711108
2878.5	0.41039445913466155
2879.	0.4104036739971994
2879.5	0.4104128872592814
2880.	0.41042209892146264
2880.5	0.41043130898429947
2881.	0.4104405174483476
2881.5	0.410449724314161
2882.	0.4104589295822957
2882.5	0.4104681332533051
2883.	0.41047733532774444
2883.5	0.41048653580616695
2884.	0.410495734689127
2884.5	0.410504931977177
2885.	0.41051412767087114
2885.5	0.4105233217707614
2886.	0.4105325142773999
2886.5	0.4105417051913402
2887.	0.41055089451313315
2887.5	0.4105600822433313
2888.	0.41056926838248486
2888.5	0.4105784529311462
2889.	0.4105876358898647
2889.5	0.41059681725919217
2890.	0.41060599703967826
2890.5	0.410615175231872
2891.	0.4106243518363255
2891.5	0.41063352685358484
2892.	0.41064270028420213
2892.5	0.4106518721287242
2893.	0.4106610423877001
2893.5	0.41067021106167784
2894.	0.4106793781512072
2894.5	0.4106885436568327
2895.	0.41069770757910384
2895.5	0.410706869918567
2896.	0.4107160306757693
2896.5	0.41072518985125683
2897.	0.41073434744557624
2897.5	0.41074351060873376
2898.	0.410752665034648
2898.5	0.41076181788101374
2899.	0.41077096607560826
2899.5	0.4107801157623684
2900.	0.4107892638712154
2900.5	0.4107984104026918
2901.	0.41080755535734265
2901.5	0.4108166987357117
2902.	0.4108258405383421
2902.5	0.41083498075195707
2903.	0.41084411940473964
2903.5	0.4108532564834119
2904.	0.4108623919885164
2904.5	0.41087152592059606
2905.	0.4108806582801915
2905.5	0.410889789067844
2906.	0.41089891828409564
2906.5	0.410908045929487
2907.	0.4109171720045581
2907.5	0.4109262965098505
2908.	0.4109354194459034
2908.5	0.4109445407992395
2909.	0.41095366059843275
2909.5	0.4109627788300051
2910.	0.4109718954944959
2910.5	0.4109810105924439
2911.	0.41099012412438646
2911.5	0.4109992360908636
2912.	0.41100834649241075
2912.5	0.41101745532956757
2913.	0.4110265626028702
2913.5	0.41103566831285576
2914.	0.41104477246006155
2914.5	0.4110538750450232
2915.	0.41106297606827796
2915.5	0.4110720755303608
2916.	0.41108117343180783
2916.5	0.4110902697731544
2917.	0.41109936455493523
2917.5	0.41110845777768557
2918.	0.41111754944193935
2918.5	0.41112663954823164
2919.	0.41113572809709625
2919.5	0.4111448150890663
2920.	0.4111539005386934
2920.5	0.41116298441847504
2921.	0.41117206674296214
2921.5	0.41118114751268686
2922.	0.4111902267281821
2922.5	0.4111993043899797
2923.	0.4112083804986116
2923.5	0.41121745505460877
2924.	0.4112265280585031
2924.5	0.4112355995108248
2925.	0.41124466941210575
2925.5	0.41125373776287494
2926.	0.41126280456366404
2926.5	0.4112718698150013
2927.	0.4112809335174182
2927.5	0.4112899956714428
2928.	0.41129905627760427
2928.5	0.41130811533643163
2929.	0.4113171662264012
2929.5	0.4113262222009215
2930.	0.41133527662970804
2930.5	0.41134432951328964
2931.	0.411353380852192
2931.5	0.4113624306469431
2932.	0.4113714788980699
2932.5	0.41138052560609883
2933.	0.4113895707715568
2933.5	0.4113986143949685
2934.	0.411407656462844
2934.5	0.41141669700374267
2935.	0.4114257360041728
2935.5	0.41143477346465906
2936.	0.41144380938572633
2936.5	0.41145284376790003
2937.	0.41146187661170247
2937.5	0.41147090791765856
2938.	0.41147993768629265
2938.5	0.4114889659181268
2939.	0.4114979926136855
2939.5	0.4115070177734905
2940.	0.41151604139806525
2940.5	0.4115250634879315
2941.	0.41153408404361136
2941.5	0.41154310306562686
2942.	0.4115521205544999
2942.5	0.4115611365107511
2943.	0.41157015093490135
2943.5	0.4115791638274719
2944.	0.4115881751889836
2944.5	0.41159718501995507
2945.	0.4116061933209078
2945.5	0.4116152000923607
2946.	0.4116242053348342
2946.5	0.41163320904884587
2947.	0.4116422112349158
2947.5	0.41165121189356235
2948.	0.4116602110253037
2948.5	0.4116692086306581
2949.	0.41167820471014305
2949.5	0.41168719926427566
2950.	0.4116961922935753
2950.5	0.411705183798557
2951.	0.41171417377973785
2951.5	0.41172316223763483
2952.	0.4117321491727644
2952.5	0.4117411345856421
2953.	0.4117501184767831
2953.5	0.41175910084670414
2954.	0.4117680816959198
2954.5	0.4117770610249448
2955.	0.4117860388342939
2955.5	0.4117950151244818
2956.	0.4118039898960224
2956.5	0.4118129631494298
2957.	0.4118219348852178
2957.5	0.41183090510389875
2958.	0.41183987380598747
2958.5	0.41184884099199487
2959.	0.41185780666243516
2959.5	0.4118667708178199
2960.	0.4118757334586615
2960.5	0.4118846945854713
2961.	0.41189365419876134
2961.5	0.4119026122990425
2962.	0.411911568886826
2962.5	0.41192052396262285
2963.	0.4119294775269435
2963.5	0.4119384295802975
2964.	0.411947380123196
2964.5	0.41195632915614777
2965.	0.41196527667966254
2965.5	0.41197422269425044
2966.	0.41198316720041933
2966.5	0.4119921101986778
2967.	0.41200105168953544
2967.5	0.41200999167349933
2968.	0.4120189301510778
2968.5	0.41202786712277933
2969.	0.41203680258910985
2969.5	0.4120457365505778
2970.	0.4120546690076896
2970.5	0.41206359996095143
2971.	0.4120725294108703
2971.5	0.4120814573579524
2972.	0.41209038380270346
2972.5	0.412099308745629
2973.	0.4121082321872348
2973.5	0.4121171541280256
2974.	0.4121260745685059
2974.5	0.4121349935091812
2975.	0.41214391095055514
2975.5	0.41215282689313176
2976.	0.4121617413374165
2976.5	0.41217065428391075
2977.	0.4121795657331194
2977.5	0.4121884756855445
2978.	0.4121973841416895
2978.5	0.412206291102057
2979.	0.4122151965671484
2979.5	0.4122241005374678
2980.	0.4122330030135149
2980.5	0.4122419039957924
2981.	0.4122508034988191
2981.5	0.4122597014950598
2982.	0.41226859799903515
2982.5	0.4122774930112439
2983.	0.41228638653218674
2983.5	0.41229527856236403
2984.	0.4123041691022752
2984.5	0.4123130581524203
2985.	0.41232194571329794
2985.5	0.4123308317854079
2986.	0.41233971636924865
2986.5	0.4123485994653189
2987.	0.41235748107411646
2987.5	0.4123663611961396
2988.	0.4123752398318862
2988.5	0.4123841169818542
2989.	0.4123929926465407
2989.5	0.41240186682644253
2990.	0.41241073952205637
2990.5	0.41241961073387867
2991.	0.4124284804624064
2991.5	0.4124373487081356
2992.	0.41244621547156135
2992.5	0.41245508075317944
2993.	0.41246394455348545
2993.5	0.4124728068729748
2994.	0.412481667712141
2994.5	0.4124905270714798
2995.	0.412499384951485
2995.5	0.41250824135265074
2996.	0.41251709627547095
2996.5	0.4125259497204394
2997.	0.41253480168804907
2997.5	0.412543652178793
2998.	0.41255250119316433
2998.5	0.41256134873165523
2999.	0.4125701947947588
2999.5	0.4125790393829665
3000.	0.41258788249676986
3000.5	0.41259672413666126
3001.	0.41260556430313183
3001.5	0.412614402996672
3002.	0.41262324021777386
3002.5	0.4126320759669271
3003.	0.4126409102446219
3003.5	0.41264974305134977
3004.	0.412658574387599
3004.5	0.4126674042538599
3005.	0.4126762326506228
3005.5	0.4126850595783746
3006.	0.41269388503760607
3006.5	0.41270270902880535
3007.	0.4127115315524608
3007.5	0.4127203526090603
3008.	0.4127291721990926
3008.5	0.4127379903230441
3009.	0.4127468069814038
3009.5	0.4127556257358817
3010.	0.41276443946679026
3010.5	0.4127732517335678
3011.	0.4127820625367003
3011.5	0.41279087187667396
3012.	0.412799679753976
3012.5	0.41280848616909105
3013.	0.4128172911225042
3013.5	0.41282609461470193
3014.	0.4128348966461688
3014.5	0.4128436972173894
3015.	0.4128524963288485
3015.5	0.4128612939810295
3016.	0.4128700901744181
3016.5	0.4128788849094962
3017.	0.4128876781867494
3017.5	0.4128964700066593
3018.	0.4129052603697097
3018.5	0.4129140492763845
3019.	0.41292283672716396
3019.5	0.4129316227225325
3020.	0.41294040726297065
3020.5	0.4129491903489616
3021.	0.4129579719809864
3021.5	0.4129667521595266
3022.	0.412975530885064
3022.5	0.412984308158078
3023.	0.4129930839790512
3023.5	0.4130018583484625
3024.	0.41301063126679277
3024.5	0.41301940273452137
3025.	0.4130281727521297
3025.5	0.413036941320095
3026.	0.41304570843889826
3026.5	0.4130544741090176
3027.	0.41306323833093245
3027.5	0.41307200110512077
3028.	0.4130807624320614
3028.5	0.4130895223122324
3029.	0.41309828074611077
3029.5	0.41310703773417506
3030.	0.4131157932769021
3030.5	0.4131245473747692
3031.	0.4131333000282538
3031.5	0.413142051237831
3032.	0.4131508010039791
3032.5	0.4131595493271731
3033.	0.4131682962078891
3033.5	0.4131770416466038
3034.	0.41318578564379127
3034.5	0.41319452819992764
3035.	0.41320326931548695
3035.5	0.4132120089909454
3036.	0.4132207472267766
3036.5	0.4132294840234551
3037.	0.4132382193814551
3037.5	0.41324695330125005
3038.	0.41325568578331434
3038.5	0.4132644168281201
3039.	0.4132731464361412
3039.5	0.41328187460785043
3040.	0.41329060134372114
3040.5	0.4132993266442247
3041.	0.41330805050983366
3041.5	0.4133167729410205
3042.	0.4133254939382559
3042.5	0.41333421350201194
3043.	0.4133429316327601
3043.5	0.41335164833097165
3044.	0.41336036359711714
3044.5	0.41336907743166684
3045.	0.41337778983509077
3045.5	0.4133865008078599
3046.	0.41339521035044385
3046.5	0.41340391846331226
3047.	0.4134126251469341
3047.5	0.41342133040177875
3048.	0.41343003422831553
3048.5	0.4134387366270133
3049.	0.41344743759833946
3049.5	0.4134561371427637
3050.	0.4134648352607536
3050.5	0.4134735319527757
3051.	0.4134822272192997
3051.5	0.41349092106079094
3052.	0.4134996134777178
3052.5	0.4135083044705465
3053.	0.41351699403974407
3053.5	0.41352568218577684
3054.	0.4135343689091116
3054.5	0.4135430542102126
3055.	0.4135517380895476
3055.5	0.41356042054758085
3056.	0.4135691015847778
3056.5	0.4135777812016032
3057.	0.41358645939852384
3057.5	0.41359513617600124
3058.	0.4136038115345025
3058.5	0.41361248547448914
3059.	0.41362115799642774
3059.5	0.4136298290922855
3060.	0.41363849877956366
3060.5	0.41364716705018273
3061.	0.4136558339046057
3061.5	0.4136644993432963
3062.	0.4136731633667155
3062.5	0.4136818259753266
3063.	0.4136904871695917
3063.5	0.41369914694997234
3064.	0.4137078053169309
3064.5	0.41371646227092723
3065.	0.4137251178124239
3065.5	0.4137337719340241
3066.	0.41374242465199407
3066.5	0.4137510759588455
3067.	0.41375972585503956
3067.5	0.41376837434103714
3068.	0.4137770214172964
3068.5	0.413785667084278
3069.	0.41379431134244027
3069.5	0.41380295419224394
3070.	0.4138115956341462
3070.5	0.4138202356686072
3071.	0.41382887429608495
3071.5	0.4138375115170374
3072.	0.41384614733192326
3072.5	0.41385478174119905
3073.	0.41386341474532384
3073.5	0.41387204634475444
3074.	0.41388067653994737
3074.5	0.4138893053313605
3075.	0.4138979327194503
3075.5	0.4139065587046727
3076.	0.41391518328748483
3076.5	0.4139238064683418
3077.	0.4139324282477
3077.5	0.41394104862601405
3078.	0.4139496676037411
3078.5	0.4139582851813348
3079.	0.41396690135925074
3079.5	0.4139755161379439
3080.	0.4139841295178679
3080.5	0.4139927414994771
3081.	0.414001352083226
3081.5	0.4140099612695683
3082.	0.4140185690589571
3082.5	0.4140271754518471
3083.	0.4140357804486896
3083.5	0.41404438404993876
3084.	0.4140529862560471
3084.5	0.41406158706746643
3085.	0.4140701864846505
3085.5	0.41407878450804964
3086.	0.41408738113811633
3086.5	0.41409597637530277
3087.	0.41410457022006036
3087.5	0.41411316267283876
3088.	0.41412175373409055
3088.5	0.4141303434042655
3089.	0.4141389316838145
3089.5	0.41414751857318827
3090.	0.4141561040728361
3090.5	0.41416468818320834
3091.	0.4141732709047539
3091.5	0.4141818522379234
3092.	0.41419043218316576
3092.5	0.41419901074092796
3093.	0.4142075879116614
3093.5	0.41421616369581343
3094.	0.41422473809383303
3094.5	0.4142333111061676
3095.	0.41424188273326473
3095.5	0.4142504529755727
3096.	0.4142590218335393
3096.5	0.41426758930761126
3097.	0.4142761553982359
3097.5	0.4142847201058596
3098.	0.4142932834309289
3098.5	0.41430184537389025
3099.	0.4143104059351906
3099.5	0.41431896511527516
3100.	0.4143275229145898
3100.5	0.41433607933358
3101.	0.41434463437269137
3101.5	0.41435318803236837
3102.	0.4143617403130563
3102.5	0.41437029121519947
3103.	0.41437884073924275
3103.5	0.4143873888856304
3104.	0.41439593565480565
3104.5	0.4144044810472127
3105.	0.41441302506329575
3105.5	0.4144215677034979
3106.	0.41443010896826143
3106.5	0.4144386488580296
3107.	0.41444718737324615
3107.5	0.4144557245143529
3108.	0.4144642602817915
3108.5	0.41447279467600445
3109.	0.4144813276974343
3109.5	0.41448985934652144
3110.	0.4144983896237092
3110.5	0.41450691852943705
3111.	0.41451544606414614
3111.5	0.4145239722282783
3112.	0.414532497022273
3112.5	0.4145410204465713
3113.	0.4145495425016139
3113.5	0.414558063187839
3114.	0.4145665825056875
3114.5	0.4145751004555994
3115.	0.41458361703801333
3115.5	0.41459213225336794
3116.	0.4146006461021028
3116.5	0.41460915858465613
3117.	0.41461766970146774
3117.5	0.4146261794529742
3118.	0.4146346878396137
3118.5	0.4146431948618255
3119.	0.4146517005200461
3119.5	0.41466020481471244
3120.	0.414668707746263
3120.5	0.4146772093151338
3121.	0.41468570952176215
3121.5	0.4146942083665839
3122.	0.4147027058500366
3122.5	0.41471120197255557
3123.	0.4147196967345768
3123.5	0.414728190136536
3124.	0.4147366821788691
3124.5	0.41474517286201074
3125.	0.4147536621863971
3125.5	0.41476215015246176
3126.	0.41477063676064063
3126.5	0.4147791220113672
3127.	0.4147876059050763
3127.5	0.4147960884422013
3128.	0.4148045696231772
3128.5	0.41481304944843733
3129.	0.414821527918414
3129.5	0.4148300050335417
3130.	0.41483848079425295
3130.5	0.41484695520098075
3131.	0.41485542825415733
3131.5	0.4148638999542153
3132.	0.41487237030158713
3132.5	0.4148808392967041
3133.	0.41488930693999876
3133.5	0.41489777323190224
3134.	0.4149062381728463
3134.5	0.41491470176326156
3135.	0.4149231640035792
3135.5	0.41493162489422974
3136.	0.4149400844356443
3136.5	0.4149485426282523
3137.	0.4149569994724853
3137.5	0.4149654549687715
3138.	0.4149739091175422
3138.5	0.4149823619192262
3139.	0.41499081337425175
3139.5	0.4149992634830497
3140.	0.41500771224604854
3140.5	0.41501615966367583
3141.	0.4150246057363613
3141.5	0.4150330504645322
3142.	0.4150414938486176
3142.5	0.4150499358890451
3143.	0.41505837658624173
3143.5	0.41506681594063544
3144.	0.4150752539526543
3144.5	0.4150836906227239
3145.	0.41509212595127115
3145.5	0.4151005599387242
3146.	0.41510899258550815
3146.5	0.4151174238920495
3147.	0.4151258538587745
3147.5	0.41513428248610895
3148.	0.4151427097744779
3148.5	0.4151511357243078
3149.	0.4151595603360233
3149.5	0.4151679836100496
3150.	0.415176405546811
3150.5	0.4151848261467327
3151.	0.41519324541023883
3151.5	0.415201663337754
3152.	0.41521007992970105
3152.5	0.41521849518650555
3153.	0.4152269091085902
3153.5	0.41523532169637756
3154.	0.4152437329502922
3154.5	0.4152521428707564
3155.	0.4152605514581932
3155.5	0.41526895871302527
3156.	0.41527736463567455
3156.5	0.4152857692265633
3157.	0.41529417248611494
3157.5	0.41530257441474866
3158.	0.41531097501288755
3158.5	0.41531937428095356
3159.	0.41532777221936723
3159.5	0.4153361688285496
3160.	0.41534456410892084
3160.5	0.4153529580609023
3161.	0.4153613506849143
3161.5	0.41536974198137716
3162.	0.4153781319507104
3162.5	0.41538652059333403
3163.	0.41539490790966754
3163.5	0.4154032939001309
3164.	0.4154116785651423
3164.5	0.41542006190512115
3165.	0.41542844392048695
3165.5	0.41543682461165765
3166.	0.41544520397905144
3166.5	0.41545358202308724
3167.	0.4154619587441824
3167.5	0.4154703341427542
3168.	0.41547870821922245
3168.5	0.4154870809740016
3169.	0.4154954524075117
3169.5	0.4155038225201675
3170.	0.4155121913123871
3170.5	0.41552055878458644
3171.	0.41552892493718263
3171.5	0.41553728974008985
3172.	0.4155456532545622
3172.5	0.4155540154506781
3173.	0.4155623763288542
3173.5	0.4155707358895069
3174.	0.41557909413304944
3174.5	0.4155874510598978
3175.	0.4155958066704672
3175.5	0.4156041609651717
3176.	0.41561251394442633
3176.5	0.41562086560864453
3177.	0.4156292159582411
3177.5	0.41563756499362936
3178.	0.4156459127152236
3178.5	0.4156542591234369
3179.	0.41566260421868306
3179.5	0.4156709480153909
3180.	0.4156792904859406
3180.5	0.41568763164476125
3181.	0.41569597149226506
3181.5	0.4157043100288659
3182.	0.4157126472549734
3182.5	0.4157209831710019
3183.	0.41572931777736116
3183.5	0.4157376510744642
3184.	0.4157459830627214
3184.5	0.4157543137425449
3185.	0.41576264311434474
3185.5	0.4157709711785313
3186.	0.41577929793551655
3186.5	0.41578762338571035
3187.	0.4157959475295222
3187.5	0.41580427036736234
3188.	0.4158125918996407
3188.5	0.41582091212676714
3189.	0.4158292310491509
3189.5	0.415837548667201
3190.	0.41584586498132653
3190.5	0.41585417999193663
3191.	0.41586249369943995
3191.5	0.41587080610424404
3192.	0.4158791172067579
3192.5	0.41588742700738984
3193.	0.41589573550654685
3193.5	0.4159040427046372
3194.	0.4159123486020688
3194.5	0.415920653199248
3195.	0.41592895649658224
3195.5	0.4159372584944789
3196.	0.4159455591933437
3196.5	0.41595385859358447
3197.	0.4159621566956063
3197.5	0.41597045349981604
3198.	0.41597874900661913
3198.5	0.4159870432164217
3199.	0.41599533612963024
3199.5	0.41600362774664845
3200.	0.4160119180678825
3200.5	0.416020207093737
3201.	0.4160284948246169
3201.5	0.41603678126092686
3202.	0.41604506640307165
3202.5	0.4160533502514545
3203.	0.41606163280648034
3203.5	0.4160699140685533
3204.	0.41607819403807633
3204.5	0.41608647271545335
3205.	0.41609475010108704
3205.5	0.41610302619538125
3206.	0.41611130099873805
3206.5	0.4161195745115616
3207.	0.416127846734253
3207.5	0.4161361176672155
3208.	0.4161443873108504
3208.5	0.41615265566556087
3209.	0.4161609227317471
3209.5	0.4161691885098121
3210.	0.4161774530001569
3210.5	0.41618571620318273
3211.	0.4161939781192901
3211.5	0.4162022387488811
3212.	0.41621049809235494
3212.5	0.4162187561501131
3213.	0.41622701292255493
3213.5	0.416235268410082
3214.	0.41624352261309217
3214.5	0.41625177553198717
3215.	0.41626002716716565
3215.5	0.41626827751902684
3216.	0.4162765265879699
3216.5	0.41628477437439354
3217.	0.41629302087869835
3217.5	0.41630126610128076
3218.	0.4163095100425403
3218.5	0.41631775270287474
3219.	0.4163259940826827
3219.5	0.4163342341823611
3220.	0.416342473002309
3220.5	0.4163507105429229
3221.	0.4163589468046003
3221.5	0.4163671817877376
3222.	0.4163754154927332
3222.5	0.41638364791998295
3223.	0.4163918790698837
3223.5	0.41640010894283197
3224.	0.4164083375392236
3224.5	0.41641656485945466
3225.	0.4164247909039214
3225.5	0.41643301567301855
3226.	0.4164412391671423
3226.5	0.41644946138668837
3227.	0.416457682332051
3227.5	0.4164659020036251
3228.	0.4164741204018055
3228.5	0.4164823375269877
3229.	0.4164905533795648
3229.5	0.4164987679599318
3230.	0.4165069812684824
3230.5	0.41651519330561004
3231.	0.4165234040717088
3231.5	0.41653161356717167
3232.	0.41653982179239296
3232.5	0.41654802874776453
3233.	0.41655623443368023
3233.5	0.4165644388505324
3234.	0.416572641998713
3234.5	0.41658084387861577
3235.	0.41658904449063167
3235.5	0.4165972438351527
3236.	0.41660544191257115
3236.5	0.4166136387232782
3237.	0.4166218342676658
3237.5	0.4166300285461254
3238.	0.4166382215590477
3238.5	0.4166464133068233
3239.	0.41665460378984265
3239.5	0.41666279300849773
3240.	0.41667098096317795
3240.5	0.41667916765427315
3241.	0.4166873530821741
3241.5	0.41669553724727
3242.	0.4167037201499501
3242.5	0.41671190179060547
3243.	0.416720082169624
3243.5	0.41672826128739554
3244.	0.4167364391443083
3244.5	0.41674461574075095
3245.	0.4167527910771128
3245.5	0.41676096515378197
3246.	0.4167691379711465
3246.5	0.41677730952959413
3247.	0.41678547982951336
3247.5	0.41679364887129117
3248.	0.41680181665531574
3248.5	0.41680998318197376
3249.	0.4168181484516528
3249.5	0.41682631246473906
3250.	0.41683447522162004
3250.5	0.41684263672268246
3251.	0.4168507969683122
3251.5	0.41685895595889527
3252.	0.4168671136948182
3252.5	0.41687527017646697
3253.	0.41688342540422696
3253.5	0.41689157937848376
3254.	0.41689973209962267
3254.5	0.41690788356802894
3255.	0.4169160337840873
3255.5	0.4169241827481833
3256.	0.4169323304607003
3256.5	0.41694047692202374
3257.	0.4169486221325379
3257.5	0.4169567660926261
3258.	0.41696490880267334
3258.5	0.41697305026306225
3259.	0.41698119047417737
3259.5	0.4169893294364009
3260.	0.41699746715011693
3260.5	0.4170056036157085
3261.	0.4170137388335583
3261.5	0.41702187280404973
3262.	0.4170300055275635
3262.5	0.41703813700448333
3263.	0.41704626723519134
3263.5	0.41705439622006873
3264.	0.417062523959498
3264.5	0.41707065045386055
3265.	0.41707877570353735
3265.5	0.4170868997089109
3266.	0.4170950224703617
3266.5	0.41710314398826953
3267.	0.4171112642630169
3267.5	0.41711938329498355
3268.	0.41712750108454977
3268.5	0.41713561763209606
3269.	0.41714373293800194
3269.5	0.41715184700264907
3270.	0.4171599598264142
3270.5	0.41716807140967926
3271.	0.4171761817528229
3271.5	0.41718429085622355
3272.	0.4171923987202612
3272.5	0.41720050534531417
3273.	0.41720861073176163
3273.5	0.4172167148799817
3274.	0.4172248177903528
3274.5	0.41723291946325286
3275.	0.4172410198990595
3275.5	0.4172491190981512
3276.	0.4172572170609057
3276.5	0.4172653137877002
3277.	0.4172734092789114
3277.5	0.41728150353491694
3278.	0.4172895965560939
3278.5	0.4172976883428184
3279.	0.4173057788954677
3279.5	0.4173138682144178
3280.	0.41732195630004515
3280.5	0.4173300431527252
3281.	0.41733812877283527
3281.5	0.4173462131607496
3282.	0.41735429631684423
3282.5	0.4173623782414948
3283.	0.41737045893507657
3283.5	0.4173785383979636
3284.	0.41738661663053184
3284.5	0.4173946936331557
3285.	0.41740276940620974
3285.5	0.417410843950068
3286.	0.4174189172651046
3286.5	0.4174269893516941
3287.	0.41743506027067545
3287.5	0.4174431299617512
3288.	0.41745119836504374
3288.5	0.4174592655413831
3289.	0.4174673314911422
3289.5	0.41747539621469437
3290.	0.41748345971241235
3290.5	0.41749152198466805
3291.	0.4174995830318346
3291.5	0.4175076428542846
3292.	0.41751570145238937
3292.5	0.41752375882652165
3293.	0.417531814977052
3293.5	0.4175398699043539
3294.	0.4175479236087976
3294.5	0.4175559760907549
3295.	0.4175640273505957
3295.5	0.41757207738869245
3296.	0.41758012620541507
3296.5	0.4175881738011349
3297.	0.4175962201762217
3297.5	0.41760426533104567
3298.	0.41761230926597737
3298.5	0.4176203519813872
3299.	0.4176283934776435
3299.5	0.41763643375511705
3300.	0.4176444728141769
3300.5	0.41765251065519204
3301.	0.417660547278532
3301.5	0.41766858268456525
3302.	0.4176766168736616
3302.5	0.417684649846188
3303.	0.41769268160251416
3303.5	0.41770071214300786
3304.	0.4177087414680381
3304.5	0.41771676957797066
3305.	0.41772479647317584
3305.5	0.4177327219663879
3306.	0.4177407465636514
3306.5	0.41774876994720106
3307.	0.4177567921174045
3307.5	0.4177648130746287
3308.	0.41777283281923916
3308.5	0.41778085135160375
3309.	0.41778886867208775
3309.5	0.41779688478105814
3310.	0.4178048996788794
3310.5	0.4178129133659191
3311.	0.4178209258425421
3311.5	0.4178289371091133
3312.	0.41783694716599873
3312.5	0.41784495601356353
3313.	0.4178529636521717
3313.5	0.417860970082189
3314.	0.4178689753039797
3314.5	0.41787697931790885
3315.	0.41788498212433983
3315.5	0.4178929837236372
3316.	0.41790098411616533
3316.5	0.4179089833022869
3317.	0.41791698128236693
3317.5	0.41792497805676765
3318.	0.41793297362585397
3318.5	0.41794096798998737
3319.	0.4179489611495318
3319.5	0.4179569531048496
3320.	0.41796494391842454
3320.5	0.4179729334661811
3321.	0.41798092181079927
3321.5	0.4179889089526396
3322.	0.4179968948920658
3322.5	0.41800487962943866
3323.	0.4180128631651203
3323.5	0.41802084549947194
3324.	0.4180288266328551
3324.5	0.41803680656563086
3325.	0.4180447852981603
3325.5	0.41805276283080484
3326.	0.41806073916392456
3326.5	0.4180687142978796
3327.	0.41807668823303107
3327.5	0.418084660969739
3328.	0.41809263250836404
3328.5	0.4181006028492648
3329.	0.4181085719928021
3329.5	0.41811653993933473
3330.	0.41812450668922285
3330.5	0.41813247224282496
3331.	0.4181404366005008
3331.5	0.418148399762609
3332.	0.4181563617295083
3332.5	0.41816432250155744
3333.	0.41817228207911483
3333.5	0.41818024046253877
3334.	0.41818819765218707
3334.5	0.4181961536484184
3335.	0.41820410845159006
3335.5	0.4182120620620596
3336.	0.41822001448018464
3336.5	0.41822796570632204
3337.	0.41823591574083013
3337.5	0.4182438645840649
3338.	0.41825181223638386
3338.5	0.4182597586981427
3339.	0.4182677039696995
3339.5	0.4182756480514092
3340.	0.4182835909436282
3340.5	0.4182915326467133
3341.	0.41829947316101934
3341.5	0.41830741248690334
3342.	0.41831535062471953
3342.5	0.41832328757482423
3343.	0.4183312233375726
3343.5	0.4183391579133193
3344.	0.41834709130241954
3344.5	0.41835502350522774
3345.	0.41836295452209865
3345.5	0.4183708843533879
3346.	0.4183788129994477
3346.5	0.4183867404606337
3347.	0.41839466673729964
3347.5	0.4184025918297983
3348.	0.4184105157384845
3348.5	0.41841843846371113
3349.	0.4184263600058328
3349.5	0.41843428036520086
3350.	0.4184421995421695
3350.5	0.41845011753975087
3351.	0.41845803435288215
3351.5	0.41846594998467224
3352.	0.4184738644354726
3352.5	0.4184817777056364
3353.	0.4184896897955149
3353.5	0.4184976007054605
3354.	0.418505510435825
3354.5	0.4185134189869594
3355.	0.4185213263592159
3355.5	0.4185292325529453
3356.	0.4185371375684994
3356.5	0.4185450414062279
3357.	0.41855294406648313
3357.5	0.4185608455496149
3358.	0.41856874585597376
3358.5	0.4185766449859107
3359.	0.41858454293977554
3359.5	0.41859243971791743
3360.	0.4186003353206874
3360.5	0.4186082297484353
3361.	0.41861612300150997
3361.5	0.41862401508026087
3362.	0.41863190598503747
3362.5	0.4186397957161895
3363.	0.4186476842740653
3363.5	0.4186555716590134
3364.	0.4186634578713831
3364.5	0.4186713429115224
3365.	0.4186792267797796
3365.5	0.41868710947650345
3366.	0.4186949910020418
3366.5	0.41870287135674206
3367.	0.4187107505409526
3367.5	0.4187186285550204
3368.	0.4187265053992925
3368.5	0.41873438107411787
3369.	0.4187422555798417
3369.5	0.4187501289168121
3370.	0.41875800108537514
3370.5	0.4187658720858787
3371.	0.4187737386792941
3371.5	0.4187816073560664
3372.	0.4187894748658139
3372.5	0.4187973412088814
3373.	0.4188052063856166
3373.5	0.4188130703963638
3374.	0.4188209332414688
3374.5	0.4188287949212777
3375.	0.4188366554361347
3375.5	0.41884451478638496
3376.	0.41885237297237454
3376.5	0.41886022999444694
3377.	0.41886808585294805
3377.5	0.4188759405482214
3378.	0.418883794080611
3378.5	0.418891646450462
3379.	0.41889949765811746
3379.5	0.4189073477039221
3380.	0.418915196588219
3380.5	0.41892304431135235
3381.	0.41893089087366514
3381.5	0.4189387362755005
3382.	0.41894658051720185
3382.5	0.41895442359911184
3383.	0.4189622655215736
3383.5	0.4189701062849286
3384.	0.4189779458895211
3384.5	0.4189857843356933
3385.	0.4189936216237853
3385.5	0.41900145775414155
3386.	0.4190092927271025
3386.5	0.4190171265291902
3387.	0.41902495721810423
3387.5	0.4190327887129375
3388.	0.41904061903792633
3388.5	0.41904844822103476
3389.	0.4190562762487926
3389.5	0.41906410312154035
3390.	0.4190719287539377
3390.5	0.4190797533176952
3391.	0.41908757650833206
3391.5	0.4190953985599668
3392.	0.4191032196634106
3392.5	0.4191110395998702
3393.	0.4191188583977202
3393.5	0.4191266760432824
3394.	0.41913449253689655
3394.5	0.4191423078789022
3395.	0.4191501220696377
3395.5	0.419157935109443
3396.	0.41916574699865666
3396.5	0.4191735577376178
3397.	0.41918136732666395
3397.5	0.4191891757661345
3398.	0.4191969830563681
3398.5	0.4192047891977017
3399.	0.4192125941904744
3399.5	0.41922039852943205
3400.	0.41922820122624066
3400.5	0.4192360027755006
3401.	0.4192438031775496
3401.5	0.4192516024327254
3402.	0.41925940054136474
3402.5	0.419267197503804
3403.	0.4192749933203811
3403.5	0.41928278799143165
3404.	0.4192905815172929
3404.5	0.41929837389830116
3405.	0.41930616513479213
3405.5	0.4193139552271023
3406.	0.41932174417556756
3406.5	0.41932953198052364
3407.	0.41933731864230595
3407.5	0.41934510416125037
3408.	0.4193528880408074
3408.5	0.41936067127493537
3409.	0.4193684533672308
3409.5	0.4193762343180287
3410.	0.4193840141276642
3410.5	0.41939179279647065
3411.	0.41939957032478314
3411.5	0.41940734671293683
3412.	0.41941512196126474
3412.5	0.4194228960701008
3413.	0.4194306690397796
3413.5	0.41943844087063475
3414.	0.4194462115629997
3414.5	0.41945398111720766
3415.	0.4194617495335919
3415.5	0.419469516812486
3416.	0.419477282954223
3416.5	0.4194850479591347
3417.	0.41949281182755505
3417.5	0.41950057455981576
3418.	0.41950833615625005
3418.5	0.4195160966171895
3419.	0.41952385594296604
3419.5	0.41953161413391266
3420.	0.41953937119036006
3420.5	0.41954712711264025
3421.	0.4195548819010853
3421.5	0.4195626355560261
3422.	0.419570388077794
3422.5	0.4195781394667198
3423.	0.419585889723135
3423.5	0.41959363884737
3424.	0.41960138683975595
3424.5	0.41960913370062275
3425.	0.41961688073701336
3425.5	0.41962462534007744
3426.	0.4196323688126147
3426.5	0.41964011115495575
3427.	0.419647853691128
3427.5	0.4196555937783166
3428.	0.4196633327362992
3428.5	0.41967107056540537
3429.	0.4196788072659643
3429.5	0.41968654283830514
3430.	0.41969427728275654
3430.5	0.4197020105996473
3431.	0.41970974278930695
3431.5	0.41971747385206293
3432.	0.41972520378824424
3432.5	0.41973293259817845
3433.	0.4197406602821945
3433.5	0.4197483868406192
3434.	0.4197561122737818
3434.5	0.41976383658200833
3435.	0.419771559765627
3435.5	0.4197792818249659
3436.	0.4197870027603513
3436.5	0.41979472257211015
3437.	0.4198024412605702
3437.5	0.41981015882605766
3438.	0.41981787526889935
3438.5	0.419825590589422
3439.	0.4198333047879505
3439.5	0.41984101786481326
3440.	0.4198487298203348
3440.5	0.4198564406548422
3441.	0.41986415036866004
3441.5	0.4198718589621148
3442.	0.41987956643553226
3442.5	0.41988727278923665
3443.	0.41989497802355397
3443.5	0.4199026821388092
3444.	0.4199103851353272
3444.5	0.41991808701343253
3445.	0.41992578777345085
3445.5	0.41993348741570596
3446.	0.4199411859405215
3446.5	0.4199488833482227
3447.	0.41995657963913363
3447.5	0.41996427481357734
3448.	0.419971968871879
3448.5	0.41997966181436114
3449.	0.4199873536413483
3449.5	0.41999504435316304
3450.	0.42000273394634613
3450.5	0.42001042242868
3451.	0.42001810979681053
3451.5	0.4200257960510608
3452.	0.4200334811917539
3452.5	0.4200411652192126
3453.	0.4200488481337584
3453.5	0.42005652993571446
3454.	0.42006421062540256
3454.5	0.4200718902031444
3455.	0.4200795686692623
3455.5	0.42008724602407793
3456.	0.4200949222679128
3456.5	0.4201025974010879
3457.	0.42011027142392543
3457.5	0.42011794433674554
3458.	0.4201256161398698
3458.5	0.4201332868336196
3459.	0.4201409564183142
3459.5	0.420148624894276
3460.	0.42015629226182416
3460.5	0.42016395852127925
3461.	0.4201716236729619
3461.5	0.4201792877171917
3462.	0.4201869506542889
3462.5	0.4201946124845733
3463.	0.42020227320836406
3463.5	0.4202099328259809
3464.	0.42021759133774383
3464.5	0.4202252487439708
3465.	0.42023290504498184
3465.5	0.42024056023398965
3466.	0.42024821432541726
3466.5	0.4202558673125846
3467.	0.42026351919581123
3467.5	0.4202711699754148
3468.	0.4202788196517132
3468.5	0.42028646822502574
3469.	0.42029411569566977
3469.5	0.42030176206396275
3470.	0.420309407330223
3470.5	0.42031705149476767
3471.	0.42032469455791416
3471.5	0.4203323365199802
3472.	0.4203399773812824
3472.5	0.4203476171421391
3473.	0.4203552558028654
3473.5	0.4203628933637782
3474.	0.4203705298251957
3474.5	0.42037816518743276
3475.	0.4203857994508067
3475.5	0.4203934326156332
3476.	0.42040106468222904
3476.5	0.4204086956509093
3477.	0.42041632552199
3477.5	0.4204239542957867
3478.	0.4204315819726156
3478.5	0.4204392085527915
3479.	0.4204468340366294
3479.5	0.4204544584244447
3480.	0.4204620817165533
3480.5	0.4204697039132684
3481.	0.42047732501490626
3481.5	0.42048494502177997
3482.	0.42049256393420464
3482.5	0.42050018175249526
3483.	0.42050779849098274
3483.5	0.4205154141219455
3484.	0.4205230286597168
3484.5	0.42053064210460844
3485.	0.42053825445693566
3485.5	0.42054586571701075
3486.	0.42055347588514724
3486.5	0.4205610853293169
3487.	0.4205686933095655
3487.5	0.4205763001988196
3488.	0.42058390599739165
3488.5	0.4205915107055942
3489.	0.4205991143237404
3489.5	0.42060671685214207
3490.	0.42061431829111195
3490.5	0.42062191864096155
3491.	0.42062951790200365
3491.5	0.4206371160745493
3492.	0.4206447131589112
3492.5	0.42065230947794485
3493.	0.4206599043819732
3493.5	0.4206674981987557
3494.	0.42067509092860467
3494.5	0.4206826825718298
3495.	0.4206902731287435
3495.5	0.4206978625996556
3496.	0.4207054509848767
3496.5	0.42071303828471834
3497.	0.42072062449948977
3497.5	0.42072820962950186
3498.	0.4207357936750653
3498.5	0.42074337663648936
3499.	0.4207509585140841
3499.5	0.4207585393081593
3500.	0.4207661190190252
3500.5	0.4207736976469904
3501.	0.42078127519236497
3501.5	0.4207888516554574
3502.	0.4207964270365773
3502.5	0.42080400133603363
3503.	0.42081157455413537
3503.5	0.42081914669119097
3504.	0.4208267177475092
3504.5	0.4208342877233982
3505.	0.42084185661916657
3505.5	0.42084942443512163
3506.	0.4208569911715734
3506.5	0.42086455682882684
3507.	0.42087212140719354
3507.5	0.4208796849069782
3508.	0.42088724732848853
3508.5	0.42089480867203344
3509.	0.4209023689379194
3509.5	0.4209099281264531
3510.	0.4209174862379419
3510.5	0.42092504340230624
3511.	0.420932599360189
3511.5	0.420940154241947
3512.	0.4209477080478859
3512.5	0.4209552607783131
3513.	0.42096281243353373
3513.5	0.4209703630138544
3514.	0.4209779125195811
3514.5	0.4209854609510197
3515.	0.42099300830847514
3515.5	0.42100055459225433
3516.	0.4210080998026612
3516.5	0.42101564394000185
3517.	0.421023187004582
3517.5	0.42103072899670574
3518.	0.4210382699166791
3518.5	0.4210458097648054
3519.	0.42105334854139015
3519.5	0.42106088624673743
3520.	0.4210684228811524
3520.5	0.42107595856571206
3521.	0.4210834930587264
3521.5	0.4210933706679243
3522.	0.42110090035821357
3522.5	0.42110842921765046
3523.	0.4211159571253173
3523.5	0.42112114947955975
3524.	0.42112867755700434
3524.5	0.42113620456624923
3525.	0.42114373050759685
3525.5	0.42115125538135234
3526.	0.4211587791878166
3526.5	0.42116630192729265
3527.	0.4211738236000835
3527.5	0.42118134420649134
3528.	0.421188863746819
3528.5	0.42119638222136807
3529.	0.42120389963044097
3529.5	0.4212114159743394
3530.	0.4212189312533651
3530.5	0.42122644546782056
3531.	0.4212339586180057
3531.5	0.42124147070422435
3532.	0.42124898172677483
3532.5	0.42125649168596213
3533.	0.4212640005820836
3533.5	0.42127150841544186
3534.	0.4212790151863383
3534.5	0.42128652089507174
3535.	0.42129402554194456
3535.5	0.42130152912725594
3536.	0.421309031651307
3536.5	0.4213165331143978
3537.	0.4213240335168274
3537.5	0.421331532858897
3538.	0.4213390311409055
3538.5	0.42134652836315284
3539.	0.42135402452593873
3539.5	0.42136151962956236
3540.	0.42136901367432317
3540.5	0.42137650666051996
3541.	0.4213839985884519
3541.5	0.421391489458418
3542.	0.4213989792707172
3542.5	0.4214064680256477
3543.	0.42141395572350815
3543.5	0.4214187747435519
3544.	0.4214262601955941
3544.5	0.4214364124776531
3545.	0.4214438959502167
3545.5	0.42145137836720026
3546.	0.42145885972890257
3546.5	0.421466340035621
3547.	0.4214738192876526
3547.5	0.421481297485296
3548.	0.4214887746288474
3548.5	0.4214962507186038
3549.	0.4215037257548627
3549.5	0.42151119973792023
3550.	0.42151867266807486
3550.5	0.4215261445456212
3551.	0.42153361537085715
3551.5	0.42154108514407784
3552.	0.421548553865581
3552.5	0.4215560215356621
3553.	0.4215634881546163
3553.5	0.42157095372274084
3554.	0.4215784182403309
3554.5	0.4215858817076818
3555.	0.4215933441250888
3555.5	0.4216008054928491
3556.	0.42160826581125543
3556.5	0.42161572508060496
3557.	0.42162318330119153
3557.5	0.4216306404733101
3558.	0.42163809659725626
3558.5	0.4216455516733238
3559.	0.4216530057018073
3559.5	0.42166045868300145
3560.	0.4216679106172002
3560.5	0.4216753615046989
3561.	0.42168281134579005
3561.5	0.4216902601407675
3562.	0.42169770788992583
3562.5	0.4217051545935583
3563.	0.4217126002519587
3563.5	0.42172004486542025
3564.	0.4217274884342366
3564.5	0.42173493095870024
3565.	0.4217423724391044
3565.5	0.4217498128757423
3566.	0.42175725226890637
3566.5	0.42176469061888927
3567.	0.4217721279259841
3567.5	0.4217795641904826
3568.	0.42178699941267705
3568.5	0.4217944335928602
3569.	0.4218018667313233
3569.5	0.4218092988283597
3570.	0.4218167298842591
3570.5	0.42182415989931515
3571.	0.421831588873818
3571.5	0.4218390168080595
3572.	0.4218464437023315
3572.5	0.4218538695709417
3573.	0.4218612943861476
3573.5	0.4218687181622563
3574.	0.4218761408995586
3574.5	0.421883562598347
3575.	0.42189098325890945
3575.5	0.4218984028815386
3576.	0.42190582146652406
3576.5	0.4219132390141547
3577.	0.421920655524723
3577.5	0.4219280709985169
3578.	0.42193548543582765
3578.5	0.4219428988369438
3579.	0.42195031120215615
3579.5	0.4219577225317537
3580.	0.42196513282602555
3580.5	0.4219725420852608
3581.	0.4219799503097492
3581.5	0.4219873574997791
3582.	0.4219947636556398
3582.5	0.4220021687776202
3583.	0.42200957286600804
3583.5	0.422016975921093
3584.	0.42202437794316316
3584.5	0.42203177893250604
3585.	0.422039178889411
3585.5	0.42204657781416466
3586.	0.4220539757070563
3586.5	0.42206131044443373
3587.	0.42206870640223537
3587.5	0.42207610132880746
3588.	0.4220834952244358
3588.5	0.4220908880894096
3589.	0.42209827992401583
3589.5	0.42210567072854155
3590.	0.4221130605032745
3590.5	0.42212044924850206
3591.	0.42212783696451045
3591.5	0.4221352236515874
3592.	0.4221426093100197
3592.5	0.4221499939400932
3593.	0.42215737754209504
3593.5	0.42216476011631215
3594.	0.42217214166303024
3594.5	0.42217952218253446
3595.	0.42218690167511375
3595.5	0.42219428014105165
3596.	0.42220165758063444
3596.5	0.42220903399414794
3597.	0.42221640938187904
3597.5	0.4222237837441111
3598.	0.4222311570811311
3598.5	0.42223852939322337
3599.	0.42224590068067314
3599.5	0.4222532709437667
3600.	0.422260640182787
3600.5	0.42226800839802014
3601.	0.4222753755897497
3601.5	0.42228274175826214
3602.	0.42229010690383945
3602.5	0.42229747102676785
3603.	0.42230483412733055
3603.5	0.42231219620581173
3604.	0.42231955726249537
3604.5	0.4223269172976656
3605.	0.4223342763116062
3605.5	0.4223416343046004
3606.	0.4223489912769315
3606.5	0.4223563472288826
3607.	0.4223637021607383
3607.5	0.4223710560727808
3608.	0.42237840896529305
3608.5	0.42238576083855817
3609.	0.42239311169285876
3609.5	0.4224004615284773
3610.	0.42240781034569674
3610.5	0.4224151581447994
3611.	0.4224225049260676
3611.5	0.4224298506897833
3612.	0.4224371954362285
3612.5	0.4224445391656853
3613.	0.42245188187843635
3613.5	0.422459223574762
3614.	0.42246656425494394
3614.5	0.42247390391926426
3615.	0.4224812425680052
3615.5	0.42248858020144614
3616.	0.422495916819869
3616.5	0.422503252423555
3617.	0.42251058701278515
3617.5	0.4225179205878403
3618.	0.42252525314900025
3618.5	0.4225325846965463
3619.	0.42253991523075796
3619.5	0.4225472447519174
3620.	0.4225545732603027
3620.5	0.42256190075619565
3621.	0.4225692272398747
3621.5	0.4225765527116218
3622.	0.42258387717171375
3622.5	0.42259120062043287
3623.	0.4225985230580571
3623.5	0.4226058444848662
3624.	0.42261316490113987
3624.5	0.4226204843071572
3625.	0.42262780270319655
3625.5	0.42263512008953746
3626.	0.422642436466458
3626.5	0.4226497518342375
3627.	0.42265706619315513
3627.5	0.422664379543488
3628.	0.42267169188551523
3628.5	0.4226790032195154
3629.	0.42268631354576597
3629.5	0.4226936228645448
3630.	0.42270093117613006
3630.5	0.42270823848080047
3631.	0.42271554477883166
3631.5	0.4227228500705025
3632.	0.42273015435609085
3632.5	0.4227374576358731
3633.	0.4227447599101264
3633.5	0.42275201598969786
3634.	0.42275931617521373
3634.5	0.4227666153699298
3635.	0.42277391356030497
3635.5	0.4227812107466145
3636.	0.4227885069291354
3636.5	0.4227958020941265
3637.	0.42280309626989926
3637.5	0.4228103894427123
3638.	0.422817681612842
3638.5	0.42282497278056397
3639.	0.42283226294615467
3639.5	0.4228395521239066
3640.	0.42284684028606156
3640.5	0.4228541274469115
3641.	0.4228614136067326
3641.5	0.4228686987796196
3642.	0.4228759829382085
3642.5	0.42288331245216926
3643.	0.42289059467388707
3643.5	0.42289787589587075
3644.	0.42290515611839535
3644.5	0.4229124353417351
3645.	0.42291971356616537
3645.5	0.4229269907919596
3646.	0.42293426701939285
3646.5	0.42294154224873864
3647.	0.4229488164802711
3647.5	0.4229560897142637
3648.	0.4229633619509914
3648.5	0.4229706331907267
3649.	0.4229779034337437
3649.5	0.42298517268031616
3650.	0.42299244093071664
3650.5	0.42299970818521865
3651.	0.4230069744440959
3651.5	0.4230142397076212
3652.	0.42302150397606647
3652.5	0.4230287672497056
3653.	0.4230360295288109
3653.5	0.42304329081365455
3654.	0.42305055110450956
3654.5	0.42305781040164775
3655.	0.4230650687053423
3655.5	0.423072326015864
3656.	0.42307958233348536
3656.5	0.42308683765847904
3657.	0.4230940919911162
3657.5	0.423101345331668
3658.	0.4231085976804063
3658.5	0.4231158490376031
3659.	0.4231230994035291
3659.5	0.4231303487784556
3660.	0.42313759716265403
3660.5	0.42314484455639517
3661.	0.42315209095994943
3661.5	0.423159336373589
3662.	0.42316658079758285
3662.5	0.4231738242322028
3663.	0.4231810666777184
3663.5	0.42318830813440056
3664.	0.4231955486025188
3664.5	0.42320278808234485
3665.	0.4232100265741462
3665.5	0.4232172640781948
3666.	0.4232245005947599
3666.5	0.4232317361241104
3667.	0.42323897066651694
3667.5	0.4232462042222482
3668.	0.4232534367915739
3668.5	0.4232606683747631
3669.	0.4232678989720847
3669.5	0.4232751285838087
3670.	0.4232823572102026
3670.5	0.4232895848515358
3671.	0.4232968115080769
3671.5	0.4233040371800951
3672.	0.4233112618678582
3672.5	0.4233184855716344
3673.	0.4233257082916922
3673.5	0.4233329300282996
3674.	0.423340150781725
3674.5	0.4233473705522353
3675.	0.4233545893401
3675.5	0.4233618071455852
3676.	0.42336902396895904
3676.5	0.42337623981048983
3677.	0.4233834546704433
3677.5	0.4233906685490882
3678.	0.42339788144669005
3678.5	0.4234050933635169
3679.	0.4234123042998362
3679.5	0.42341951425591395
3680.	0.4234267232320171
3680.5	0.4234339312284121
3681.	0.42344113824536517
3681.5	0.42344834428314354
3682.	0.423455549342013
3682.5	0.4234627534222396
3683.	0.4234699565240891
3683.5	0.42347715864782814
3684.	0.4234843597937222
3684.5	0.4234915599620366
3685.	0.42349875915303753
3685.5	0.4235059573669908
3686.	0.4235131546041613
3686.5	0.4235203508648145
3687.	0.42352754614921534
3687.5	0.42353474045762873
3688.	0.42354193379031996
3688.5	0.4235491261475546
3689.	0.42355631752959566
3689.5	0.42356350793670944
3690.	0.42357069736916
3690.5	0.42357788582721106
3691.	0.42358507331112766
3691.5	0.42359225982117404
3692.	0.4235994453576137
3692.5	0.4236066299207118
3693.	0.4236138135107308
3693.5	0.42362099612793525
3694.	0.42362817777258854
3694.5	0.42363535844495537
3695.	0.4236425381452973
3695.5	0.42364971687387865
3696.	0.4236568946309634
3696.5	0.4236640714168137
3697.	0.4236712472316928
3697.5	0.4236784220758638
3698.	0.42368559594958854
3698.5	0.4236927688531316
3699.	0.4236999407867544
3699.5	0.42370711175071957
3700.	0.4237142817452894
3700.5	0.4237214507707263
3701.	0.42372861882729274
3701.5	0.4237357859152503
3702.	0.42374295203486145
3702.5	0.42375011718638766
3703.	0.4237572813700911
3703.5	0.4237644445862329
3704.	0.4237716068350746
3704.5	0.4237787681168777
3705.	0.4237859284319043
3705.5	0.4237930877804151
3706.	0.42380024616267087
3706.5	0.42380740357893265
3707.	0.4238145600294622
3707.5	0.4238217155145199
3708.	0.4238288700343659
3708.5	0.42383602358926065
3709.	0.4238431761794656
3709.5	0.42385032780524107
3710.	0.42385747846684635
3710.5	0.4238646281645427
3711.	0.42387177689858935
3711.5	0.42387892466924704
3712.	0.423886071476775
3712.5	0.4238932173214326
3713.	0.42390036220348104
3713.5	0.423907506123178
3714.	0.4239146490807844
3714.5	0.4239217910765586
3715.	0.4239289321107604
3715.5	0.4239360721836487
3716.	0.42394321129548196
3716.5	0.42395034944652027
3717.	0.42395748663702154
3717.5	0.42396462286724473
3718.	0.4239717581374485
3718.5	0.42397889244789133
3719.	0.4239860257988316
3719.5	0.4239931581905277
3720.	0.4240002896232376
3720.5	0.4240074200972191
3721.	0.42401454961273005
3721.5	0.4240216781700295
3722.	0.4240288057693742
3722.5	0.4240359324110225
3723.	0.4240430580952312
3723.5	0.4240501828222582
3724.	0.4240573065923604
3724.5	0.4240644294057959
3725.	0.4240715512628211
3725.5	0.42407867216369316
3726.	0.42408579210866976
3726.5	0.4240929110980062
3727.	0.4241000291319596
3727.5	0.42410714621078793
3728.	0.4241142623347466
3728.5	0.42412137750409257
3729.	0.4241284917190814
3729.5	0.4241356049799699
3730.	0.42414271728701364
3730.5	0.42414982864046924
3731.	0.4241569390405925
3731.5	0.4241640484876384
3732.	0.4241711569818645
3732.5	0.4241782645235238
3733.	0.4241853711128744
3733.5	0.42419247675016963
3734.	0.42419958143566555
3734.5	0.4242066851696176
3735.	0.4242137879522808
3735.5	0.4242208897839093
3736.	0.42422799066475914
3736.5	0.424235090595084
3737.	0.4242421895751392
3737.5	0.4242492876051801
3738.	0.42425638468545934
3738.5	0.4242634808162321
3739.	0.424270576011565
3739.5	0.4242776702440874
3740.	0.4242847635278667
3740.5	0.4242918558631559
3741.	0.42429894725020795
3741.5	0.4243060376892786
3742.	0.42431312718062086
3742.5	0.42432021572448636
3743.	0.42432730332113133
3743.5	0.4243343899708074
3744.	0.4243414756737683
3744.5	0.42434856043026725
3745.	0.42435564424055716
3745.5	0.4243627271048911
3746.	0.42436980902352106
3746.5	0.4243768899967015
3747.	0.4243839700246832
3747.5	0.4243910491077201
3748.	0.4243981272460635
3748.5	0.4244052044399662
3749.	0.4244122806896805
3749.5	0.4244193559954586
3750.	0.4244264303575529
3750.5	0.4244335037762139
3751.	0.42444057625169485
3751.5	0.42444764778424676
3752.	0.424454718374122
3752.5	0.4244617880215705
3753.	0.4244688567268452
3753.5	0.4244759244901966
3754.	0.42448299131187656
3754.5	0.42449005719213606
3755.	0.42449712213122526
3755.5	0.42450418612939633
3756.	0.42451124918689975
3756.5	0.4245183113039851
3757.	0.42452537248090405
3757.5	0.4245324327179071
3758.	0.42453949201524394
3758.5	0.4245465503731657
3759.	0.42455360779192236
3759.5	0.424560664271764
3760.	0.4245677198129405
3760.5	0.42457477441570185
3761.	0.42458182808029776
3761.5	0.4245888808069781
3762.	0.42459593259599215
3762.5	0.42460298344759023
3763.	0.4246100333620209
3763.5	0.4246170823395333
3764.	0.424624130380378
3764.5	0.4246311774848027
3765.	0.42463822365305715
3765.5	0.42464526888538995
3766.	0.4246523131820496
3766.5	0.42465935654328596
3767.	0.42466639896934655
3767.5	0.42467344046048017
3768.	0.424680481016935
3768.5	0.4246875206389602
3769.	0.42469455932680356
3769.5	0.4247015970807126
3770.	0.4247086339009364
3770.5	0.42471566975146846
3771.	0.42472270466883
3771.5	0.4247297386895106
3772.	0.4247367717774961
3772.5	0.4247438039330347
3773.	0.4247508351563736
3773.5	0.42475786544776056
3774.	0.424764894807442
3774.5	0.42477192323566515
3775.	0.42477895073267746
3775.5	0.424785977298726
3776.	0.4247930029340574
3776.5	0.4248000276389176
3777.	0.42480705141355507
3777.5	0.4248140742582144
3778.	0.4248210961731434
3778.5	0.4248281171585873
3779.	0.4248351372147936
3779.5	0.42484215634200784
3780.	0.42484917454047544
3780.5	0.4248561918104433
3781.	0.4248632081521571
3781.5	0.42487022356586196
3782.	0.4248772380518048
3782.5	0.42488425161022964
3783.	0.42489126424138296
3783.5	0.4248982759455099
3784.	0.4249052867228553
3784.5	0.42491229657366536
3785.	0.424919305498184
3785.5	0.4249263134966572
3786.	0.42493332056932914
3786.5	0.4249403267164446
3787.	0.42494733193824924
3787.5	0.42495433623498613
3788.	0.4249613396069008
3788.5	0.4249683420542372
3789.	0.4249753435772407
3789.5	0.4249823441761538
3790.	0.4249893438512213
3790.5	0.42499634260268815
3791.	0.4250033404307969
3791.5	0.425010337335792
3792.	0.42501733331791697
3792.5	0.4250243283774159
3793.	0.4250313225145318
3793.5	0.4250383157295084
3794.	0.4250453080225885
3794.5	0.42505229939401606
3795.	0.4250592898440333
3795.5	0.42506627937288455
3796.	0.42507326798081196
3796.5	0.4250802556680588
3797.	0.4250872424348662
3797.5	0.42509422828147947
3798.	0.42510121320813904
3798.5	0.4251081972150888
3799.	0.4251151803025704
3799.5	0.4251221624708257
3800.	0.42512914372009736
3800.5	0.42513612405062784
3801.	0.4251431034626586
3801.5	0.42515008195643167
3802.	0.4251570595321892
3802.5	0.4251640361901723
3803.	0.42517101193062284
3803.5	0.42517798675378243
3804.	0.42518496065989186
3804.5	0.4251919335971026
3805.	0.42519890566982416
3805.5	0.4252058768262189
3806.	0.4252128470665292
3806.5	0.4252198163909954
3807.	0.42522678479985837
3807.5	0.4252337522933592
3808.	0.4252407188717377
3808.5	0.42524768453523604
3809.	0.4252546492840928
3809.5	0.42526161311854915
3810.	0.42526857603884544
3810.5	0.4252755380452225
3811.	0.42528249913791877
3811.5	0.425289459317176
3812.	0.4252964185832324
3812.5	0.42530337693632914
3813.	0.42531033437670585
3813.5	0.42531729090460096
3814.	0.42532424652025513
3814.5	0.4253312012239075
3815.	0.42533815501579686
3815.5	0.4253451078961627
3816.	0.4253520598652447
3816.5	0.42535901092328127
3817.	0.42536596107051206
3817.5	0.4253729103071753
3818.	0.4253798586335098
3818.5	0.4253868060497543
3819.	0.42539375255614753
3819.5	0.4254006981529278
3820.	0.4254076428403333
3820.5	0.4254145866186034
3821.	0.42542152948797485
3821.5	0.42542847144868623
3822.	0.4254354125009764
3822.5	0.4254423526450818
3823.	0.42544929188124164
3823.5	0.4254562302096925
3824.	0.4254631676306728
3824.5	0.4254701041444199
3825.	0.4254770397511714
3825.5	0.42548397445116376
3826.	0.4254909082446357
3826.5	0.4254978411318232
3827.	0.42550477311296375
3827.5	0.4255117041882947
3828.	0.4255186343580518
3828.5	0.42552556362247373
3829.	0.42553249198179466
3829.5	0.425539419436254
3830.	0.4255463459860859
3830.5	0.42555327163152834
3831.	0.4255601963728171
3831.5	0.4255671202101884
3832.	0.42557404314387803
3832.5	0.42558096517412236
3833.	0.42558788630115757
3833.5	0.42559480652521925
3834.	0.42560172584654343
3834.5	0.4256086442653666
3835.	0.425615561781922
3835.5	0.4256224783964471
3836.	0.42562939410917666
3836.5	0.425636308920346
3837.	0.4256432228301906
3837.5	0.42565013583894495
3838.	0.4256570479468452
3838.5	0.4256639591541251
3839.	0.42567086946102006
3839.5	0.425677778867765
3840.	0.4256846873745952
3840.5	0.4256915949817431
3841.	0.4256985016894455
3841.5	0.4257054074979353
3842.	0.42571231240744734
3842.5	0.4257192164182158
3843.	0.42572611953047534
3843.5	0.4257330217444588
3844.	0.42573992306040126
3844.5	0.42574682347853626
3845.	0.4257537229990965
3845.5	0.4257606216223171
3846.	0.42576751934843154
3846.5	0.4257744161776723
3847.	0.425781312110273
3847.5	0.42578820714646765
3848.	0.425795101286489
3848.5	0.4258019945305699
3849.	0.4258088868789435
3849.5	0.4258157783318442
3850.	0.4258226688895019
3850.5	0.42582955855215215
3851.	0.4258364473200254
3851.5	0.42584333519335593
3852.	0.4258502221723759
3852.5	0.425857108257317
3853.	0.42586399344841147
3853.5	0.4258708777458927
3854.	0.4258777611499915
3854.5	0.42588464366094014
3855.	0.4258915252789712
3855.5	0.4258984060043164
3856.	0.4259052858372071
3856.5	0.42591216477787486
3857.	0.4259190428265515
3857.5	0.42592591998346885
3858.	0.425932796248858
3858.5	0.42593967162295004
3859.	0.4259465461059762
3859.5	0.4259534196981679
3860.	0.4259602923997559
3860.5	0.4259671642109714
3861.	0.42597403513204507
3861.5	0.42598090516320775
3862.	0.4259877743046905
3862.5	0.42599464255672254
3863.	0.4260015099195358
3863.5	0.42600837639336026
3864.	0.4260152419784261
3864.5	0.42602210667496354
3865.	0.42602897048320293
3865.5	0.4260358334033741
3866.	0.42604269543570716
3866.5	0.42604955658043137
3867.	0.42605641683777745
3867.5	0.4260632762079746
3868.	0.42607013469125227
3868.5	0.42607699228784063
3869.	0.4260838489979679
3869.5	0.4260907048218651
3870.	0.42609755975975966
3870.5	0.42610441381188224
3871.	0.4261112669784612
3871.5	0.42611811925972526
3872.	0.42612497065590377
3872.5	0.4261318211672249
3873.	0.4261386707939184
3873.5	0.4261455195362115
3874.	0.426152367340377
3874.5	0.42615921431454357
3875.	0.426166060404996
3875.5	0.426172905611962
3876.	0.42617974993567004
3876.5	0.4261865933763489
3877.	0.42619343593422565
3877.5	0.42620027760952867
3878.	0.4262071184024853
3878.5	0.42621395831332376
3879.	0.42622079734227175
3879.5	0.42622763548955683
3880.	0.4262344727554054
3880.5	0.42624130914004643
3881.	0.4262481446437066
3881.5	0.42625497926661243
3882.	0.4262618130089921
3882.5	0.4262686458710719
3883.	0.4262754778530789
3883.5	0.4262823089552407
3884.	0.4262891391777825
3884.5	0.4262959685209325
3885.	0.4263027969849163
3885.5	0.42630962456996085
3886.	0.4263164512762933
3886.5	0.4263232771041387
3887.	0.42633010205372357
3887.5	0.42633692612527474
3888.	0.4263437493190175
3888.5	0.4263505716351776
3889.	0.4263573930739819
3889.5	0.42636421363565596
3890.	0.426371033320425
3890.5	0.4263778521285149
3891.	0.4263846700601515
3891.5	0.42639148711555946
3892.	0.426398303294965
3892.5	0.426405118598593
3893.	0.42641193302666874
3893.5	0.426418746579417
3894.	0.4264255592570631
3894.5	0.42643237105983256
3895.	0.42643918198794967
3895.5	0.42644599204163824
3896.	0.4264528012211236
3896.5	0.4264596095266315
3897.	0.42646641695838505
3897.5	0.42647322351660966
3898.	0.42648002920152833
3898.5	0.4264868340133661
3899.	0.4264936379523475
3899.5	0.42650044101869616
3900.	0.42650724321263556
3900.5	0.42651404453439057
3901.	0.42652084498418397
3901.5	0.42652764456224085
3902.	0.42653444326878354
3902.5	0.42654124110403585
3903.	0.42654803806822134
3903.5	0.42655483416156376
3904.	0.42656162938428616
3904.5	0.4265684237366121
3905.	0.4265752172187637
3905.5	0.4265820098309646
3906.	0.42658880157343804
3906.5	0.426595601008377
3907.	0.4266023910065014
3907.5	0.4266091801355555
3908.	0.4266159683957623
3908.5	0.426622755787345
3909.	0.42662954231052463
3909.5	0.4266363279655252
3910.	0.4266431127525674
3910.5	0.42664989667187414
3911.	0.42665667972366694
3911.5	0.42666346190816845
3912.	0.42667024322560104
3912.5	0.4266770236761854
3913.	0.4266838032461262
3913.5	0.4266905819636804
3914.	0.4266973598150522
3914.5	0.42670413680046243
3915.	0.42671091292013225
3915.5	0.4267176881742848
3916.	0.42672446256313934
3916.5	0.4267312360869179
3917.	0.4267380087458416
3917.5	0.4267447805401309
3918.	0.42675155147000704
3918.5	0.4267583215356912
3919.	0.4267650907374032
3919.5	0.42677185907536463
3920.	0.4267786265497959
3920.5	0.426785393160917
3921.	0.4267921589089484
3921.5	0.4267989238144553
3922.	0.42680568783698974
3922.5	0.42681245099709547
3923.	0.42681921329499145
3923.5	0.4268259747308991
3924.	0.4268327353050378
3924.5	0.4268394950176272
3925.	0.4268462539242325
3925.5	0.42685301191439645
3926.	0.4268597689882977
3926.5	0.42686652525688723
3927.	0.4268732806650246
3927.5	0.42688003521293055
3928.	0.42688678890082316
3928.5	0.426893541728922
3929.	0.42690029369744614
3929.5	0.4269070448066146
3930.	0.4269137950566463
3930.5	0.4269205444477594
3931.	0.42692729298017357
3931.5	0.42693404065410645
3932.	0.4269407874697775
3932.5	0.4269475334274047
3933.	0.4269542785272064
3933.5	0.42696102276940096
3934.	0.42696776616822346
3934.5	0.4269745086958585
3935.	0.42698125036654067
3935.5	0.4269879911804881
3936.	0.42699473113791864
3936.5	0.4270014702390499
3937.	0.4270082084840998
3937.5	0.4270149458732859
3938.	0.4270216824068255
3938.5	0.42702841808493663
3939.	0.427035152907836
3939.5	0.4270418868757415
3940.	0.42704861998887006
3940.5	0.42705535224743896
3941.	0.4270620836516647
3941.5	0.42706881420176485
3942.	0.4270755438979564
3942.5	0.42708227275427546
3943.	0.4270890007432993
3943.5	0.4270957278790641
3944.	0.4271024460455971
3944.5	0.4271091714818254
3945.	0.4271158960654547
3945.5	0.4271226197966998
3946.	0.4271293426757792
3946.5	0.42713606470290705
3947.	0.4271427858783012
3947.5	0.42714950620217623
3948.	0.4271562256747483
3948.5	0.4271629442962335
3949.	0.4271696620668476
3949.5	0.4271763789868059
3950.	0.42718309505632446
3950.5	0.42718981027561775
3951.	0.4271965246449028
3951.5	0.42720323816439276
3952.	0.42720995083430496
3952.5	0.4272166626548533
3953.	0.4272233736262532
3953.5	0.42723008374871974
3954.	0.42723679302246703
3954.5	0.4272435014477112
3955.	0.4272502090246661
3955.5	0.4272569157535467
3956.	0.4272636216345673
3956.5	0.4272703266679426
3957.	0.4272770308538875
3957.5	0.4272837341926155
3958.	0.42729043668434114
3958.5	0.427297138329278
3959.	0.4273038391276411
3959.5	0.4273105390796443
3960.	0.4273172381855013
3960.5	0.4273239364454265
3961.	0.42733063385963177
3961.5	0.42733733042833305
3962.	0.42734402615174305
3962.5	0.4273507210300752
3963.	0.42735741506354247
3963.5	0.42736410825235926
3964.	0.4273708004515434
3964.5	0.42737749195168073
3965.	0.4273841826078069
3965.5	0.42739087242013407
3966.	0.42739756138887575
3966.5	0.4274042495142454
3967.	0.4274109367964558
3967.5	0.4274176232357186
3968.	0.42742430883224747
3968.5	0.4274309935862545
3969.	0.4274376774979517
3969.5	0.4274443605675527
3970.	0.42745104279526847
3970.5	0.42745772418131206
3971.	0.4274644047258955
3971.5	0.4274710844292308
3972.	0.42747776329152953
3972.5	0.42748444131300445
3973.	0.42749111849386634
3973.5	0.4274977948343278
3974.	0.4275044703346001
3974.5	0.42751114499489506
3975.	0.4275178188154237
3975.5	0.4275244917963976
3976.	0.4275311639380284
3976.5	0.42753783524052746
3977.	0.4275445057114913
3977.5	0.42755117533640435
3978.	0.4275578441228188
3978.5	0.4275645120709455
3979.	0.4275711791809956
3979.5	0.42757784545317934
3980.	0.42758451088770766
3980.5	0.42759117548479136
3981.	0.42759783924464023
3981.5	0.42760450216746604
3982.	0.42761116425347806
3982.5	0.4276178255028874
3983.	0.4276244859159032
3983.5	0.4276311456040534
3984.	0.4276378043449961
3984.5	0.42764446225017605
3985.	0.42765111931980293
3985.5	0.427657775554087
3986.	0.42766443095323864
3986.5	0.427671085517466
3987.	0.4276777392469799
3987.5	0.4276843921419887
3988.	0.4276910442027032
3988.5	0.4276976954293317
3989.	0.42770434582208483
3989.5	0.42771099538117
3990.	0.4277176441067975
3990.5	0.4277242919991758
3991.	0.4277309390585143
3991.5	0.4277375852850211
3992.	0.4277442306789064
3992.5	0.427750875240378
3993.	0.4277575189696446
3993.5	0.4277641618669145
3994.	0.42777080393239664
3994.5	0.4277774451662994
3995.	0.427784085568831
3995.5	0.4277907251401995
3996.	0.4277973638806134
3996.5	0.42780400179028166
3997.	0.42781063886940995
3997.5	0.4278172751182079
3998.	0.42782391053688323
3998.5	0.4278305451256435
3999.	0.427837178884696
3999.5	0.4278438118142497
4000.	0.42785044391451116
4000.5	0.42785707518568694
4001.	0.427863705627986
4001.5	0.42787033524161516
4002.	0.42787696402678205
4002.5	0.42788359198369336
4003.	0.42789021911255515
4003.5	0.4278968454135757
4004.	0.4279034708869624
4004.5	0.4279100955329213
4005.	0.4279167193516589
4005.5	0.4279233423433821
4006.	0.42792996450829807
4006.5	0.42793658584661304
4007.	0.4279432063585327
4007.5	0.42794982604426457
4008.	0.42795644490401447
4008.5	0.42796306293798886
4009.	0.4279696801463934
4009.5	0.4279762965294339
4010.	0.427982912087318
4010.5	0.42798952682024954
4011.	0.42799614072843645
4011.5	0.4280027538120823
4012.	0.4280093660713945
4012.5	0.42801597750657744
4013.	0.4280225881178377
4013.5	0.42802919790538047
4014.	0.42803580686941006
4014.5	0.4280424150101332
4015.	0.42804902232775477
4015.5	0.4280556288224794
4016.	0.42806223449451225
4016.5	0.428068839344059
4017.	0.42807544337132397
4017.5	0.4280820465765118
4018.	0.4280886489598275
4018.5	0.42809525052147607
4019.	0.4281018512616621
4019.5	0.4281084511805898
4020.	0.42811505027846347
4020.5	0.42812164855548773
4021.	0.42812824601186755
4021.5	0.4281348426478062
4022.	0.42814143846350755
4022.5	0.4281480334591767
4023.	0.4281546276350173
4023.5	0.4281612209912337
4024.	0.4281678135280282
4024.5	0.428174405245606
4025.	0.42818099614417016
4025.5	0.4281875862239259
4026.	0.42819417548507344
4026.5	0.42820076392781925
4027.	0.42820735155236594
4027.5	0.4282139383589162
4028.	0.4282205243476735
4028.5	0.42822710951884163
4029.	0.42823369387262267
4029.5	0.42824027740922016
4030.	0.4282468601288374
4030.5	0.428253442031677
4031.	0.42826002311794115
4031.5	0.4282666033878328
4032.	0.42827318284155536
4032.5	0.42827976147931046
4033.	0.4282863393013011
4033.5	0.42829291630772975
4034.	0.42829949249879795
4034.5	0.42830606787470954
4035.	0.42831264243566486
4035.5	0.42831921618186725
4036.	0.4283257891135182
4036.5	0.4283323612308196
4037.	0.42833893253397387
4037.5	0.42834550302318203
4038.	0.42835207269864656
4038.5	0.42835864156056863
4039.	0.4283652096091499
4039.5	0.4283717768445929
4040.	0.42837834326709684
4040.5	0.4283849088768652
4041.	0.42839147367409813
4041.5	0.42839803765899703
4042.	0.4284046008317636
4042.5	0.4284111631925979
4043.	0.42841772474170164
4043.5	0.4284242854792752
4044.	0.42843084540552
4044.5	0.4284374045206364
4045.	0.42844396282482555
4045.5	0.42845052031828723
4046.	0.4284570770012227
4046.5	0.42846363287383155
4047.	0.4284701879363152
4047.5	0.42847674218887344
4048.	0.4284832956317069
4048.5	0.4284898482650148
4049.	0.4284964000889985
4049.5	0.42850295110385667
4050.	0.42850950130979043
4050.5	0.42851605070699916
4051.	0.4285225992956819
4051.5	0.4285291470760401
4052.	0.42853569404827174
4052.5	0.42854224021257714
4053.	0.42854878556915627
4053.5	0.42855533011820757
4054.	0.4285618738599298
4054.5	0.42856841679452395
4055.	0.42857495892218905
4055.5	0.42858150024312264
4056.	0.4285880407575257
4056.5	0.4285945804655954
4057.	0.4286011193675318
4057.5	0.4286076574635332
4058.	0.4286141947537992
4058.5	0.4286207312385275
4059.	0.42862726691791697
4059.5	0.4286338017921666
4060.	0.4286403358614741
4060.5	0.428646869126038
4061.	0.4286534015860571
4061.5	0.42865993324173013
4062.	0.42866646409325365
4062.5	0.42867299414082666
4063.	0.42867952338464665
4063.5	0.4286860518249129
4064.	0.4286925794618219
4064.5	0.42869910629557256
4065.	0.42870563232636144
4065.5	0.4287121575543869
4066.	0.42871868197984647
4066.5	0.42872520560293736
4067.	0.4287317284238576
4067.5	0.42873825044280395
4068.	0.42874477165997393
4068.5	0.4287512920755646
4069.	0.4287578116897732
4069.5	0.42876433050279716
4070.	0.42877084851483244
4070.5	0.4287773657260768
4071.	0.42878388213672713
4071.5	0.4287903977469803
4072.	0.42879691255703195
4072.5	0.42880342656708087
4073.	0.4288099397773211
4073.5	0.4288164521879502
4074.	0.42882296379916546
4074.5	0.42882947461116155
4075.	0.4288359846241358
4075.5	0.4288424938382846
4076.	0.4288490022538034
4076.5	0.428855509870889
4077.	0.42886201668973606
4077.5	0.42886852271054204
4078.	0.42887502793350174
4078.5	0.42888153235881116
4079.	0.42888803598666625
4079.5	0.4288945388172622
4080.	0.4289010408507949
4080.5	0.42890754208746035
4081.	0.42891404252745285
4081.5	0.4289205421709676
4082.	0.4289270410182014
4082.5	0.4289335390693486
4083.	0.4289400363246032
4083.5	0.4289465327841621
4084.	0.42895302843439875
4084.5	0.42895952330314957
4085.	0.428966017376788
4085.5	0.42897251065550945
4086.	0.4289790031395085
4086.5	0.42898549482897946
4087.	0.4289919857241181
4087.5	0.42899847582511763
4088.	0.4290049651321722
4088.5	0.42901145364547694
4089.	0.4290179413652259
4089.5	0.4290244282916136
4090.	0.4290309144248328
4090.5	0.4290373997650794
4091.	0.42904388431254614
4091.5	0.42905036806742725
4092.	0.42905685102991664
4092.5	0.42906333320020784
4093.	0.42906981457849463
4093.5	0.42907629516497126
4094.	0.4290827749598307
4094.5	0.4290892539632657
4095.	0.4290957321754707
4095.5	0.4291022095966394
4096.	0.42910868622696374
4096.5	0.42911516206663725
4097.	0.4291216371158534
4097.5	0.4291281113748052
4098.	0.4291345848436854
4098.5	0.4291410575226874
4099.	0.42914752941200396
4099.5	0.42915400051182745
4100.	0.4291604708223501
4100.5	0.42916694034376557
4101.	0.4291734090762664
4101.5	0.42917987702004384
4102.	0.4291863441752921
4102.5	0.42919281054220154
4103.	0.42919927612096564
4103.5	0.4292057409117765
4104.	0.42921220491482603
4104.5	0.4292186681303064
4105.	0.4292251305584094
4105.5	0.42923159219932727
4106.	0.429238053053252
4106.5	0.4292445131203748
4107.	0.42925097240088694
4107.5	0.4292574308949817
4108.	0.42926388860284936
4108.5	0.42927034552468135
4109.	0.42927680166066995
4109.5	0.4292832570110061
4110.	0.429289711575881
4110.5	0.4292961653554851
4111.	0.42930261835001093
4111.5	0.4293090705596486
4112.	0.42931552198459016
4112.5	0.42932197262502536
4113.	0.42932842248114594
4113.5	0.4293348715531419
4114.	0.4293413198412042
4114.5	0.4293477673455245
4115.	0.42935421406629215
4115.5	0.4293606600036983
4116.	0.42936710515793275
4116.5	0.42937354952918627
4117.	0.4293799931176498
4117.5	0.4293864359235127
4118.	0.42939287794696523
4118.5	0.4293993191881978
4119.	0.4294057596474001
4119.5	0.4294121993247628
4120.	0.4294186382204752
4120.5	0.42942507633472676
4121.	0.42943151366770804
4121.5	0.42943795021960796
4122.	0.4294443859906168
4122.5	0.4294508209809235
4123.	0.4294572551907186
4123.5	0.4294636886201905
4124.	0.4294701212695289
4124.5	0.429476553138923
4125.	0.4294829842285616
4125.5	0.4294894145386349
4126.	0.4294958440693306
4126.5	0.4295022728208388
4127.	0.42950870079334813
4127.5	0.4295151279870466
4128.	0.42952155440212425
4128.5	0.4295279800387694
4129.	0.42953440489717
4129.5	0.4295408289775157
4130.	0.429547252279994
4130.5	0.42955367480479434
4131.	0.42956009655210425
4131.5	0.42956651752211317
4132.	0.42957293771500776
4132.5	0.42957935713097717
4133.	0.4295857757702095
4133.5	0.4295921936328917
4134.	0.429598610719214
4134.5	0.4296050270293619
4135.	0.42961144256352435
4135.5	0.4296178573218893
4136.	0.42962427130464426
4136.5	0.4296306845119761
4137.	0.42963709694407337
4137.5	0.4296435086011236
4138.	0.42964991948331327
4138.5	0.4296563295908302
4139.	0.429662738923862
4139.5	0.4296691474825954
4140.	0.42967555526721823
4140.5	0.42968196227791655
4141.	0.42968836851487835
4141.5	0.4296947739782898
4142.	0.4297011786683379
4142.5	0.4297075825852102
4143.	0.42971398572909303
4143.5	0.4297203881001724
4144.	0.4297267896986354
4144.5	0.42973319052466885
4145.	0.42973959057845895
4145.5	0.4297459898601923
4146.	0.42975238837005447
4146.5	0.42975878610823254
4147.	0.42976518307491296
4147.5	0.4297715792702808
4148.	0.4297779746945233
4148.5	0.42978436934782455
4149.	0.42979076323037324
4149.5	0.4297971563423532
4150.	0.42980354868395043
4150.5	0.4298099402553516
4151.	0.42981633105674166
4151.5	0.42982272108830616
4152.	0.42982911035023064
4152.5	0.42983549884270117
4153.	0.4298418865659023
4153.5	0.4298482735200197
4154.	0.4298546597052386
4154.5	0.42986104512174456
4155.	0.42986742976972203
4155.5	0.42987381364935684
4156.	0.42988019676083256
4156.5	0.42988657910433603
4157.	0.42989296068005106
4157.5	0.429899341488162
4158.	0.42990572152885465
4158.5	0.42991210080231285
4159.	0.4299184793087215
4159.5	0.42992485704826516
4160.	0.42993123402112815
4160.5	0.4299376102274946
4161.	0.4299439856675497
4161.5	0.4299503603414771
4162.	0.42995673424946046
4162.5	0.429963107391685
4163.	0.4299694797683339
4163.5	0.4299758513795916
4164.	0.4299822222256422
4164.5	0.4299885923066686
4165.	0.4299949616228557
4165.5	0.43000133017438646
4166.	0.4300076979614448
4166.5	0.4300140649842146
4167.	0.4300204312428788
4167.5	0.4300267967376217
4168.	0.43003316146862586
4168.5	0.430039525436075
4169.	0.430045888640152
4169.5	0.4300522510810406
4170.	0.43005861275892326
4170.5	0.43006497367398444
4171.	0.4300713338264049
4171.5	0.4300776932163697
4172.	0.4300840518440607
4172.5	0.43009040970966095
4173.	0.43009676681335196
4173.5	0.4301031231553183
4174.	0.43010947873574124
4174.5	0.43011583355480437
4175.	0.4301221876126892
4175.5	0.4301285409095793
4176.	0.43013489344565536
4176.5	0.43014124522110064
4177.	0.4301475962360975
4177.5	0.4301539464908274
4178.	0.4301602959854729
4178.5	0.4301666447202162
4179.	0.4301729926952388
4179.5	0.43017933991072277
4180.	0.43018568636684973
4180.5	0.4301920320638017
4181.	0.4301983770017602
4181.5	0.43020472118090725
4182.	0.43021106460142367
4182.5	0.43021740726349117
4183.	0.4302237491672915
4183.5	0.43023009031300585
4184.	0.43023643070081535
4184.5	0.4302427703309018
4185.	0.4302491092034454
4185.5	0.43025544731862797
4186.	0.4302617846766305
4186.5	0.43026812127763353
4187.	0.43027445712181805
4187.5	0.4302807922093653
4188.	0.43028712654045553
4188.5	0.43029346011527014
4189.	0.4302997929339893
4189.5	0.430306124996793
4190.	0.43031245630386283
4190.5	0.4303187868553794
4191.	0.4303251166515214
4191.5	0.4303314456784529
4192.	0.4303377739643894
4192.5	0.43034410149549285
4193.	0.4303504282719439
4193.5	0.4303567542939225
4194.	0.4303630795616076
4194.5	0.4303694040751812
4195.	0.4303757278348214
4195.5	0.43038205084070835
4196.	0.4303883730930229
4196.5	0.4303946945919431
4197.	0.43040101533764985
4197.5	0.43040733533032194
4198.	0.430413654570139
4198.5	0.43041997305728064
4199.	0.4304262907919262
4199.5	0.43043260777425457
4200.	0.43043892400444506
4200.5	0.43044523948267743
4201.	0.43045155420913006
4201.5	0.4304578681839824
4202.	0.4304641814074131
4202.5	0.43047049387960123
4203.	0.43047680560072576
4203.5	0.4304831006500139
4204.	0.4304894109281535
4204.5	0.4304957150633744
4205.	0.43050202385623115
4205.5	0.43050833196217037
4206.	0.4305146392548603
4206.5	0.4305209457977274
4207.	0.43052725152764426
4207.5	0.4305335565713857
4208.	0.43053987827725554
4208.5	0.43054618174928594
4209.	0.4305524844723992
4209.5	0.430558783183747
4210.	0.4305650844103987
4210.5	0.43057138488867247
4211.	0.43057768461874696
4211.5	0.4305839836007987
4212.	0.43059028183500625
4212.5	0.4305965793215468
4213.	0.4306028760605978
4213.5	0.43060917205233695
4214.	0.43061546729694133
4214.5	0.4306217617945891
4215.	0.430628055545457
4215.5	0.43063434854972166
4216.	0.4306406408075621
4216.5	0.4306469323191532
4217.	0.43065322308467324
4217.5	0.4306595131042994
4218.	0.4306658023782079
4218.5	0.4306720909065759
4219.	0.4306783786895799
4219.5	0.4306846657273971
4220.	0.43069095202020363
4220.5	0.4306972375681771
4221.	0.430703522371493
4221.5	0.43070980643032797
4222.	0.4307160897448592
4222.5	0.4307223723152612
4223.	0.4307286541417126
4223.5	0.430734935224388
4224.	0.43074121556346434
4224.5	0.43074749515911726
4225.	0.4307537740115237
4225.5	0.4307600521208581
4226.	0.4307663294872974
4226.5	0.4307726061110172
4227.	0.4307788819921933
4227.5	0.43078515713100124
4228.	0.4307914315276177
4228.5	0.4307977051822172
4229.	0.430803978094975
4229.5	0.43081025026606734
4230.	0.4308165170433854
4230.5	0.43082278774517496
4231.	0.430829057705788
4231.5	0.4308353269253989
4232.	0.4308415954041836
4232.5	0.4308478631423179
4233.	0.43085413013997603
4233.5	0.43086039639733353
4234.	0.43086666191456485
4234.5	0.4308729266918456
4235.	0.4308791907293501
4235.5	0.4308854540272542
4236.	0.4308917165857311
4236.5	0.4308979784049569
4237.	0.4309042394851053
4237.5	0.4309104998263511
4238.	0.43091675942886987
4238.5	0.4309230182928342
4239.	0.43092927641841916
4239.5	0.4309355338057995
4240.	0.43094179045514963
4240.5	0.43094804636664297
4241.	0.43095430154045455
4241.5	0.43096055597675786
4242.	0.43096680967572687
4242.5	0.43097306263753543
4243.	0.4309793148623581
4243.5	0.4309855663503682
4244.	0.4309918171017395
4244.5	0.4309980671166462
4245.	0.4310043163952608
4245.5	0.43101056493775813
4246.	0.4310168127443111
4246.5	0.43102305981509303
4247.	0.4310293061502778
4247.5	0.4310355517500381
4248.	0.43104179661454817
4248.5	0.4310480407439802
4249.	0.43105428413850855
4249.5	0.4310605267983048
4250.	0.43106676872354255
4250.5	0.4310730099143952
4251.	0.43107925043562645
4251.5	0.4310854901582415
4252.	0.43109173956205227
4252.5	0.43109797780247544
4253.	0.4311042153093996
4253.5	0.4311104520829992
4254.	0.4311166881234448
4254.5	0.4311229234309101
4255.	0.4311291580055673
4255.5	0.4311353918475881
4256.	0.43114162495714536
4256.5	0.4311478573344102
4257.	0.431154088979555
4257.5	0.43116031989275333
4258.	0.4311665500741756
4258.5	0.4311727795239941
4259.	0.4311790082423809
4259.5	0.43118523622950783
4260.	0.43119146348554616
4260.5	0.4311976900106677
4261.	0.431203915805045
4261.5	0.43121014086884824
4262.	0.4312163652022494
4262.5	0.4312225888054208
4263.	0.43122881167853155
4263.5	0.431235033821756
4264.	0.4312412552352635
4264.5	0.43124747591922497
4265.	0.431253695873813
4265.5	0.4312599150991976
4266.	0.43126613359555016
4266.5	0.4312723513630413
4267.	0.4312785684018422
4267.5	0.43128478471212367
4268.	0.43129100029405615
4268.5	0.43129721514781066
4269.	0.4313034292735583
4269.5	0.4313096426714693
4270.	0.43131585534171346
4270.5	0.4313220672844623
4271.	0.4313282784998853
4271.5	0.4313344889881535
4272.	0.43134069874943703
4272.5	0.4313469077839057
4273.	0.431353116091731
4273.5	0.43135932367308155
4274.	0.4313655305281281
4274.5	0.43137173665704087
4275.	0.43137794205998853
4275.5	0.4313841467371425
4276.	0.43139035068867193
4276.5	0.43139655391474657
4277.	0.4314027564155362
4277.5	0.43140895819121033
4278.	0.43141515924193824
4278.5	0.43142135956789013
4279.	0.431427559169235
4279.5	0.4314337580461427
4280.	0.4314399561987823
4280.5	0.43144615362732264
4281.	0.43145235033193285
4281.5	0.43145854631278374
4282.	0.43146474157004205
4282.5	0.4314709361038793
4283.	0.4314771299144626
4283.5	0.43148332300196074
4284.	0.43148951536654356
4284.5	0.4314957070083802
4285.	0.43150189792763805
4285.5	0.43150808812448727
4286.	0.4315142775990952
4286.5	0.4315204663516315
4287.	0.43152665438226345
4287.5	0.4315328416911604
4288.	0.4315390282784903
4288.5	0.4315452141444223
4289.	0.4315513992891239
4289.5	0.4315575837127631
4290.	0.4315637674155086
4290.5	0.43156995039752843
4291.	0.43157613265899064
4291.5	0.4315823142000626
4292.	0.43158849502091307
4292.5	0.4315946751217099
4293.	0.43160085450261987
4293.5	0.4316070331638114
4294.	0.4316132111054528
4294.5	0.4316193883277104
4295.	0.431625564830753
4295.5	0.43163174061474696
4296.	0.43163791567986104
4296.5	0.431644090026261
4297.	0.43165026365411563
4297.5	0.4316564365635916
4298.	0.43166260875485574
4298.5	0.43166878022807664
4299.	0.4316749509834193
4299.5	0.43168112102105227
4300.	0.431687290341142
4300.5	0.4316934589438555
4301.	0.4316996268293594
4301.5	0.4317057939978212
4302.	0.43171196044940713
4302.5	0.43171812618428373
4303.	0.4317242912026185
4303.5	0.4317304555045769
4304.	0.4317366190903257
4304.5	0.4317427819600315
4305.	0.4317489441138607
4305.5	0.43175510555198016
4306.	0.4317612662745557
4306.5	0.4317674262817535
4307.	0.4317735855737393
4307.5	0.43177974415067977
4308.	0.43178590201274125
4308.5	0.43179205916008934
4309.	0.43179821559288983
4309.5	0.4318043713113087
4310.	0.4318105263155121
4310.5	0.43181668060566547
4311.	0.4318228341819338
4311.5	0.43182898704448425
4312.	0.4318351391934811
4312.5	0.4318412906290908
4313.	0.4318474413514787
4313.5	0.4318535913608098
4314.	0.4318597406572489
4314.5	0.4318658892409628
4315.	0.43187203711211597
4315.5	0.4318781842708729
4316.	0.4318843307174006
4316.5	0.43189047645186174
4317.	0.4318966214744233
4317.5	0.4319027657852489
4318.	0.4319089093845047
4318.5	0.43191505227235444
4319.	0.4319211944489631
4319.5	0.43192733591449606
4320.	0.43193347666911674
4320.5	0.4319396167129915
4321.	0.43194575604628355
4321.5	0.43195189466915734
4322.	0.43195803258177845
4322.5	0.43196416978431024
4323.	0.4319703062769171
4323.5	0.43197644205976377
4324.	0.43198257713301424
4324.5	0.4319887114968333
4325.	0.43199484515138376
4325.5	0.4320010096460106
4326.	0.4320071418896528
4326.5	0.4320132734245071
4327.	0.4320194016255697
4327.5	0.43202553175118574
4328.	0.43203166116848307
4328.5	0.43203778987762576
4329.	0.4320439178787774
4329.5	0.4320500451721011
4330.	0.43205617182468825
4330.5	0.4320622977028627
4331.	0.4320684228737003
4331.5	0.43207454733736483
4332.	0.43208067109401926
4332.5	0.43208679414382584
4333.	0.43209291641993297
4333.5	0.43209903805652133
4334.	0.4321051589867521
4334.5	0.43211127921078857
4335.	0.43211739872879423
4335.5	0.4321235175409315
4336.	0.4321296381346814
4336.5	0.43213575552811806
4337.	0.43214184050586213
4337.5	0.43214795648187937
4338.	0.43215407175287446
4338.5	0.43216018631901076
4339.	0.43216630018045077
4339.5	0.43217241333735723
4340.	0.43217852578989246
4340.5	0.4321846375382178
4341.	0.4321907485824973
4341.5	0.4321968589228918
4342.	0.43220296855956325
4342.5	0.43220907746833837
4343.	0.4322151856981539
4343.5	0.43222129322473335
4344.	0.4322274000482385
4344.5	0.43223350616883166
4345.	0.43223961158667373
4345.5	0.43224571630192704
4346.	0.4322518203147542
4346.5	0.4322579236253153
4347.	0.432264026233773
4347.5	0.43227012814028837
4348.	0.43227622934502263
4348.5	0.4322823298481381
4349.	0.43228842964979586
4349.5	0.43229452875015656
4350.	0.4323006271493828
4350.5	0.4323067248476343
4351.	0.432312821845073
4351.5	0.43231891814186
4352.	0.4323250137381565
4352.5	0.4323311086341235
4353.	0.43233720282992105
4353.5	0.4323432963257117
4354.	0.43234938912165444
4354.5	0.4323554812179118
4355.	0.43236157261464303
4355.5	0.4323676633120096
4356.	0.4323737533101719
4356.5	0.43237984260929063
4357.	0.43238593120952584
4357.5	0.43239201911103853
4358.	0.43239810631398845
4358.5	0.43240419281853726
4359.	0.43241027862484366
4359.5	0.43241636373306847
4360.	0.4324224481433729
4360.5	0.4324285318559151
4361.	0.43243461487085627
4361.5	0.4324406971883564
4362.	0.4324467788085757
4362.5	0.43245285973167313
4363.	0.432458939957809
4363.5	0.43246501948714333
4364.	0.43247109831983616
4364.5	0.4324771764560468
4365.	0.4324832538959339
4365.5	0.432489330639658
4366.	0.43249540668737935
4366.5	0.4325014820392553
4367.	0.43250755669544766
4367.5	0.4325136306561143
4368.	0.43251970392141464
4368.5	0.4325257764915076
4369.	0.4325318483665535
4369.5	0.4325379195467103
4370.	0.4325439900321383
4370.5	0.4325500598229954
4371.	0.43255612891944095
4371.5	0.43256219732163415
4372.	0.43256826502973317
4372.5	0.4325743320438972
4373.	0.43258039836428547
4373.5	0.43258646399105544
4374.	0.4325925289243671
4374.5	0.43259859316437843
4375.	0.4326046567112481
4375.5	0.4326107195651338
4376.	0.432616781726195
4376.5	0.4326228431945896
4377.	0.43262890397047593
4377.5	0.432634964054012
4378.	0.43264102344535627
4378.5	0.43264708214466724
4379.	0.43265314015210243
4379.5	0.4326591974678201
4380.	0.4326652540919781
4380.5	0.4326713100247346
4381.	0.4326773652662472
4381.5	0.43268341981667424
4382.	0.4326894736761726
4382.5	0.432695526844901
4383.	0.4327015793230161
4383.5	0.4327076311106764
4384.	0.43271368220803885
4384.5	0.4327197326152615
4385.	0.43272578233250125
4385.5	0.432731831359915
4386.	0.43273787969766114
4386.5	0.4327439273458966
4387.	0.4327499743047789
4387.5	0.43275602057446505
4388.	0.432762066155111
4388.5	0.43276811104687596
4389.	0.4327741552499149
4389.5	0.43278019876438556
4390.	0.4327862415904461
4390.5	0.43279228372825135
4391.	0.43279832517795874
4391.5	0.43280436593972604
4392.	0.43281040601370907
4392.5	0.4328164454000638
4393.	0.4328224840989479
4393.5	0.4328285221105178
4394.	0.43283455943492966
4394.5	0.4328405960723402
4395.	0.4328466320229044
4395.5	0.4328526672867805
4396.	0.4328587018641245
4396.5	0.4328647357550913
4397.	0.432870768959838
4397.5	0.43287680147852065
4398.	0.43288283331129546
4398.5	0.432888864458318
4399.	0.43289489491974364
4399.5	0.4329009246957295
4400.	0.432906953786431
4400.5	0.432912982192004
4401.	0.43291900991260346
4401.5	0.432925036948386
4402.	0.43293106329950715
4402.5	0.4329370889661217
4403.	0.43294311394838614
4403.5	0.4329491382464554
4404.	0.4329551618604849
4404.5	0.43296118479063034
4405.	0.43296720703704583
4405.5	0.4329732285998884
4406.	0.43297924947931177
4406.5	0.43298526967547196
4407.	0.4329912891885234
4407.5	0.43299730801862213
4408.	0.4330033261659222
4408.5	0.4330093436305793
4409.	0.43301536041274746
4409.5	0.43302137651258216
4410.	0.43302739193023754
4410.5	0.433033406665869
4411.	0.433039420719631
4411.5	0.4330454340916776
4412.	0.43305144678216445
4412.5	0.43305745879124496
4413.	0.43306347011907453
4413.5	0.43306948076580654
4414.	0.43307549073159646
4414.5	0.4330815000165981
4415.	0.433087508620965
4415.5	0.4330935165448527
4416.	0.4330995237884144
4416.5	0.43310553035180466
4417.	0.433111536235177
4417.5	0.43311754143868625
4418.	0.4331235459624853
4418.5	0.43312954980672863
4419.	0.4331355529715697
4419.5	0.4331415554571634
4420.	0.4331475572636619
4420.5	0.43315355839121966
4421.	0.4331595588399903
4421.5	0.43316555861012734
4422.	0.43317155770178467
4422.5	0.43317755611511527
4423.	0.4331835538502719
4423.5	0.4331895509074092
4424.	0.4331955472866801
4424.5	0.4332015429882375
4425.	0.4332075380122347
4425.5	0.43321353235882537
4426.	0.4332195260281617
4426.5	0.4332255190203976
4427.	0.4332315113356857
4427.5	0.4332375029741781
4428.	0.43324349393602934
4428.5	0.4332494842213916
4429.	0.43325547383041685
4429.5	0.4332614627632594
4430.	0.43326745102007064
4430.5	0.43327343860100315
4431.	0.4332794255062108
4431.5	0.4332854117358441
4432.	0.43329139729005767
4432.5	0.43329738216900254
4433.	0.43330336637283173
4433.5	0.433309349901697
4434.	0.43331533275575157
4434.5	0.43332131493514625
4435.	0.4333272964400343
4435.5	0.4333332772705681
4436.	0.43333925742689855
4436.5	0.4333452369091788
4437.	0.43335121571755936
4437.5	0.4333571938521942
4438.	0.43336317131323393
4438.5	0.43336914810082916
4439.	0.4333751242151345
4439.5	0.4333810996562996
4440.	0.43338707442447666
4440.5	0.43339304851981686
4441.	0.4333990219424725
4441.5	0.43340499469259464
4442.	0.43341096677033497
4442.5	0.43341693817584415
4443.	0.4334229089092745
4443.5	0.4334288789707767
4444.	0.4334348483605033
4444.5	0.43344081707860294
4445.	0.43344678512522916
4445.5	0.43345275250053167
4446.	0.4334587192046626
4446.5	0.4334646852377718
4447.	0.4334706506000108
4447.5	0.4334766152915305
4448.	0.4334825793124809
4448.5	0.43348854266301406
4449.	0.4334945053432805
4449.5	0.43350046735342995
4450.	0.43350642869361405
4450.5	0.43351238936398334
4451.	0.43351834936468747
4451.5	0.4335243086958772
4452.	0.43353026735770395
4452.5	0.4335362253503172
4453.	0.4335421826738668
4453.5	0.433548139328504
4454.	0.43355409531437905
4454.5	0.43356005063164144
4455.	0.433566005280442
4455.5	0.43357195926092995
4456.	0.4335779125732562
4456.5	0.43358386521757036
4457.	0.4335898171940215
4457.5	0.43359576850276077
4458.	0.4336017191439378
4458.5	0.433607669117702
4459.	0.4336136184242034
4459.5	0.43361956706359067
4460.	0.43362551503601465
4460.5	0.4336314623416246
4461.	0.43363740898057
4461.5	0.4336433549530001
4462.	0.4336493002590642
4462.5	0.433655244898912
4463.	0.4336611888726927
4463.5	0.43366713218055586
4464.	0.43367307482265033
4464.5	0.43367901679912535
4465.	0.43368495811012997
4465.5	0.43369089875581324
4466.	0.4336968387363248
4466.5	0.4337027780518128
4467.	0.4337087167024265
4467.5	0.4337146546883148
4468.	0.43372059200962654
4468.5	0.43372652866651
4469.	0.4337324646591142
4469.5	0.4337383999875883
4470.	0.4337443346520806
4470.5	0.43375026865273925
4471.	0.43375620198971304
4471.5	0.43376213466315083
4472.	0.4337680666732009
4472.5	0.4337739980200109
4473.	0.43377992870372983
4473.5	0.43378585872450554
4474.	0.433791788082487
4474.5	0.4337977167778216
4475.	0.4338036448106579
4475.5	0.4338095722580589
4476.	0.4338154989662535
4476.5	0.43382142501239324
4477.	0.43382735039662634
4477.5	0.43383327511910125
4478.	0.433839199179965
4478.5	0.4338451225793662
4479.	0.43385104531745117
4479.5	0.43385696739436913
4480.	0.4338628888102665
4480.5	0.4338688095652916
4481.	0.43387472965959184
4481.5	0.43388064909331425
4482.	0.4338865678666062
4482.5	0.4338924859796164
4483.	0.4338984034324908
4483.5	0.4339043202253776
4484.	0.43391023635842235
4484.5	0.43391615183177473
4485.	0.4339220666455799
4485.5	0.4339279807999852
4486.	0.4339338942951379
4486.5	0.4339398071311863
4487.	0.4339457193082754
4487.5	0.43395163082655314
4488.	0.43395754168616607
4488.5	0.43396345188726
4489.	0.43396936142998377
4489.5	0.43397526588492147
4490.	0.4339811741208302
4490.5	0.43398708169880595
4491.	0.43399298861899577
4491.5	0.4339988949553772
4492.	0.4340048005603422
4492.5	0.43401070550796067
4493.	0.43401660979837847
4493.5	0.4340225134317414
4494.	0.4340284164081959
4494.5	0.4340343187278894
4495.	0.4340402203909666
4495.5	0.43404612139757365
4496.	0.434052021747857
4496.5	0.43405792144196315
4497.	0.43406382048003755
4497.5	0.4340697188622257
4498.	0.43407561658867366
4498.5	0.43408151365952763
4499.	0.4340874100749335
4499.5	0.43409330699744664
4500.	0.4340992021012566
4500.5	0.4341050965500562
4501.	0.43411099034399026
4501.5	0.4341168834832039
4502.	0.43412277596784266
4502.5	0.4341286677980526
4503.	0.43413455897397835
4503.5	0.4341404494957654
4504.	0.4341463393635593
4504.5	0.43415222857750496
4505.	0.43415811713774793
4505.5	0.43416400504443275
4506.	0.43416989229770486
4506.5	0.4341757788977091
4507.	0.43418166484459064
4507.5	0.43418755013849486
4508.	0.43419343477956535
4508.5	0.43419931876794815
4509.	0.4342052021037871
4509.5	0.4342110847872278
4510.	0.43421696681841465
4510.5	0.43422284932121435
4511.	0.4342287300472007
4511.5	0.43423461012136744
4512.	0.4342404895438582
4512.5	0.43424636831481916
4513.	0.4342522464343929
4513.5	0.4342581239027251
4514.	0.43426400071995874
4514.5	0.43426987688623925
4515.	0.43427575240171024
4515.5	0.43428162726651615
4516.	0.4342875014808013
4516.5	0.43429337504470855
4517.	0.4342992479583835
4517.5	0.43430512022196954
4518.	0.4343109918356094
4518.5	0.4343168627994489
4519.	0.43432273311363073
4519.5	0.4343286027782988
4520.	0.4343344717935969
4520.5	0.43434034015966877
4521.	0.43434620787665806
4521.5	0.43435207494470784
4522.	0.43435794136396233
4522.5	0.4343638071345648
4523.	0.4343696722566586
4523.5	0.43437553673038765
4524.	0.4343814005558942
4524.5	0.4343872637333225
4525.	0.434393126262815
4525.5	0.43439898814451583
4526.	0.4344048493785675
4526.5	0.43441070996511305
4527.	0.43441656990429633
4527.5	0.43442242919625923
4528.	0.4344282878411455
4528.5	0.43443414583909806
4529.	0.4344400031902592
4529.5	0.43444585989477214
4530.	0.43445171595277976
4530.5	0.43445757136442464
4531.	0.43446342612984906
4531.5	0.4344692802992821
4532.	0.4344751337725394
4532.5	0.43448098660000406
4533.	0.434486838781819
4533.5	0.43449269031812626
4534.	0.43449854120906867
4534.5	0.4345043914547881
4535.	0.43451024105542724
4535.5	0.43451609001112806
4536.	0.43452193832203295
4536.5	0.43452778598828373
4537.	0.4345336330100233
4537.5	0.434539479387393
4538.	0.4345453251205348
4538.5	0.4345511702095911
4539.	0.4345570146547041
4539.5	0.43456285845601483
4540.	0.43456870161366534
4540.5	0.4345745441277977
4541.	0.43458038599855414
4541.5	0.4345862272260753
4542.	0.43459206781050363
4542.5	0.43459790775197965
4543.	0.43460374705064636
4543.5	0.43460958566966573
4544.	0.43461542368321543
4544.5	0.4346212610543801
4545.	0.4346270977833002
4545.5	0.4346329338701176
4546.	0.43463876931497314
4546.5	0.43464460415451167
4547.	0.43465043831578887
4547.5	0.43465627183552724
4548.	0.43466210471386785
4548.5	0.4346679362829144
4549.	0.4346737678810084
4549.5	0.4346795995019206
4550.	0.4346854298160835
4550.5	0.434691259489554
4551.	0.4346970885224727
4551.5	0.4347029169149812
4552.	0.4347087446672193
4552.5	0.43471457177932826
4553.	0.43472039825144826
4553.5	0.4347262240837199
4554.	0.4347320492762846
4554.5	0.43473787382928075
4555.	0.43474369774285093
4555.5	0.43474952101713515
4556.	0.43475534365227264
4556.5	0.4347611656484044
4557.	0.43476698700567085
4557.5	0.43477280772421145
4558.	0.43477862780416776
4558.5	0.4347844472456789
4559.	0.4347902660488843
4559.5	0.43479608421392524
4560.	0.43480190174094135
4560.5	0.4348077186300723
4561.	0.434813534881458
4561.5	0.43481935049523857
4562.	0.43482516547155303
4562.5	0.43483097981054186
4563.	0.4348367935123446
4563.5	0.4348426065771013
4564.	0.4348484190049511
4564.5	0.43485423079603336
4565.	0.4348600419504875
4565.5	0.43486585246845344
4566.	0.43487166235007074
4566.5	0.43487747159547824
4567.	0.43488328020481576
4567.5	0.43488908817822214
4568.	0.4348948955158369
4568.5	0.43490070221779886
4569.	0.4349065082842483
4569.5	0.4349123137153229
4570.	0.4349181185111623
4570.5	0.43492392267190544
4571.	0.4349297261976917
4571.5	0.43493552908865923
4572.	0.43494133134494783
4572.5	0.4349471329666954
4573.	0.4349529339540413
4573.5	0.4349587343071242
4574.	0.4349645340260824
4574.5	0.4349703331110554
4575.	0.43497613156218057
4575.5	0.4349819293795974
4576.	0.4349877265634445
4576.5	0.43499352311385947
4577.	0.4349993190309814
4577.5	0.43500511431494815
4578.	0.43501090896589895
4578.5	0.4350167029839712
4579.	0.435022496369303
4579.5	0.43502828912203384
4580.	0.43503408124230036
4580.5	0.4350398727302413
4581.	0.435045663585995
4581.5	0.4350514538096995
4582.	0.4350572434014917
4582.5	0.43506303236151117
4583.	0.43506882068989405
4583.5	0.435074608386779
4584.	0.43508039545230426
4584.5	0.4350861818866067
4585.	0.43509196768982494
4585.5	0.43509775286209557
4586.	0.43510353740355706
4586.5	0.4351093213143464
4587.	0.4351151045946018
4587.5	0.43512088724445996
4588.	0.4351266692640582
4588.5	0.43513245065353484
4589.	0.4351382314130266
4589.5	0.4351440115426704
4590.	0.4351497910426043
4590.5	0.4351555699129657
4591.	0.43516134815389046
4591.5	0.4351671257793368
4592.	0.43517290276180104
4592.5	0.43517867911524055
4593.	0.43518445483979223
4593.5	0.4351902299355934
4594.	0.43519600440278094
4594.5	0.43520177824149103
4595.	0.43520755145186046
4595.5	0.43521332403402646
4596.	0.43521909598812625
4596.5	0.4352248673142953
4597.	0.4352306380126707
4597.5	0.43523640808338926
4598.	0.4352421775265871
4598.5	0.4352479463424016
4599.	0.43525371453096773
4599.5	0.4352594820924235
4600.	0.4352652490269039
4600.5	0.4352710153345463
4601.	0.4352767810154858
4601.5	0.43528254606985983
4602.	0.43528831049780364
4602.5	0.43529763506267677
4603.	0.43530340018752256
4603.5	0.4353056000244174
4604.	0.435311361948003
4604.5	0.4353171232458382
4605.	0.4353228839180599
4605.5	0.43532864396480414
4606.	0.4353344033862057
4606.5	0.43534016218240185
4607.	0.4353459203535268
4607.5	0.43535167789971696
4608.	0.43535743482110756
4608.5	0.4353631911178349
4609.	0.435368946790034
4609.5	0.43537470183784066
4610.	0.4353804562613892
4610.5	0.43538621006081707
4611.	0.43539196323625856
4611.5	0.43539771578784864
4612.	0.43540346771572325
4612.5	0.4354092190200172
4613.	0.4354149697008661
4613.5	0.4354207197584043
4614.	0.4354264691927677
4614.5	0.43543221800409115
4615.	0.4354379661925102
4615.5	0.43544371375815877
4616.	0.43544946070117235
4616.5	0.4354552070216861
4617.	0.4354609527198339
4617.5	0.4354666977957521
4618.	0.4354724443039588
4618.5	0.4354781881270517
4619.	0.43548393132832175
4619.5	0.43548967390790494
4620.	0.435495415865935
4620.5	0.43550115720254634
4621.	0.43550689791787384
4621.5	0.4355126380120514
4622.	0.4355183774852145
4622.5	0.43552411633749744
4623.	0.43552985456903215
4623.5	0.435535592179956
4624.	0.43554132917040256
4624.5	0.43554706554050426
4625.	0.4355528012903972
4625.5	0.4355585364202147
4626.	0.43556427093009065
4626.5	0.43557000482015934
4627.	0.4355757380905549
4627.5	0.43558147074141135
4628.	0.43558720277286256
4628.5	0.43559293418504175
4629.	0.4355986649780831
4629.5	0.4356043951521198
4630.	0.43561012470728694
4630.5	0.4356158536437177
4631.	0.43562158196154493
4631.5	0.43562730966090335
4632.	0.435633036741925
4632.5	0.4356387632047448
4633.	0.43564448904949626
4633.5	0.43565021427631145
4634.	0.43565593888532483
4634.5	0.4356616628766696
4635.	0.43566738625047885
4635.5	0.43567310900688544
4636.	0.4356788311460235
4636.5	0.4356845526680259
4637.	0.43569027357302537
4637.5	0.43569599386115565
4638.	0.4357017135325483
4638.5	0.43570743258733746
4639.	0.4357131510256567
4639.5	0.4357188688476375
4640.	0.43572458605341363
4640.5	0.4357303026431173
4641.	0.4357360186168817
4641.5	0.4357417339748402
4642.	0.435747448717124
4642.5	0.4357531628438665
4643.	0.4357588763552006
4643.5	0.4357645892512585
4644.	0.435770301532173
4644.5	0.43577601319807585
4645.	0.4357817242491006
4645.5	0.43578743468537817
4646.	0.43579314450704254
4646.5	0.435798853714225
4647.	0.43580456230705833
4647.5	0.43581027028567426
4648.	0.43581597765020497
4648.5	0.43582168440078317
4649.	0.43582739053754016
4649.5	0.43583309606060794
4650.	0.43583880097011973
4650.5	0.43584450526620605
4651.	0.43585020894900023
4651.5	0.43585591201863294
4652.	0.43586161447523697
4652.5	0.4358673163189431
4653.	0.43587301754988356
4653.5	0.43587871816819024
4654.	0.43588441817399454
4654.5	0.435890117567428
4655.	0.4358958163486232
4655.5	0.4359015145177105
4656.	0.43590721207482136
4656.5	0.43591290902008795
4657.	0.435918605353641
4657.5	0.43592430107561236
4658.	0.4359299961861336
4658.5	0.4359356906853351
4659.	0.43594138457334897
4659.5	0.43594707785030595
4660.	0.4359527705163373
4660.5	0.4359584625715739
4661.	0.43596415401614724
4661.5	0.4359698448501878
4662.	0.43597553507382725
4662.5	0.4359812246871964
4663.	0.4359869136904259
4663.5	0.4359926020836465
4664.	0.4359982898669891
4664.5	0.43600397704058486
4665.	0.4360096636045636
4665.5	0.43601534955905696
4666.	0.4360210349041955
4666.5	0.43602671964010903
4667.	0.43603240376692903
4667.5	0.43603808728478516
4668.	0.4360437701938091
4668.5	0.43604945249412996
4669.	0.4360551341858794
4669.5	0.43606081526918694
4670.	0.4360664957441823
4670.5	0.436072175610997
4671.	0.43607785486976136
4671.5	0.436083533520604
4672.	0.4360892115636568
4672.5	0.436094888999049
4673.	0.43610056582691037
4673.5	0.4361062420473714
4674.	0.43611191766056273
4674.5	0.436117592666613
4675.	0.4361232670656528
4675.5	0.43612894085781206
4676.	0.43613461404321974
4676.5	0.4361402866220066
4677.	0.4361459585943023
4677.5	0.4361516299602362
4678.	0.4361573007199379
4678.5	0.43616297087353684
4679.	0.43616864042116354
4679.5	0.4361743093629463
4680.	0.4361799776990148
4680.5	0.4361856454294991
4681.	0.43619131255452886
4681.5	0.4361969790742324
4682.	0.4362026449887395
4682.5	0.4362083102981796
4683.	0.43621397500268133
4683.5	0.4362196391023752
4684.	0.43622530227276674
4684.5	0.4362309651641511
4685.	0.4362366274511112
4685.5	0.4362422891337761
4686.	0.43624795021227425
4686.5	0.4362536106867357
4687.	0.43625927055728825
4687.5	0.43626492982406095
4688.	0.4362705884871833
4688.5	0.436276246546784
4689.	0.4362819040029904
4689.5	0.4362875608559331
4690.	0.43629321710574
4690.5	0.43629887275253904
4691.	0.4363045277964596
4691.5	0.43631018223763063
4692.	0.4363158360761796
4692.5	0.4363214893122353
4693.	0.4363271419459262
4693.5	0.43633279397738073
4694.	0.43633844540672756
4694.5	0.436344096234094
4695.	0.43634974645960917
4695.5	0.4363553960834009
4696.	0.43636104510559753
4696.5	0.43636669352632695
4697.	0.436372341345718
4697.5	0.43637798856389753
4698.	0.4363836351809947
4698.5	0.4363892811971361
4699.	0.4363949266124513
4699.5	0.4364005714270671
4700.	0.43640621564111126
4700.5	0.4364118592547125
4701.	0.43641750226799764
4701.5	0.43642314468109467
4702.	0.4364287864941317
4702.5	0.4364344277072355
4703.	0.43644006832053417
4703.5	0.4364457083341556
4704.	0.43645134774822697
4704.5	0.43645698656287596
4705.	0.436462624778229
4705.5	0.436468262394415
4706.	0.43647389941156056
4706.5	0.4364795358297927
4707.	0.4364851716492389
4707.5	0.4364908068700264
4708.	0.43649644149228284
4708.5	0.436502075516135
4709.	0.4365077089417096
4709.5	0.4365133417691345
4710.	0.4365189739985364
4710.5	0.43652460563004175
4711.	0.43653023666377816
4711.5	0.43653586709987263
4712.	0.43654149693845096
4712.5	0.43654712617964114
4713.	0.43655275482357
4713.5	0.4365583828703628
4714.	0.43656401032014797
4714.5	0.4365696371730515
4715.	0.43657526342919994
4715.5	0.4365808890887197
4716.	0.43658651415173744
4716.5	0.4365921386183797
4717.	0.4365977624887734
4717.5	0.4366033857630435
4718.	0.43660900844131884
4718.5	0.4366146305237238
4719.	0.43662025201038507
4719.5	0.43662587290142857
4720.	0.43663149319698186
4720.5	0.43663711289717044
4721.	0.43664273200211956
4721.5	0.4366483505119562
4722.	0.4366539684268063
4722.5	0.436659585746796
4723.	0.43666520247205115
4723.5	0.4366708186026976
4724.	0.43667643413886076
4724.5	0.43668204908066743
4725.	0.43668766342824317
4725.5	0.43669327718171363
4726.	0.4366988903412043
4726.5	0.43670450290684104
4727.	0.4367101148787496
4727.5	0.43671572625705585
4728.	0.4367213370418846
4728.5	0.4367269472333622
4729.	0.4367325568316139
4729.5	0.4367381658367648
4730.	0.43674377424894084
4730.5	0.4367493820682668
4731.	0.4367549892948688
4731.5	0.43676059592887184
4732.	0.4367662019704007
4732.5	0.4367718074195808
4733.	0.436777412276538
4733.5	0.43678301654139656
4734.	0.4367886202142822
4734.5	0.43679422329531925
4735.	0.43679982578463333
4735.5	0.4368054276823496
4736.	0.4368110289885929
4736.5	0.4368166297034873
4737.	0.43682222982715857
4737.5	0.4368278293597314
4738.	0.43683342830133004
4738.5	0.4368390266520803
4739.	0.43684462441210525
4739.5	0.436850221581531
4740.	0.43685581816048163
4740.5	0.43686141414908203
4741.	0.4368670095474567
4741.5	0.43687260435572933
4742.	0.43687819857402527
4742.5	0.43688379220246887
4743.	0.43688938524118415
4743.5	0.4368949776902956
4744.	0.4369005695499277
4744.5	0.43690616082020434
4745.	0.43691175150125
4745.5	0.4369173415931894
4746.	0.43692293109614583
4746.5	0.4369285200102435
4747.	0.4369341083356068
4747.5	0.43693969607235983
4748.	0.4369452832206263
4748.5	0.43695086978053055
4749.	0.4369564557521958
4749.5	0.4369620411357473
4750.	0.43696762593130767
4750.5	0.4369732101390008
4751.	0.4369787937589504
4751.5	0.4369843767912808
4752.	0.4369899592361154
4752.5	0.43699554109357774
4753.	0.43700112236379146
4753.5	0.43700670304688016
4754.	0.43701228314296714
4754.5	0.4370178626521765
4755.	0.4370234415746308
4755.5	0.4370290199104548
4756.	0.43703459765976993
4756.5	0.43704017482270124
4757.	0.4370457513993713
4757.5	0.437051327389903
4758.	0.43705690279442005
4758.5	0.4370624776130467
4759.	0.43706805184590375
4759.5	0.4370736254931159
4760.	0.4370791985548059
4760.5	0.4370847710310967
4761.	0.43709034292211096
4761.5	0.4370959142279726
4762.	0.43710148494880313
4762.5	0.4371070550847263
4763.	0.4371126246358651
4763.5	0.4371181936023419
4764.	0.43712376198427944
4764.5	0.43712932978180036
4765.	0.4371348969950282
4765.5	0.4371404636240844
4766.	0.43714602966909183
4766.5	0.437151595130174
4767.	0.43715716000745203
4767.5	0.4371627243010489
4768.	0.43716828801108837
4768.5	0.43717385113769097
4769.	0.43717941368097946
4769.5	0.4371849756410769
4770.	0.4371905370181055
4770.5	0.4371960978121865
4771.	0.43720165802344296
4771.5	0.43720721765199694
4772.	0.43721277669797115
4772.5	0.43721833516148645
4773.	0.43722389304266485
4773.5	0.4372294503416301
4774.	0.4372350070585029
4774.5	0.4372405631934054
4775.	0.4372461187464591
4775.5	0.4372516737177864
4776.	0.4372572281075087
4776.5	0.4372627819157487
4777.	0.43726833514262675
4777.5	0.4372738877882662
4778.	0.4372794398527873
4778.5	0.43728499133631243
4779.	0.43729054223896274
4779.5	0.4372960925608601
4780.	0.4373016423021262
4780.5	0.437307191462882
4781.	0.4373127400432492
4781.5	0.43731828804334955
4782.	0.43732383546330356
4782.5	0.4373293823032335
4783.	0.43733492856326056
4783.5	0.43734047424350503
4784.	0.43734601934408945
4784.5	0.4373515638651342
4785.	0.4373571078067604
4785.5	0.4373626511690887
4786.	0.43736819395224125
4786.5	0.43737373615633895
4787.	0.43737927778150265
4787.5	0.43738481882785185
4788.	0.4373903592955098
4788.5	0.43739589918459565
4789.	0.4374014384952312
4789.5	0.4374069772275368
4790.	0.4374125153816336
4790.5	0.43741805295764147
4791.	0.4374235899556816
4791.5	0.4374291263758753
4792.	0.4374346622183421
4792.5	0.43744019748320295
4793.	0.43744573217057847
4793.5	0.43745126628058956
4794.	0.43745679981335617
4794.5	0.43746233276899854
4795.	0.4374678651476377
4795.5	0.43747339694939336
4796.	0.43747892817438666
4796.5	0.4374844588227365
4797.	0.4374899888945646
4797.5	0.43749551838999023
4798.	0.43750104730913325
4798.5	0.43750657565211487
4799.	0.4375121034190542
4799.5	0.43751763061007204
4800.	0.43752315722528795
4800.5	0.43752868326482197
4801.	0.4375342087287945
4801.5	0.4375397336173243
4802.	0.437545257930532
4802.5	0.4375507816685378
4803.	0.4375563048314604
4803.5	0.4375618274194205
4804.	0.4375673494325377
4804.5	0.43757287087093055
4805.	0.4375783917347209
4805.5	0.43758391202402586
4806.	0.43758943173896625
4806.5	0.43759495087966205
4807.	0.4376004694462322
4807.5	0.43760598743879586
4808.	0.43761150485747285
4808.5	0.43761702170238215
4809.	0.437622537973643
4809.5	0.4376280536713753
4810.	0.4376335687956983
4810.5	0.4376390833467307
4811.	0.4376445973245913
4811.5	0.43765011072940135
4812.	0.4376556235612777
4812.5	0.4376611358203398
4813.	0.4376666475067076
4813.5	0.437672158620499
4814.	0.43767766916183376
4814.5	0.4376831791308313
4815.	0.43768868852760934
4815.5	0.43769419735228693
4816.	0.4376997056049834
4816.5	0.43770521328581696
4817.	0.4377107203949074
4817.5	0.4377162269323716
4818.	0.43772173289832994
4818.5	0.4377272382929004
4819.	0.4377327431162016
4819.5	0.43773824736835193
4820.	0.4377437510494702
4820.5	0.4377492541596738
4821.	0.43775475669908365
4821.5	0.43776025866781604
4822.	0.43776576006598933
4822.5	0.4377712608937228
4823.	0.4377767611511345
4823.5	0.4377822608383424
4824.	0.4377877599554651
4824.5	0.43779325850262035
4825.	0.43779875647992655
4825.5	0.4378042538875022
4826.	0.4378097507254643
4826.5	0.43781524699393204
4827.	0.4378207426930225
4827.5	0.4378262378228545
4828.	0.4378317323835453
4828.5	0.43783722637521305
4829.	0.4378427197979756
4829.5	0.43784821265195084
4830.	0.4378537049372565
4830.5	0.43785919665401046
4831.	0.4378646878023297
4831.5	0.43787017838233305
4832.	0.4378756683941369
4832.5	0.4378811578378596
4833.	0.4378866467136194
4833.5	0.4378921350215322
4834.	0.4378976227617163
4834.5	0.43790310993428966
4835.	0.4379085965393688
4835.5	0.4379140825770723
4836.	0.4379195680475156
4836.5	0.43792505295081785
4837.	0.43793053728709525
4837.5	0.43793602105646573
4838.	0.4379415042590461
4838.5	0.43794698689495365
4839.	0.43795246896430434
4839.5	0.4379579504672172
4840.	0.43796343140380845
4840.5	0.4379689117741952
4841.	0.43797439157849327
4841.5	0.4379798708168221
4842.	0.4379853494892962
4842.5	0.43799082759603314
4843.	0.4379963051371507
4843.5	0.43800178211276464
4844.	0.43800725852299166
4844.5	0.4380127343679491
4845.	0.4380182096477539
4845.5	0.438023684362522
4846.	0.4380291585123695
4846.5	0.4380346320974149
4847.	0.438040105117773
4847.5	0.43804557757356055
4848.	0.4380510494648949
4848.5	0.43805652079189134
4849.	0.43806199155466713
4849.5	0.4380674617533386
4850.	0.4380729313880221
4850.5	0.4380784004588332
4851.	0.4380838689658889
4851.5	0.43808933690930496
4852.	0.438094804289198
4852.5	0.4381002711056837
4853.	0.43810573735887837
4853.5	0.4381112030488978
4854.	0.4381166681758591
4854.5	0.43812213273987677
4855.	0.438127596741069
4855.5	0.43813306017954856
4856.	0.4381385230554338
4856.5	0.4381439853688399
4857.	0.4381494471198821
4857.5	0.43815490830867687
4858.	0.43816036893534016
4858.5	0.4381658289999871
4859.	0.43817128850273396
4859.5	0.438176747443696
4860.	0.4381822058229881
4860.5	0.4381876636407273
4861.	0.43819312089702805
4861.5	0.4381985775920067
4862.	0.43820403372577826
4862.5	0.4382094892984578
4863.	0.438214944310161
4863.5	0.43822039876100377
4864.	0.4382258526511006
4864.5	0.43823130598056714
4865.	0.4382367587495189
4865.5	0.43824221095807103
4866.	0.43824766260633785
4866.5	0.43825311369443587
4867.	0.43825856422247944
4867.5	0.4382640141905836
4868.	0.43826946359886343
4868.5	0.43827491244743433
4869.	0.4382803607364108
4869.5	0.43828580846590726
4870.	0.4382912556360406
4870.5	0.43829670224692363
4871.	0.4383021482986723
4871.5	0.43830759379140083
4872.	0.43831303872522437
4872.5	0.4383184831002567
4873.	0.43832392691661426
4873.5	0.4383293701744104
4874.	0.4383348128737599
4874.5	0.4383402550147774
4875.	0.43834569659757805
4875.5	0.4383511376222748
4876.	0.43835657808898426
4876.5	0.4383620179978193
4877.	0.4383674573488953
4877.5	0.43837289614232505
4878.	0.4383783343782254
4878.5	0.4383837720567084
4879.	0.43838920917788976
4879.5	0.4383946457418826
4880.	0.43840008174880146
4880.5	0.43840551719876125
4881.	0.4384109520918748
4881.5	0.4384163864282575
4882.	0.4384218202080221
4882.5	0.43842725343128364
4883.	0.43843268609815617
4883.5	0.43843811820875284
4884.	0.4384435497631881
4884.5	0.43844898076157623
4885.	0.4384544112040297
4885.5	0.4384598410906641
4886.	0.43846527042159134
4886.5	0.4384706991969269
4887.	0.43847612741678293
4887.5	0.4384815550812745
4888.	0.4384869821905139
4888.5	0.4384924087446163
4889.	0.43849783474369425
4889.5	0.4385032601878609
4890.	0.4385086850772303
4890.5	0.43851410941191626
4891.	0.4385195331920312
4891.5	0.43852495641769007
4892.	0.43853037908900483
4892.5	0.4385358012060897
4893.	0.43854122276905705
4893.5	0.4385466437780205
4894.	0.4385520642330935
4894.5	0.4385574841343892
4895.	0.4385629034820206
4895.5	0.438568322290119
4896.	0.43857374053076065
4896.5	0.4385791582180781
4897.	0.43858457535218354
4897.5	0.4385899919331899
4898.	0.43859540796121016
4898.5	0.438600823436357
4899.	0.4386062383587442
4899.5	0.438611652728483
4900.	0.4386170665456878
4900.5	0.438622479810471
4901.	0.4386278925229441
4901.5	0.4386333046832212
4902.	0.4386387162914148
4902.5	0.4386441273476368
4903.	0.438649537852
4903.5	0.4386549478046181
4904.	0.43866035720560165
4904.5	0.43866576605506524
4905.	0.438671174353119
4905.5	0.4386765820998776
4906.	0.43868198929545216
4906.5	0.43868739593995576
4907.	0.4386928020335
4907.5	0.4386982075761977
4908.	0.4387036125681602
4908.5	0.43870901700950066
4909.	0.43871442090033114
4909.5	0.4387198242407637
4910.	0.4387252270309105
4910.5	0.43873062927088313
4911.	0.4387360309607943
4911.5	0.4387414321007556
4912.	0.4387468326908792
4912.5	0.43875223273127706
4913.	0.43875763222206066
4913.5	0.43876303116334253
4914.	0.438768429555234
4914.5	0.43877382739784737
4915.	0.43877922469129427
4915.5	0.438784621435686
4916.	0.438790017631134
4916.5	0.4387954132777512
4917.	0.4388008083756487
4917.5	0.4388062029249372
4918.	0.43881159692572974
4918.5	0.43881699037813665
4919.	0.43882238328227013
4919.5	0.4388277756382406
4920.	0.43883316744616113
4920.5	0.4388385587061422
4921.	0.4388439494182951
4921.5	0.43884933958273137
4922.	0.43885472919956275
4922.5	0.43886011826889887
4923.	0.43886550679085273
4923.5	0.43887089476553504
4924.	0.4388762821930562
4924.5	0.4388816690735283
4925.	0.438887055407062
4925.5	0.438892441193769
4926.	0.4388978264337588
4926.5	0.4389032111271438
4927.	0.4389085952740346
4927.5	0.4389139788745418
4928.	0.4389193619287761
4928.5	0.4389247444368493
4929.	0.43893012639887174
4929.5	0.4389355078149541
4930.	0.4389408886852071
4930.5	0.43894626900974065
4931.	0.43895164878866716
4931.5	0.43895702802209685
4932.	0.4389624067101392
4932.5	0.438967784852906
4933.	0.43897316245050694
4933.5	0.4389785395030526
4934.	0.4389839160106546
4934.5	0.4389892919734221
4935.	0.438994667391466
4935.5	0.4390000422648972
4936.	0.43900541659382497
4936.5	0.4390107903783602
4937.	0.4390161636186136
4937.5	0.4390215363146942
4938.	0.4390269084667144
4938.5	0.4390322800747816
4939.	0.4390376511390078
4939.5	0.4390430216595025
4940.	0.43904839163637593
4940.5	0.43905376106973804
4941.	0.43905912995969937
4941.5	0.4390644983063691
4942.	0.4390698661098573
4942.5	0.43907523337027493
4943.	0.4390806000877309
4943.5	0.43908596626233415
4944.	0.4390913318941966
4944.5	0.43909669698342735
4945.	0.4391020615301348
4945.5	0.4391074255344299
4946.	0.43911278899642237
4946.5	0.43911815191622144
4947.	0.43912351429393714
4947.5	0.43912887612967844
4948.	0.4391342374235549
4948.5	0.43913959817567705
4949.	0.4391449583861534
4949.5	0.43915031805509386
4950.	0.4391556771826074
4950.5	0.4391610357688037
4951.	0.43916639381379197
4951.5	0.43917175131768216
4952.	0.4391771082805825
4952.5	0.43918246470260297
4953.	0.43918782058385286
4953.5	0.4391931759244403
4954.	0.4391985307244762
4954.5	0.43920388498406815
4955.	0.4392092387033259
4955.5	0.43921459188235856
4956.	0.43921994452127455
4956.5	0.43922529662018334
4957.	0.4392306481791938
4957.5	0.43923599919841533
4958.	0.4392413496779561
4958.5	0.43924669961792484
4959.	0.4392520490184309
4959.5	0.43925739787958323
4960.	0.43926274620149053
4960.5	0.43926809398426075
4961.	0.4392734412280034
4961.5	0.43927878793282615
4962.	0.43928413409883926
4962.5	0.4392894797261499
4963.	0.43929482481486704
4963.5	0.439300169365099
4964.	0.4393055133769551
4964.5	0.43931085685054283
4965.	0.4393161997859709
4965.5	0.4393215421833486
4966.	0.439326884042783
4966.5	0.43933222536438293
4967.	0.43933756614825636
4967.5	0.43934290639451223
4968.	0.4393482461032586
4968.5	0.43935358527460294
4969.	0.4393589239086546
4969.5	0.43936426200552064
4970.	0.4393695995653096
4970.5	0.43937493658812976
4971.	0.43938027307408917
4971.5	0.4393856090232952
4972.	0.43939094443585575
4972.5	0.4393962793118802
4973.	0.43940161365147506
4973.5	0.439406947454749
4974.	0.4394122807218081
4974.5	0.43941761345276303
4975.	0.43942294564771955
4975.5	0.4394282773067855
4976.	0.43943360843007
4976.5	0.43943893901767894
4977.	0.4394442690697207
4977.5	0.4394495985863032
4978.	0.4394549275675341
4978.5	0.4394602560135203
4979.	0.4394655839243696
4979.5	0.43947091130018984
4980.	0.43947623814108744
4980.5	0.43948156444717146
4981.	0.43948689021854753
4981.5	0.4394922154553245
4982.	0.43949754015760817
4982.5	0.43950286432550756
4983.	0.4395081879591284
4983.5	0.4395135110585786
4984.	0.4395188336239659
4984.5	0.4395241556553959
4985.	0.4395294771529773
4985.5	0.43953479811681684
4986.	0.43954011854702035
4986.5	0.439545438443697
4987.	0.43955075780695174
4987.5	0.43955607663689267
4988.	0.4395613949336266
4988.5	0.43956671269725994
4989.	0.43957202996409345
4989.5	0.43957734666172765
4990.	0.43958266282658265
4990.5	0.439587978458765
4991.	0.4395932935583815
4991.5	0.4395986081255388
4992.	0.43960392216034355
4992.5	0.4396092356629031
4993.	0.43961454863332294
4993.5	0.43961986107171036
4994.	0.4396251729781717
4994.5	0.43963048435281343
4995.	0.43963579519574203
4995.5	0.43964110550706426
4996.	0.4396464152868859
4996.5	0.4396517245353143
4997.	0.43965703325245487
4997.5	0.43966234143841426
4998.	0.4396676490932988
4998.5	0.439672956217215
4999.	0.43967826281026895
4999.5	0.43968356887256654
5000.	0.43968887440421417
5000.5	0.43969417940531774
5001.	0.43969948387598373
5001.5	0.439704787816318
5002.	0.43971009122642657
5002.5	0.4397153941064151
5003.	0.4397206964563904
5003.5	0.4397259982764582
5004.	0.4397312995667236
5004.5	0.43973660032729356
5005.	0.43974190055827256
5005.5	0.43974720025976816
5006.	0.4397524994318851
5006.5	0.43975779807472837
5007.	0.4397630961884052
5007.5	0.43976839377302085
5008.	0.4397736908286807
5008.5	0.4397789873554905
5009.	0.43978428335355557
5009.5	0.439789578822982
5010.	0.43979487376387477
5010.5	0.4398001681763396
5011.	0.43980546206048166
5011.5	0.4398107554164077
5012.	0.4398160482442207
5012.5	0.4398213405440283
5013.	0.439826632315935
5013.5	0.4398319235600459
5014.	0.43983721427646677
5014.5	0.43984250446530204
5015.	0.43984779412665764
5015.5	0.43985308326063927
5016.	0.4398583718673511
5016.5	0.4398636599468974
5017.	0.43986894749938565
5017.5	0.4398742345249187
5018.	0.4398795210236025
5018.5	0.4398848069955432
5019.	0.43989009244084387
5019.5	0.4398953773596098
5020.	0.43990066175194664
5020.5	0.4399059456179587
5021.	0.43991122895775114
5021.5	0.4399165117714284
5022.	0.4399217940590958
5022.5	0.43992707582085777
5023.	0.4399323570568189
5023.5	0.4399376377670836
5024.	0.43994291795175716
5024.5	0.43994819761094406
5025.	0.4399534767447484
5025.5	0.43995875535327555
5026.	0.4399640334366287
5026.5	0.43996931099491476
5027.	0.43997458802823547
5027.5	0.4399798645366965
5028.	0.43998511808301644
5028.5	0.4399903935753251
5029.	0.4399956685430454
5029.5	0.44000094298628123
5030.	0.4400062169051372
5030.5	0.4400114902997176
5031.	0.4400167631701266
5031.5	0.44002203551646835
5032.	0.44002730733884715
5032.5	0.4400325786373668
5033.	0.4400378494121317
5033.5	0.44004311966324605
5034.	0.4400483893908132
5034.5	0.4400536585949389
5035.	0.4400589272757254
5035.5	0.44006419543327757
5036.	0.4400694630676989
5036.5	0.4400747301790934
5037.	0.44007999676756515
5037.5	0.4400852628332178
5038.	0.44009052837615537
5038.5	0.4400957933964814
5039.	0.44010105789430026
5039.5	0.44010632186971516
5040.	0.4401115853228291
5040.5	0.4401168482537466
5041.	0.44012211066257145
5041.5	0.4401273725494068
5042.	0.44013263391435625
5042.5	0.4401378947575242
5043.	0.440143155079013
5043.5	0.4401484148789263
5044.	0.44015367415736756
5044.5	0.44015893291444136
5045.	0.44016419115024963
5045.5	0.4401694488648959
5046.	0.4401747060584842
5046.5	0.44017996273111765
5047.	0.44018521888289885
5047.5	0.44019047451393184
5048.	0.44019572962431985
5048.5	0.44020098421416515
5049.	0.44020623828357114
5049.5	0.4402114918326415
5050.	0.4402167448614791
5050.5	0.4402219973701868
5051.	0.4402272493588681
5051.5	0.44023250084144533
5052.	0.44023775179038144
5052.5	0.44024300221960017
5053.	0.44024825212920315
5053.5	0.44025350151929427
5054.	0.4402587503899765
5054.5	0.44026399874135147
5055.	0.44026924657352323
5055.5	0.440274493886594
5056.	0.4402797406806661
5056.5	0.44028498695584334
5057.	0.4402902327122267
5057.5	0.44029547794992
5058.	0.44030072266902615
5058.5	0.4403059668696462
5059.	0.44031121055188405
5059.5	0.4403164537158415
5060.	0.4403216963616218
5060.5	0.4403269384893258
5061.	0.4403321800990579
5061.5	0.440337421190919
5062.	0.4403426617650127
5062.5	0.44034790182143974
5063.	0.4403531413603031
5063.5	0.440358380381706
5064.	0.4403636188857491
5064.5	0.4403688567684457
5065.	0.44037409423815477
5065.5	0.44037933119081063
5066.	0.44038456762651573
5066.5	0.4403898035453724
5067.	0.4403950389474826
5067.5	0.440400273832948
5068.	0.44040550820187097
5068.5	0.4404107420543534
5069.	0.440415975390497
5069.5	0.4404212082104037
5070.	0.44042644051417584
5070.5	0.4404316723019148
5071.	0.4404369035737223
5071.5	0.4404421343297001
5072.	0.44044736456995054
5072.5	0.44045259429457473
5073.	0.44045782350367485
5073.5	0.4404630521973521
5074.	0.44046828037570845
5074.5	0.44047350803884444
5075.	0.44047873518686276
5075.5	0.4404839618198651
5076.	0.44048918793795233
5076.5	0.4404944135412261
5077.	0.44049963862978747
5077.5	0.44050486320373905
5078.	0.4405100872631808
5078.5	0.4405153108285223
5079.	0.44052053385918594
5079.5	0.4405257563756458
5080.	0.4405309783780011
5080.5	0.44053619986635373
5081.	0.44054142084080555
5081.5	0.44054664130145693
5082.	0.4405518612484093
5082.5	0.44055708068176375
5083.	0.4405622996016215
5083.5	0.44056751800808336
5084.	0.4405727359012507
5084.5	0.4405779532812241
5085.	0.44058317014810483
5085.5	0.44058838650199367
5086.	0.4405936023429916
5086.5	0.44059881767119957
5087.	0.44060403248671803
5087.5	0.4406092467896484
5088.	0.4406144605800909
5088.5	0.44061967385814677
5089.	0.4406248866239167
5089.5	0.440630098877501
5090.	0.4406353106189998
5090.5	0.44064052184851477
5091.	0.44064573256614675
5091.5	0.44065094277199557
5092.	0.44065615246616185
5092.5	0.440661361648746
5093.	0.44066657031984957
5093.5	0.44067177847957184
5094.	0.44067698612801315
5094.5	0.4406821932652744
5095.	0.4406873998914561
5095.5	0.44069260600665894
5096.	0.44069781161098154
5096.5	0.44070301670452583
5097.	0.4407082212873917
5097.5	0.440713425359679
5098.	0.4407186289214888
5098.5	0.44072383197291953
5099.	0.440729034514073
5099.5	0.4407342365450486
5100.	0.44073943806594695
5100.5	0.44074463907686695
5101.	0.44074983957791
5101.5	0.44075503956917494
5102.	0.4407602390507624
5102.5	0.44076543810408614
5103.	0.44077063656660936
5103.5	0.4407758345197541
5104.	0.4407810319636207
5104.5	0.44078622889830954
5105.	0.44079142532391874
5105.5	0.44079662124054975
5106.	0.4408018166483017
5106.5	0.44080701154727386
5107.	0.4408122059375665
5107.5	0.4408173998192791
5108.	0.4408225931925114
5108.5	0.4408277860573618
5109.	0.44083297841393176
5109.5	0.4408381702623188
5110.	0.44084336160262455
5110.5	0.4408485524349469
5111.	0.4408537427593863
5111.5	0.4408589325760408
5112.	0.4408641218850109
5112.5	0.4408693106863961
5113.	0.44087449898029457
5113.5	0.44087968676680683
5114.	0.4408848740460313
5114.5	0.44089006081806653
5115.	0.44089524708301436
5115.5	0.44090043284097113
5116.	0.44090561809203743
5116.5	0.4409108028363117
5117.	0.44091598707389396
5117.5	0.44092117080488186
5118.	0.44092635402937586
5118.5	0.4409315367474743
5119.	0.4409367189592756
5119.5	0.4409419006648797
5120.	0.44094708186438514
5120.5	0.4409522625578901
5121.	0.44095744274549487
5121.5	0.44096262242729733
5122.	0.4409678016033958
5122.5	0.44097298027388965
5123.	0.44097815843887805
5123.5	0.44098333609845897
5124.	0.44098851325273125
5124.5	0.44099368990179405
5125.	0.4409988660457456
5125.5	0.4410040416846838
5126.	0.44100921681870836
5126.5	0.4410143914479171
5127.	0.44101956557240923
5127.5	0.4410247391922826
5128.	0.44102991230763516
5128.5	0.4410350849185664
5129.	0.4410402570251738
5129.5	0.44104542862755686
5130.	0.4410505997258124
5130.5	0.44105577032004056
5131.	0.44106094041033783
5131.5	0.44106610999680357
5132.	0.4410712790933473
5132.5	0.44107644767244336
5133.	0.4410816157480029
5133.5	0.44108678332012297
5134.	0.44109195038890175
5134.5	0.4410971169544372
5135.	0.4411022830168283
5135.5	0.4411074485761719
5136.	0.4411126136325669
5136.5	0.4411177781861107
5137.	0.4411229422369011
5137.5	0.44112810578503675
5138.	0.4411332688306151
5138.5	0.4411384313737334
5139.	0.4411435934144897
5139.5	0.44114875495298306
5140.	0.4411539159893103
5140.5	0.4411590765235683
5141.	0.44116423655585574
5141.5	0.44116939608627004
5142.	0.4411745551149093
5142.5	0.44117971364187075
5143.	0.44118487166725184
5143.5	0.44119002919115
5144.	0.44119518621366327
5144.5	0.44120034273488873
5145.	0.44120549875492443
5145.5	0.4412106542738672
5146.	0.44121580929181486
5146.5	0.4412209638088642
5147.	0.441226117825113
5147.5	0.4412312713406589
5148.	0.4412364243555986
5148.5	0.4412415768700296
5149.	0.4412467288840488
5149.5	0.44125188039775437
5150.	0.4412570314112425
5150.5	0.44126218192461103
5151.	0.44126733193795686
5151.5	0.4412724814513769
5152.	0.44127763046496815
5152.5	0.44128277897882784
5153.	0.4412879269930539
5153.5	0.44129307450774174
5154.	0.44129822152298914
5154.5	0.4413033680388931
5155.	0.44130851405554977
5155.5	0.441313659573057
5156.	0.44131880459151124
5156.5	0.44132394911100914
5157.	0.4413290931316479
5157.5	0.44133423665352367
5158.	0.44133937967673387
5158.5	0.44134452220137443
5159.	0.4413496642275429
5159.5	0.4413548057553355
5160.	0.4413599467848483
5160.5	0.4413650873161795
5161.	0.4413702273494239
5161.5	0.44137536688467893
5162.	0.44138050592204076
5162.5	0.4413856444616062
5163.	0.44139078250347175
5163.5	0.44139592004773304
5164.	0.4414010570944876
5164.5	0.44140619364383127
5165.	0.4414113296958605
5165.5	0.44141646525067046
5166.	0.4414216003083596
5166.5	0.4414267348690227
5167.	0.441431868932756
5167.5	0.44143700249965656
5168.	0.4414421355698199
5168.5	0.4414472681433421
5169.	0.44145240022031945
5169.5	0.44145753180084796
5170.	0.44146266288502406
5170.5	0.4414677934729436
5171.	0.4414729235647018
5171.5	0.4414780531603962
5172.	0.4414831822601214
5172.5	0.4414883108639743
5173.	0.44149343897204973
5173.5	0.4414985665844445
5174.	0.44150369370125375
5174.5	0.44150882032257377
5175.	0.4415139464485005
5175.5	0.4415190720791292
5176.	0.44152419721455544
5176.5	0.441529321854876
5177.	0.4415344460001854
5177.5	0.4415395696505795
5178.	0.44154469280615455
5178.5	0.44154981546700556
5179.	0.4415549376332279
5179.5	0.44156005930491826
5180.	0.4415651804821709
5180.5	0.4415703011650815
5181.	0.44157542135374533
5181.5	0.4415805410482596
5182.	0.4415856602487175
5182.5	0.4415907789552157
5183.	0.44159589716784853
5183.5	0.441601014886712
5184.	0.4416061321119012
5184.5	0.4416112488435119
5185.	0.4416163650816387
5185.5	0.44162148082637626
5186.	0.44162659607782145
5186.5	0.44163171083606795
5187.	0.4416368251012117
5187.5	0.4416419388733471
5188.	0.4416470521525695
5188.5	0.44165216493897436
5189.	0.44165727723265596
5189.5	0.44166238903371
5190.	0.4416675003422311
5190.5	0.4416726111583139
5191.	0.4416777214820533
5191.5	0.44168283131354524
5192.	0.4416879406063795
5192.5	0.4416930494536669
5193.	0.44169815777631205
5193.5	0.44170326563977363
5194.	0.4417083730114611
5194.5	0.44171347989146864
5195.	0.44171858627989125
5195.5	0.4417236921768241
5196.	0.44172879758236094
5196.5	0.441733902496597
5197.	0.44173900691962703
5197.5	0.4417441108515446
5198.	0.4417492142924449
5198.5	0.4417543172424229
5199.	0.4417594197015721
5199.5	0.4417645216699872
5200.	0.44176962314776325
5200.5	0.4417747241349931
5201.	0.44177982463177295
5201.5	0.44178492463819646
5202.	0.44179002415435714
5202.5	0.4417951231803506
5203.	0.4418002217162697
5203.5	0.4418053197622101
5204.	0.4418104173182647
5204.5	0.4418155143845278
5205.	0.44182061096109443
5205.5	0.4418257070480584
5206.	0.4418308026455133
5206.5	0.4418358977535536
5207.	0.4418409923722733
5207.5	0.441846086501766
5208.	0.4418511801421258
5208.5	0.4418562732934472
5209.	0.441861365955824
5209.5	0.4418664581293498
5210.	0.44187154981411814
5210.5	0.44187664101022345
5211.	0.441881731717759
5211.5	0.44188682193681866
5212.	0.44189191166749703
5212.5	0.44189700090988726
5213.	0.4419020896640821
5213.5	0.441907177930177
5214.	0.44191226570826464
5214.5	0.44191735299843876
5215.	0.4419224398007929
5215.5	0.4419275261154202
5216.	0.44193261194241545
5216.5	0.44193769728187077
5217.	0.44194278213388055