0 0
0.00399985 0.0980207
0.00410147 0.0991158
0.00420527 0.100222
0.00431169 0.101341
0.00442083 0.102473
0.0045327 0.103616
0.00464743 0.104771
0.00476505 0.10594
0.00488564 0.107121
0.00500929 0.108315
0.00513605 0.109522
0.00526606 0.110742
0.00539933 0.111975
0.00553598 0.113222
0.00567609 0.114483
0.00581975 0.115757
0.00596703 0.117045
0.00611805 0.118347
0.00627289 0.119663
0.00643165 0.120994
0.00659443 0.122339
0.00676132 0.123698
0.00693244 0.125072
0.0071079 0.126462
0.00728779 0.127866
0.00747223 0.129286
0.00766134 0.130721
0.00785524 0.132171
0.00805404 0.133638
0.00825788 0.13512
0.00846688 0.136619
0.00868116 0.138133
0.00890088 0.139664
0.00912615 0.141212
0.00935712 0.142776
0.00959393 0.144357
0.00983674 0.145955
0.0100857 0.147571
0.0103409 0.149203
0.0106027 0.150854
0.010871 0.152523
0.0111461 0.154209
0.0114282 0.155913
0.0117175 0.157636
0.012014 0.159377
0.0123181 0.161137
0.0126298 0.162916
0.0129495 0.164714
0.0132772 0.166531
0.0136133 0.168367
0.0139578 0.170223
0.014311 0.172099
0.0146732 0.173995
0.0150446 0.175911
0.0154253 0.177847
0.0158157 0.179804
0.016216 0.181782
0.0166265 0.18378
0.0170472 0.1858
0.0174787 0.187841
0.017921 0.189903
0.0183746 0.191988
0.0188396 0.194094
0.0193164 0.196222
0.0198053 0.198373
0.0203066 0.200546
0.0208204 0.202741
0.0213473 0.20496
0.0218876 0.207202
0.0224417 0.209466
0.0230096 0.211755
0.0235919 0.214067
0.024189 0.216403
0.0248013 0.218763
0.0254289 0.221148
0.0260725 0.223557
0.0267323 0.22599
0.0274089 0.228449
0.0281026 0.230932
0.0288138 0.23344
0.029543 0.235974
0.0302908 0.238534
0.0310574 0.24112
0.0318433 0.243732
0.0326493 0.24637
0.0334757 0.249034
0.0343228 0.251725
0.0351915 0.254442
0.0360821 0.257187
0.0369953 0.259958
0.0379316 0.262758
0.0388917 0.265584
0.039876 0.268439
0.0408852 0.27132
0.0419199 0.274231
0.0429808 0.277169
0.0440686 0.280136
0.045184 0.283131
0.0463275 0.286155
0.0475 0.289207
0.0487021 0.292289
0.0499347 0.295399
0.0511985 0.29854
0.0524942 0.301709
0.0538228 0.304908
0.055185 0.308137
0.0565817 0.311395
0.0580137 0.314682
0.0594819 0.318001
0.0609873 0.321349
0.0625308 0.324728
0.0641133 0.328136
0.065736 0.331576
0.0673996 0.335045
0.0691054 0.338545
0.0708544 0.342076
0.0726477 0.345637
0.0744863 0.349229
0.0763714 0.352852
0.0783043 0.356505
0.080286 0.36019
0.082318 0.363905
0.0844013 0.36765
0.0865374 0.371427
0.0887276 0.375234
0.0909731 0.379072
0.0932754 0.382941
0.0956362 0.386841
0.0980566 0.390771
0.100538 0.394731
0.103083 0.398721
0.105691 0.402742
0.108366 0.406793
0.111109 0.410874
0.113921 0.414984
0.116804 0.419125
0.11976 0.423295
0.122791 0.427494
0.125899 0.431722
0.129086 0.435979
0.132352 0.440265
0.135702 0.444579
0.139137 0.44892
0.142658 0.45329
0.146268 0.457686
0.14997 0.46211
0.153766 0.46656
0.157657 0.471037
0.161647 0.475539
0.165738 0.480067
0.169933 0.48462
0.174234 0.489197
0.178643 0.493798
0.183165 0.498422
0.1878 0.503069
0.192553 0.507739
0.197427 0.51243
0.202423 0.517142
0.207546 0.521875
0.212799 0.526627
0.218184 0.531398
0.223706 0.536188
0.229368 0.540995
0.235173 0.545819
0.241124 0.550658
0.247227 0.555513
0.253484 0.560383
0.259899 0.565265
0.266477 0.57016
0.273221 0.575066
0.280136 0.579983
0.287226 0.584909
0.294495 0.589845
0.301948 0.594787
0.30959 0.599736
0.317425 0.604689
0.325459 0.609648
0.333695 0.61461
0.342141 0.619573
0.3508 0.624537
0.359678 0.629501
0.368781 0.634462
0.378114 0.639421
0.387683 0.644375
0.397495 0.649324
0.407487 0.654234
0.417486 0.65902
0.427486 0.663684
0.437486 0.668232
0.447486 0.672666
0.457486 0.676993
0.467486 0.681215
0.477486 0.685336
0.487485 0.68936
0.497485 0.693289
0.507486 0.69713
0.517485 0.700882
0.527484 0.704551
0.537486 0.708137
0.547486 0.711644
0.557484 0.715076
0.567484 0.718432
0.577483 0.721718
0.587485 0.724934
0.597485 0.728083
0.607486 0.731167
0.617485 0.734187
0.627483 0.737146
0.637483 0.740045
0.647483 0.742887
0.657483 0.745672
0.667484 0.748403
0.677483 0.75108
0.687484 0.753706
0.697483 0.756282
0.707482 0.758809
0.717484 0.761291
0.727481 0.76372
0.737484 0.76611
0.747484 0.768455
0.757482 0.770755
0.767481 0.773017
0.777484 0.77524
0.787484 0.777419
0.797481 0.779559
0.80748 0.781661
0.817482 0.783733
0.827483 0.785767
0.837482 0.787763
0.847482 0.789729
0.857483 0.791656
0.867482 0.793554
0.877482 0.795421
0.887481 0.797257
0.897482 0.799063
0.907483 0.800839
0.917481 0.802585
0.927483 0.804308
0.937483 0.806
0.947482 0.807662
0.957481 0.809302
0.967482 0.810918
0.97748 0.812504
0.987481 0.814068
0.997481 0.815608
1.00748 0.817126
1.01748 0.818614
1.02748 0.820086
1.03748 0.821536
1.04748 0.822962
1.05748 0.824366
1.06748 0.825755
1.07748 0.827121
1.08748 0.828465
1.09748 0.829793
1.10748 0.831098
1.11748 0.832388
1.12748 0.833663
1.13748 0.834916
1.14748 0.836145
1.15748 0.837367
1.16748 0.838566
1.17748 0.83975
1.18748 0.840919
1.19748 0.842073
1.20748 0.843211
1.21748 0.844334
1.22748 0.845442
1.23748 0.846535
1.24748 0.847613
1.25748 0.848675
1.26748 0.849723
1.27748 0.850762
1.28748 0.851779
1.29748 0.852789
1.30748 0.853791
1.31748 0.854777
1.32748 0.855749
1.33748 0.856705
1.34748 0.857654
1.35748 0.858587
1.36748 0.859513
1.37748 0.860424
1.38748 0.861327
1.39748 0.862222
1.40748 0.863103
1.41748 0.863968
1.42748 0.864825
1.43748 0.865675
1.44748 0.866518
1.45748 0.867345
1.46748 0.868165
1.47748 0.868977
1.48748 0.869774
1.49748 0.870563
1.50748 0.871352
1.51748 0.872119
1.52748 0.872885
1.53748 0.873644
1.54748 0.874388
1.55748 0.875132
1.56748 0.87586
1.57748 0.876581
1.58748 0.877295
1.59748 0.878001
1.60748 0.878706
1.61748 0.879397
1.62748 0.88008
1.63748 0.880756
1.64748 0.881423
1.65748 0.882084
1.66748 0.882744
1.67748 0.883389
1.68748 0.884034
1.69748 0.884664
1.70748 0.885294
1.71748 0.885916
1.72748 0.886531
1.73748 0.887146
1.74748 0.887745
1.75748 0.888345
1.76748 0.888929
1.77748 0.889521
1.78748 0.890098
1.79748 0.890667
1.80748 0.891237
1.81748 0.891798
1.82748 0.892352
1.83748 0.892906
1.84748 0.893453
1.85748 0.893991
1.86748 0.89453
1.87748 0.895054
1.88747 0.895578
1.89748 0.896101
1.90748 0.896617
1.91748 0.897126
1.92747 0.897627
1.93747 0.898128
1.94748 0.898629
1.95747 0.899114
1.96748 0.899608
1.97748 0.900086
1.98748 0.900564
1.99748 0.901034
2.00748 0.901505
2.01747 0.901968
2.02748 0.902431
2.03748 0.902886
2.04748 0.903342
2.05748 0.903789
2.06747 0.90423
2.07747 0.90467
2.08748 0.90511
2.09748 0.905543
2.10747 0.905968
2.11747 0.906393
2.12748 0.906818
2.13748 0.907235
2.14748 0.907652
2.15748 0.908062
2.16747 0.908464
2.17748 0.908874
2.18747 0.909269
2.19748 0.909671
2.20748 0.910066
2.21748 0.910453
2.22748 0.91084
2.23748 0.911227
2.24748 0.911606
2.25748 0.911986
2.26748 0.912358
2.27748 0.91273
2.28748 0.913094
2.29748 0.913466
2.30748 0.913823
2.31748 0.914187
2.32748 0.914544
2.33747 0.914893
2.34748 0.915249
2.35747 0.915591
2.36748 0.91594
2.37748 0.916282
2.38748 0.916623
2.39747 0.916957
2.40748 0.917298
2.41747 0.917625
2.42748 0.917959
2.43748 0.918285
2.44748 0.918611
2.45748 0.91893
2.46748 0.919249
2.47747 0.919568
2.48749 0.919886
2.49747 0.920198
2.50748 0.920509
2.51748 0.920812
2.52747 0.921116
2.53747 0.92142
2.54748 0.921723
2.55749 0.922027
2.56747 0.922323
2.57747 0.922611
2.58748 0.922907
2.59748 0.923195
2.60747 0.923484
2.61747 0.923772
2.62748 0.924053
2.63747 0.924334
2.64747 0.924615
2.65747 0.924895
2.66748 0.925169
2.67747 0.925442
2.68747 0.925715
2.69748 0.925988
2.70747 0.926254
2.71747 0.92652
2.72747 0.926785
2.73748 0.927051
2.74747 0.927309
2.75747 0.927567
2.76747 0.927825
2.77748 0.928083
2.78748 0.928341
2.79747 0.928591
2.80747 0.928842
2.81748 0.929092
2.82747 0.929335
2.83748 0.929586
2.84748 0.929829
2.85748 0.930071
2.86748 0.930307
2.87748 0.93055
2.88747 0.930785
2.89748 0.93102
2.90748 0.931255
2.91747 0.931491
2.92747 0.931718
2.93747 0.931946
2.94748 0.932181
2.95748 0.932401
2.96748 0.932629
2.97748 0.932857
2.98748 0.933077
2.99747 0.933297
3.00747 0.933517
3.01748 0.933737
3.02747 0.93395
3.03748 0.93417
3.04748 0.934382
3.05747 0.934595
3.06747 0.934807
3.07747 0.93502
3.08747 0.935225
3.09747 0.935437
3.10747 0.935642
3.11747 0.935847
3.12748 0.936052
3.13747 0.936249
3.14747 0.936454
3.15748 0.936651
3.16747 0.936856
3.17748 0.937054
3.18747 0.937251
3.19747 0.937441
3.20748 0.937638
3.21747 0.937828
3.22748 0.938025
3.23748 0.938215
3.24748 0.938405
3.25748 0.938594
3.26748 0.938776
3.27748 0.938966
3.28748 0.939148
3.29748 0.939338
3.30748 0.93952
3.31748 0.939702
3.32748 0.939884
3.33747 0.940059
3.34747 0.940241
3.35748 0.940416
3.36748 0.940598
3.37747 0.940772
3.38748 0.940947
3.39748 0.941122
3.40747 0.941296
3.41748 0.941463
3.42747 0.941638
3.43748 0.941805
3.44747 0.941972
3.45747 0.942146
3.46748 0.942313
3.47747 0.94248
3.48748 0.942639
3.49747 0.942806
3.50748 0.942973
3.51747 0.943133
3.52748 0.943292
3.53748 0.943459
3.54748 0.943618
3.55748 0.943778
3.56748 0.94393
3.57747 0.944089
3.58748 0.944248
3.59747 0.9444
3.60747 0.94456
3.61748 0.944711
3.62747 0.944863
3.63748 0.945015
3.64747 0.945167
3.65747 0.945318
3.66748 0.94547
3.67747 0.945622
3.68748 0.945766
3.69748 0.945918
3.70747 0.946062
3.71747 0.946206
3.72747 0.946351
3.73748 0.946502
3.74748 0.946647
3.75747 0.946783
3.76747 0.946927
3.77747 0.947072
3.78748 0.947208
3.79748 0.947352
3.80748 0.947489
3.81748 0.947633
3.82747 0.94777
3.83747 0.947906
3.84747 0.948043
3.85747 0.94818
3.86748 0.948316
3.87748 0.948445
3.88747 0.948582
3.89748 0.948719
3.90747 0.948848
3.91748 0.948984
3.92747 0.949113
3.93747 0.949242
3.94747 0.949371
3.95748 0.9495
3.96747 0.949629
3.97747 0.949758
3.98747 0.949887
3.99747 0.950016
4.00746 0.950138
4.01747 0.950267
4.02747 0.950396
4.03747 0.950517
4.04747 0.950639
4.05748 0.950768
4.06747 0.950889
4.07747 0.951011
4.08748 0.951132
4.09747 0.951253
4.10747 0.951375
4.11748 0.951496
4.12747 0.95161
4.13747 0.951732
4.14747 0.951845
4.15747 0.951967
4.16747 0.952081
4.17747 0.952202
4.18747 0.952316
4.19747 0.95243
4.20746 0.952544
4.21748 0.952665
4.22747 0.952779
4.23748 0.952893
4.24747 0.952999
4.25747 0.953113
4.26747 0.953227
4.27748 0.95334
4.28747 0.953447
4.29747 0.953561
4.30747 0.953667
4.31748 0.953781
4.32747 0.953887
4.33747 0.953993
4.34747 0.954099
4.35748 0.954213
4.36748 0.954319
4.37748 0.954426
4.38748 0.954532
4.39748 0.954638
4.40748 0.954737
4.41747 0.954843
4.42748 0.954949
4.43747 0.955056
4.44748 0.955154
4.45748 0.955261
4.46747 0.955359
4.47747 0.955465
4.48747 0.955564
4.49747 0.955663
4.50748 0.955769
4.51747 0.955868
4.52748 0.955966
4.53747 0.956065
4.54747 0.956164
4.55748 0.956262
4.56748 0.956361
4.57747 0.95646
4.58747 0.956558
4.59747 0.956649
4.60747 0.956748
4.61748 0.956847
4.62747 0.956938
4.63747 0.957036
4.64747 0.957128
4.65747 0.957226
4.66747 0.957317
4.67747 0.957408
4.68747 0.957507
4.69748 0.957598
4.70747 0.957689
4.71747 0.95778
4.72747 0.957871
4.73747 0.957962
4.74747 0.958053
4.75747 0.958145
4.76747 0.958236
4.77747 0.958327
4.78747 0.958418
4.79748 0.958509
4.80747 0.958592
4.81747 0.958683
4.82747 0.958767
4.83747 0.958858
4.84747 0.958941
4.85748 0.959033
4.86747 0.959116
4.87748 0.959207
4.88748 0.959291
4.89747 0.959374
4.90747 0.959458
4.91748 0.959549
4.92747 0.959632
4.93747 0.959716
4.94747 0.959799
4.95748 0.959883
4.96747 0.959966
4.97748 0.960049
4.98747 0.960133
4.99748 0.960216
5.00747 0.960292
5.01747 0.960376
5.02748 0.960459
5.03747 0.960535
5.04747 0.960619
5.05747 0.960702
5.06747 0.960778
5.07747 0.960862
5.08747 0.960937
5.09747 0.961021
5.10748 0.961097
5.11747 0.961173
5.12748 0.961256
5.13748 0.961332
5.14747 0.961408
5.15747 0.961484
5.16747 0.96156
5.17747 0.961643
5.18747 0.961719
5.19748 0.961795
5.20748 0.961871
5.21747 0.961947
5.22748 0.962023
5.23747 0.962091
5.24748 0.962167
5.25747 0.962243
5.26748 0.962319
5.27747 0.962395
5.28746 0.962463
5.29748 0.962539
5.30747 0.962615
5.31747 0.962683
5.32748 0.962759
5.33747 0.962827
5.34748 0.962903
5.35747 0.962971
5.36748 0.963047
5.37747 0.963116
5.38747 0.963184
5.39748 0.96326
5.40748 0.963328
5.41747 0.963396
5.42747 0.963465
5.43748 0.963541
5.44748 0.963609
5.45747 0.963677
5.46747 0.963746
5.47748 0.963814
5.48747 0.963882
5.49747 0.96395
5.50747 0.964019
5.51747 0.964087
5.52748 0.964155
5.53747 0.964224
5.54748 0.964292
5.55747 0.964353
5.56748 0.964421
5.57747 0.964489
5.58748 0.964558
5.59747 0.964618
5.60747 0.964687
5.61748 0.964755
5.62748 0.964816
5.63747 0.964884
5.64747 0.964945
5.65748 0.965013
5.66747 0.965074
5.67748 0.965142
5.68747 0.965203
5.69747 0.965263
5.70748 0.965332
5.71747 0.965392
5.72747 0.965453
5.73747 0.965521
5.74748 0.965582
5.75748 0.965643
5.76747 0.965704
5.77747 0.965764
5.78748 0.965833
5.79748 0.965893
5.80748 0.965954
5.81748 0.966015
5.82747 0.966075
5.83747 0.966136
5.84747 0.966197
5.85748 0.966258
5.86748 0.966318
5.87747 0.966371
5.88747 0.966432
5.89747 0.966493
5.90748 0.966554
5.91747 0.966614
5.92746 0.966667
5.93747 0.966728
5.94747 0.966789
5.95748 0.96685
5.96747 0.966903
5.97747 0.966963
5.98747 0.967017
5.99748 0.967077
6.00748 0.967138
6.01747 0.967191
6.02748 0.967252
6.03747 0.967305
6.04747 0.967366
6.05748 0.967419
6.06747 0.967472
6.07747 0.967533
6.08747 0.967586
6.09748 0.967646
6.10747 0.9677
6.11747 0.967753
6.12747 0.967806
6.13748 0.967867
6.14747 0.96792
6.15747 0.967973
6.16747 0.968026
6.17747 0.968079
6.18747 0.968132
6.19748 0.968193
6.20748 0.968246
6.21747 0.968299
6.22747 0.968352
6.23747 0.968405
6.24748 0.968459
6.25748 0.968512
6.26748 0.968565
6.27748 0.968618
6.28747 0.968671
6.29747 0.968717
6.30747 0.96877
6.31747 0.968823
6.32748 0.968876
6.33747 0.968929
6.34747 0.968982
6.35747 0.969028
6.36747 0.969081
6.37748 0.969134
6.38747 0.96918
6.39747 0.969233
6.40747 0.969286
6.41747 0.969331
6.42747 0.969384
6.43748 0.969438
6.44747 0.969483
6.45747 0.969536
6.46747 0.969582
6.47747 0.969635
6.48747 0.96968
6.49747 0.969734
6.50747 0.969779
6.51747 0.969832
6.52747 0.969878
6.53747 0.969923
6.54747 0.969976
6.55747 0.970022
6.56748 0.970075
6.57748 0.970121
6.58747 0.970166
6.59747 0.970212
6.60747 0.970265
6.61748 0.97031
6.62747 0.970356
6.63747 0.970401
6.64748 0.970455
6.65748 0.9705
6.66748 0.970546
6.67747 0.970591
6.68747 0.970637
6.69747 0.970682
6.70747 0.970728
6.71747 0.970773
6.72746 0.970819
6.73746 0.970864
6.74747 0.97091
6.75747 0.970955
6.76747 0.971001
6.77747 0.971047
6.78747 0.971092
6.79747 0.971138
6.80747 0.971183
6.81748 0.971229
6.82747 0.971274
6.83747 0.97132
6.84747 0.971365
6.85747 0.971403
6.86747 0.971449
6.87748 0.971494
6.88747 0.97154
6.89748 0.971585
6.90747 0.971623
6.91747 0.971669
6.92748 0.971714
6.93746 0.971752
6.94748 0.971798
6.95747 0.971843
6.96747 0.971881
6.97747 0.971927
6.98747 0.971972
6.99747 0.97201
7.00748 0.972056
7.01747 0.972094
7.02748 0.972139
7.03746 0.972177
7.04747 0.972223
7.05748 0.972268
7.06747 0.972306
7.07747 0.972344
7.08748 0.97239
7.09747 0.972428
7.10747 0.972473
7.11747 0.972511
7.12747 0.972557
7.13747 0.972595
7.14746 0.972633
7.15748 0.972678
7.16747 0.972716
7.17747 0.972754
7.18748 0.9728
7.19747 0.972838
7.20747 0.972876
7.21747 0.972913
7.22748 0.972959
7.23748 0.972997
7.24747 0.973035
7.25747 0.973073
7.26748 0.973118
7.27748 0.973156
7.28748 0.973194
7.29747 0.973232
7.30747 0.97327
7.31747 0.973308
7.32747 0.973346
7.33748 0.973392
7.34748 0.97343
7.35748 0.973468
7.36748 0.973505
7.37747 0.973543
7.38747 0.973581
7.39747 0.973619
7.40748 0.973657
7.41747 0.973695
7.42747 0.973733
7.43748 0.973771
7.44748 0.973809
7.45748 0.973847
7.46748 0.973885
7.47746 0.973915
7.48746 0.973953
7.49747 0.973991
7.50747 0.974029
7.51747 0.974067
7.52748 0.974105
7.53747 0.974143
7.54748 0.974181
7.55747 0.974211
7.56747 0.974249
7.57747 0.974287
7.58747 0.974325
7.59747 0.974355
7.60747 0.974393
7.61748 0.974431
7.62748 0.974469
7.63747 0.9745
7.64747 0.974538
7.65748 0.974576
7.66747 0.974606
7.67747 0.974644
7.68748 0.974682
7.69747 0.974712
7.70748 0.97475
7.71748 0.974788
7.72747 0.974818
7.73747 0.974856
7.74746 0.974887
7.75747 0.974925
7.76746 0.974955
7.77747 0.974993
7.78748 0.975031
7.79747 0.975061
7.80748 0.975099
7.81747 0.97513
7.82748 0.975168
7.83747 0.975198
7.84747 0.975228
7.85747 0.975266
7.86747 0.975297
7.87748 0.975335
7.88747 0.975365
7.89748 0.975403
7.90747 0.975433
7.91746 0.975464
7.92747 0.975501
7.93747 0.975532
7.94746 0.975562
7.95748 0.9756
7.96747 0.97563
7.97747 0.975661
7.98748 0.975699
7.99747 0.975729
8.00747 0.97576
8.01748 0.975797
8.02748 0.975828
8.03747 0.975858
8.04746 0.975889
8.05748 0.975926
8.06747 0.975957
8.07747 0.975987
8.08747 0.976018
8.09748 0.976055
8.10748 0.976086
8.11747 0.976116
8.12747 0.976147
8.13747 0.976177
8.14746 0.976207
8.15747 0.976238
8.16748 0.976276
8.17748 0.976306
8.18748 0.976336
8.19747 0.976367
8.20748 0.976397
8.21747 0.976427
8.22747 0.976458
8.23747 0.976488
8.24747 0.976518
8.25747 0.976549
8.26747 0.976579
8.27747 0.97661
8.28747 0.97664
8.29746 0.97667
8.30747 0.976701
8.31746 0.976731
8.32747 0.976761
8.33747 0.976792
8.34747 0.976822
8.35747 0.976852
8.36747 0.976883
8.37748 0.976913
8.38747 0.976943
8.39747 0.976974
8.40748 0.977004
8.41748 0.977035
8.42747 0.977057
8.43746 0.977088
8.44747 0.977118
8.45747 0.977148
8.46747 0.977179
8.47748 0.977209
8.48748 0.977239
8.49746 0.977262
8.50747 0.977293
8.51748 0.977323
8.52748 0.977353
8.53748 0.977384
8.54747 0.977406
8.55747 0.977437
8.56748 0.977467
8.57748 0.977497
8.58747 0.97752
8.59747 0.977551
8.60748 0.977581
8.61746 0.977604
8.62747 0.977634
8.63748 0.977664
8.64746 0.977687
8.65747 0.977718
8.66748 0.977748
8.67748 0.977778
8.68747 0.977801
8.69748 0.977831
8.70747 0.977854
8.71748 0.977885
8.72748 0.977915
8.73747 0.977938
8.74748 0.977968
8.75746 0.977991
8.76747 0.978021
8.77748 0.978052
8.78747 0.978074
8.79748 0.978105
8.80746 0.978127
8.81748 0.978158
8.82746 0.978181
8.83747 0.978211
8.84746 0.978234
8.85748 0.978264
8.86746 0.978287
8.87747 0.978317
8.88747 0.97834
8.89747 0.97837
8.90747 0.978393
8.91747 0.978423
8.92747 0.978446
8.93747 0.978477
8.94747 0.978499
8.95748 0.97853
8.96747 0.978552
8.97748 0.978583
8.98748 0.978606
8.99746 0.978628
9.00748 0.978659
9.01747 0.978681
9.02748 0.978712
9.03747 0.978735
9.04747 0.978757
9.05748 0.978788
9.06747 0.97881
9.07747 0.978833
9.08748 0.978864
9.09748 0.978886
9.10747 0.978909
9.11748 0.978939
9.12747 0.978962
9.13746 0.978985
9.14748 0.979015
9.15748 0.979038
9.16747 0.979061
9.17746 0.979084
9.18748 0.979114
9.19748 0.979137
9.20747 0.97916
9.21747 0.979182
9.22748 0.979213
9.23747 0.979235
9.24747 0.979258
9.25746 0.979281
9.26748 0.979311
9.27748 0.979334
9.28748 0.979357
9.29747 0.97938
9.30747 0.979402
9.31748 0.979433
9.32748 0.979456
9.33747 0.979478
9.34747 0.979501
9.35747 0.979524
9.36746 0.979547
9.37747 0.979569
9.38748 0.9796
9.39748 0.979623
9.40747 0.979645
9.41747 0.979668
9.42747 0.979691
9.43747 0.979714
9.44747 0.979736
9.45747 0.979759
9.46747 0.979782
9.47748 0.979812
9.48748 0.979835
9.49748 0.979858
9.50748 0.979881
9.51748 0.979903
9.52748 0.979926
9.53748 0.979949
9.54747 0.979972
9.55748 0.979994
9.56748 0.980017
9.57747 0.98004
9.58747 0.980063
9.59747 0.980085
9.60747 0.980108
9.61747 0.980131
9.62747 0.980154
9.63747 0.980177
9.64748 0.980199
9.65747 0.980222
9.66747 0.980245
9.67748 0.980268
9.68748 0.98029
9.69748 0.980313
9.70747 0.980328
9.71747 0.980351
9.72746 0.980374
9.73747 0.980397
9.74747 0.980419
9.75747 0.980442
9.76747 0.980465
9.77748 0.980488
9.78748 0.98051
9.79748 0.980533
9.80747 0.980548
9.81747 0.980571
9.82747 0.980594
9.83747 0.980617
9.84748 0.980639
9.85748 0.980662
9.86748 0.980685
9.87747 0.9807
9.88747 0.980723
9.89747 0.980746
9.90748 0.980769
9.91748 0.980791
9.92747 0.980806
9.93747 0.980829
9.94747 0.980852
9.95747 0.980875
9.96748 0.980898
9.97746 0.980913
9.98746 0.980935
9.99747 0.980958
10.0075 0.980981
10.0175 0.980996
10.0275 0.981019
10.0375 0.981042
10.0475 0.981064
10.0575 0.98108
10.0675 0.981102
10.0775 0.981125
10.0875 0.981148
10.0975 0.981163
10.1075 0.981186
10.1175 0.981209
10.1275 0.981224
10.1375 0.981247
10.1475 0.981269
10.1575 0.981285
10.1675 0.981307
10.1775 0.98133
10.1875 0.981345
10.1975 0.981368
10.2075 0.981391
10.2175 0.981406
10.2275 0.981429
10.2375 0.981452
10.2475 0.981467
10.2575 0.981489
10.2675 0.981512
10.2775 0.981527
10.2875 0.98155
10.2975 0.981565
10.3075 0.981588
10.3175 0.981611
10.3275 0.981626
10.3375 0.981649
10.3475 0.981664
10.3575 0.981687
10.3675 0.98171
10.3775 0.981725
10.3875 0.981748
10.3975 0.981763
10.4075 0.981785
10.4175 0.981801
10.4275 0.981823
10.4375 0.981839
10.4475 0.981861
10.4575 0.981884
10.4675 0.981899
10.4775 0.981922
10.4875 0.981937
10.4975 0.98196
10.5075 0.981975
10.5175 0.981998
10.5275 0.982013
10.5375 0.982036
10.5475 0.982051
10.5575 0.982074
10.5675 0.982089
10.5775 0.982104
10.5875 0.982127
10.5975 0.982142
10.6075 0.982165
10.6175 0.98218
10.6275 0.982203
10.6375 0.982218
10.6475 0.982241
10.6575 0.982256
10.6675 0.982279
10.6775 0.982294
10.6875 0.982309
10.6975 0.982332
10.7075 0.982347
10.7175 0.98237
10.7275 0.982385
10.7375 0.9824
10.7475 0.982423
10.7575 0.982438
10.7675 0.982461
10.7775 0.982476
10.7875 0.982491
10.7975 0.982514
10.8075 0.982529
10.8175 0.982544
10.8275 0.982567
10.8375 0.982582
10.8475 0.982605
10.8575 0.98262
10.8675 0.982635
10.8775 0.982658
10.8875 0.982673
10.8975 0.982689
10.9075 0.982711
10.9175 0.982727
10.9275 0.982742
10.9375 0.982765
10.9475 0.98278
10.9575 0.982795
10.9675 0.98281
10.9775 0.982833
10.9875 0.982848
10.9975 0.982863
11.0075 0.982886
11.0175 0.982901
11.0275 0.982916
11.0375 0.982931
11.0475 0.982954
11.0575 0.982969
11.0675 0.982985
11.0775 0.983007
11.0875 0.983023
11.0975 0.983038
11.1075 0.983053
11.1175 0.983068
11.1275 0.983091
11.1375 0.983106
11.1475 0.983121
11.1575 0.983136
11.1675 0.983159
11.1775 0.983174
11.1875 0.98319
11.1975 0.983205
11.2075 0.98322
11.2175 0.983243
11.2275 0.983258
11.2375 0.983273
11.2475 0.983288
11.2575 0.983303
11.2675 0.983326
11.2775 0.983341
11.2875 0.983356
11.2975 0.983372
11.3075 0.983387
11.3175 0.983402
11.3275 0.983425
11.3375 0.98344
11.3475 0.983455
11.3575 0.98347
11.3675 0.983486
11.3775 0.983501
11.3875 0.983523
11.3975 0.983539
11.4075 0.983554
11.4175 0.983569
11.4275 0.983584
11.4375 0.983599
11.4475 0.983615
11.4575 0.98363
11.4675 0.983645
11.4775 0.983668
11.4875 0.983683
11.4975 0.983698
11.5075 0.983713
11.5175 0.983728
11.5275 0.983744
11.5375 0.983759
11.5475 0.983774
11.5575 0.983789
11.5675 0.983804
11.5774 0.983819
11.5875 0.983835
11.5975 0.983857
11.6075 0.983873
11.6175 0.983888
11.6275 0.983903
11.6375 0.983918
11.6475 0.983933
11.6575 0.983948
11.6675 0.983964
11.6774 0.983979
11.6875 0.983994
11.6975 0.984009
11.7075 0.984024
11.7175 0.98404
11.7275 0.984055
11.7375 0.98407
11.7475 0.984085
11.7574 0.9841
11.7675 0.984115
11.7775 0.984131
11.7875 0.984146
11.7975 0.984161
11.8075 0.984176
11.8175 0.984191
11.8275 0.984206
11.8375 0.984222
11.8474 0.984237
11.8575 0.984252
11.8675 0.984267
11.8775 0.984282
11.8875 0.984298
11.8975 0.984313
11.9075 0.984328
11.9175 0.984343
11.9275 0.984358
11.9375 0.984373
11.9475 0.984389
11.9575 0.984396
11.9675 0.984411
11.9774 0.984427
11.9875 0.984442
11.9974 0.984457
12.0075 0.984472
12.0174 0.984487
12.0275 0.984502
12.0375 0.984518
12.0475 0.984533
12.0574 0.984548
12.0675 0.984563
12.0774 0.984571
12.0874 0.984586
12.0974 0.984601
12.1074 0.984616
12.1175 0.984631
12.1275 0.984647
12.1375 0.984662
12.1475 0.984677
12.1575 0.984692
12.1674 0.9847
12.1775 0.984715
12.1875 0.98473
12.1975 0.984745
12.2074 0.984761
12.2175 0.984776
12.2275 0.984791
12.2375 0.984798
12.2475 0.984814
12.2574 0.984829
12.2674 0.984844
12.2774 0.984859
12.2875 0.984874
12.2975 0.98489
12.3075 0.984897
12.3175 0.984912
12.3274 0.984927
12.3375 0.984943
12.3475 0.984958
12.3575 0.984965
12.3675 0.984981
12.3775 0.984996
12.3875 0.985011
12.3975 0.985026
12.4075 0.985041
12.4174 0.985049
12.4274 0.985064
12.4375 0.985079
12.4475 0.985094
12.4575 0.985102
12.4675 0.985117
12.4775 0.985132
12.4874 0.985148
12.4975 0.985163
12.5075 0.98517
12.5175 0.985186
12.5275 0.985201
12.5375 0.985216
12.5474 0.985223
12.5575 0.985239
12.5675 0.985254
12.5775 0.985269
12.5875 0.985277
12.5975 0.985292
12.6074 0.985307
12.6175 0.985322
12.6275 0.98533
12.6375 0.985345
12.6475 0.98536
12.6575 0.985375
12.6674 0.985383
12.6774 0.985398
12.6875 0.985413
12.6975 0.985428
12.7074 0.985436
12.7175 0.985451
12.7275 0.985466
12.7375 0.985474
12.7475 0.985489
12.7575 0.985504
12.7675 0.985519
12.7775 0.985527
12.7875 0.985542
12.7975 0.985557
12.8074 0.985565
12.8175 0.98558
12.8275 0.985595
12.8374 0.985603
12.8474 0.985618
12.8574 0.985633
12.8675 0.985641
12.8775 0.985656
12.8875 0.985671
12.8974 0.985679
12.9075 0.985694
12.9175 0.985709
12.9275 0.985717
12.9375 0.985732
12.9475 0.985747
12.9575 0.985755
12.9675 0.98577
12.9775 0.985785
12.9875 0.985793
12.9975 0.985808
13.0075 0.985823
13.0174 0.985831
13.0274 0.985846
13.0375 0.985861
13.0475 0.985869
13.0575 0.985884
13.0675 0.985891
13.0774 0.985907
13.0875 0.985922
13.0975 0.985929
13.1074 0.985944
13.1175 0.98596
13.1274 0.985967
13.1375 0.985982
13.1475 0.98599
13.1574 0.986005
13.1675 0.98602
13.1775 0.986028
13.1875 0.986043
13.1975 0.986051
13.2075 0.986066
13.2175 0.986081
13.2275 0.986089
13.2375 0.986104
13.2475 0.986111
13.2575 0.986127
13.2674 0.986134
13.2775 0.986149
13.2875 0.986165
13.2975 0.986172
13.3075 0.986187
13.3175 0.986195
13.3275 0.98621
13.3375 0.986218
13.3474 0.986233
13.3575 0.986248
13.3675 0.986256
13.3775 0.986271
13.3875 0.986278
13.3975 0.986294
13.4075 0.986301
13.4175 0.986316
13.4275 0.986324
13.4375 0.986339
13.4475 0.986347
13.4575 0.986362
13.4675 0.986377
13.4775 0.986385
13.4875 0.9864
13.4975 0.986407
13.5075 0.986423
13.5175 0.98643
13.5275 0.986445
13.5375 0.986453
13.5475 0.986468
13.5575 0.986476
13.5675 0.986491
13.5775 0.986498
13.5875 0.986514
13.5975 0.986521
13.6075 0.986536
13.6175 0.986544
13.6275 0.986559
13.6374 0.986567
13.6475 0.986582
13.6575 0.98659
13.6675 0.986605
13.6775 0.986612
13.6875 0.986628
13.6975 0.986635
13.7075 0.98665
13.7175 0.986658
13.7275 0.986673
13.7375 0.986681
13.7475 0.986688
13.7575 0.986703
13.7674 0.986711
13.7775 0.986726
13.7875 0.986734
13.7975 0.986749
13.8075 0.986757
13.8175 0.986772
13.8274 0.986779
13.8375 0.986794
13.8475 0.986802
13.8575 0.986817
13.8674 0.986825
13.8775 0.986832
13.8875 0.986848
13.8975 0.986855
13.9075 0.98687
13.9175 0.986878
13.9275 0.986893
13.9374 0.986901
13.9475 0.986908
13.9575 0.986923
13.9675 0.986931
13.9775 0.986946
13.9875 0.986954
13.9975 0.986969
14.0075 0.986977
14.0175 0.986984
14.0275 0.986999
14.0375 0.987007
14.0475 0.987022
14.0575 0.98703
14.0675 0.987037
14.0774 0.987053
14.0875 0.98706
14.0975 0.987075
14.1075 0.987083
14.1175 0.98709
14.1275 0.987106
14.1375 0.987113
14.1475 0.987128
14.1574 0.987136
14.1674 0.987144
14.1775 0.987159
14.1875 0.987166
14.1975 0.987182
14.2075 0.987189
14.2174 0.987197
14.2275 0.987212
14.2375 0.987219
14.2475 0.987227
14.2575 0.987242
14.2675 0.98725
14.2775 0.987257
14.2875 0.987273
14.2975 0.98728
14.3075 0.987295
14.3175 0.987303
14.3275 0.987311
14.3375 0.987326
14.3474 0.987333
14.3575 0.987341
14.3675 0.987356
14.3775 0.987364
14.3875 0.987371
14.3975 0.987386
14.4075 0.987394
14.4175 0.987402
14.4275 0.987417
14.4374 0.987424
14.4475 0.987432
14.4575 0.987447
14.4674 0.987455
14.4775 0.987462
14.4875 0.987478
14.4975 0.987485
14.5074 0.987493
14.5175 0.987508
14.5275 0.987515
14.5374 0.987523
14.5475 0.987538
14.5575 0.987546
14.5675 0.987553
14.5775 0.987569
14.5875 0.987576
14.5975 0.987584
14.6075 0.987591
14.6175 0.987607
14.6275 0.987614
14.6375 0.987622
14.6475 0.987637
14.6575 0.987644
14.6675 0.987652
14.6775 0.987667
14.6875 0.987675
14.6974 0.987682
14.7075 0.98769
14.7175 0.987705
14.7275 0.987713
14.7375 0.98772
14.7475 0.987736
14.7575 0.987743
14.7675 0.987751
14.7775 0.987758
14.7875 0.987774
14.7975 0.987781
14.8075 0.987789
14.8175 0.987796
14.8275 0.987811
14.8374 0.987819
14.8475 0.987827
14.8575 0.987834
14.8675 0.987849
14.8775 0.987857
14.8875 0.987865
14.8975 0.98788
14.9075 0.987887
14.9175 0.987895
14.9274 0.987903
14.9375 0.987918
14.9475 0.987925
14.9575 0.987933
14.9674 0.98794
14.9774 0.987948
14.9875 0.987963
14.9975 0.987971
15.0075 0.987978
15.0174 0.987986
15.0275 0.988001
15.0374 0.988009
15.0475 0.988016
15.0575 0.988024
15.0675 0.988039
15.0775 0.988047
15.0875 0.988054
15.0974 0.988062
15.1075 0.988069
15.1175 0.988085
15.1275 0.988092
15.1375 0.9881
15.1475 0.988107
15.1575 0.988123
15.1675 0.98813
15.1775 0.988138
15.1875 0.988145
15.1975 0.988153
15.2075 0.988168
15.2175 0.988176
15.2275 0.988183
15.2375 0.988191
15.2474 0.988199
15.2575 0.988214
15.2675 0.988221
15.2775 0.988229
15.2874 0.988236
15.2975 0.988244
15.3074 0.988252
15.3175 0.988267
15.3274 0.988274
15.3375 0.988282
15.3475 0.98829
15.3574 0.988297
15.3675 0.988312
15.3775 0.98832
15.3875 0.988328
15.3975 0.988335
15.4075 0.988343
15.4175 0.98835
15.4275 0.988365
15.4375 0.988373
15.4475 0.988381
15.4575 0.988388
15.4675 0.988396
15.4775 0.988403
15.4875 0.988419
15.4975 0.988426
15.5075 0.988434
15.5174 0.988441
15.5275 0.988449
15.5375 0.988457
15.5475 0.988472
15.5575 0.988479
15.5675 0.988487
15.5774 0.988494
15.5875 0.988502
15.5975 0.98851
15.6075 0.988517
15.6175 0.988532
15.6275 0.98854
15.6375 0.988548
15.6475 0.988555
15.6574 0.988563
15.6675 0.98857
15.6775 0.988578
15.6875 0.988593
15.6975 0.988601
15.7075 0.988608
15.7175 0.988616
15.7275 0.988624
15.7374 0.988631
15.7475 0.988639
15.7575 0.988646
15.7675 0.988661
15.7775 0.988669
15.7875 0.988677
15.7975 0.988684
15.8074 0.988692
15.8174 0.988699
15.8274 0.988707
15.8374 0.988715
15.8474 0.988722
15.8575 0.988737
15.8675 0.988745
15.8775 0.988753
15.8875 0.98876
15.8974 0.988768
15.9075 0.988775
15.9175 0.988783
15.9275 0.98879
15.9375 0.988798
15.9475 0.988806
15.9575 0.988821
15.9675 0.988828
15.9775 0.988836
15.9875 0.988844
15.9975 0.988851
16.0075 0.988859
16.0175 0.988866
16.0275 0.988874
16.0375 0.988882
16.0475 0.988889
16.0575 0.988897
16.0675 0.988904
16.0775 0.988919
16.0875 0.988927
16.0975 0.988935
16.1075 0.988942
16.1175 0.98895
16.1274 0.988957
16.1375 0.988965
16.1474 0.988973
16.1575 0.98898
16.1675 0.988988
16.1775 0.988995
16.1875 0.989003
16.1975 0.989011
16.2074 0.989018
16.2174 0.989026
16.2275 0.989041
16.2375 0.989049
16.2475 0.989056
16.2575 0.989064
16.2675 0.989071
16.2775 0.989079
16.2875 0.989086
16.2975 0.989094
16.3075 0.989102
16.3175 0.989109
16.3275 0.989117
16.3375 0.989124
16.3475 0.989132
16.3574 0.98914
16.3675 0.989147
16.3775 0.989155
16.3875 0.989162
16.3975 0.98917
16.4074 0.989178
16.4174 0.989185
16.4275 0.989193
16.4375 0.9892
16.4475 0.989208
16.4575 0.989223
16.4675 0.989231
16.4775 0.989238
16.4875 0.989246
16.4975 0.989253
16.5075 0.989261
16.5175 0.989269
16.5275 0.989276
16.5375 0.989284
16.5475 0.989291
16.5575 0.989299
16.5675 0.989307
16.5775 0.989314
16.5875 0.989322
16.5975 0.989329
16.6075 0.989337
16.6175 0.989345
16.6275 0.989352
16.6374 0.98936
16.6475 0.989367
16.6575 0.989375
16.6675 0.989382
16.6775 0.98939
16.6875 0.989398
16.6975 0.989405
16.7075 0.989413
16.7175 0.98942
16.7275 0.989428
16.7375 0.989436
16.7475 0.989443
16.7575 0.989451
16.7675 0.989458
16.7775 0.989466
16.7875 0.989474
16.7975 0.989481
16.8075 0.989489
16.8175 0.989496
16.8275 0.989504
16.8375 0.989511
16.8475 0.989519
16.8575 0.989527
16.8675 0.989534
16.8775 0.989542
16.8875 0.989549
16.8975 0.989557
16.9075 0.989565
16.9175 0.989572
16.9275 0.989572
16.9374 0.98958
16.9474 0.989587
16.9575 0.989595
16.9675 0.989603
16.9774 0.98961
16.9875 0.989618
16.9975 0.989625
17.0075 0.989633
17.0175 0.98964
17.0275 0.989648
17.0374 0.989656
17.0475 0.989663
17.0575 0.989671
17.0674 0.989678
17.0775 0.989686
17.0875 0.989694
17.0975 0.989701
17.1075 0.989709
17.1175 0.989716
17.1275 0.989724
17.1375 0.989732
17.1475 0.989739
17.1575 0.989747
17.1674 0.989747
17.1775 0.989754
17.1875 0.989762
17.1974 0.98977
17.2075 0.989777
17.2175 0.989785
17.2275 0.989792
17.2375 0.9898
17.2475 0.989807
17.2574 0.989815
17.2675 0.989823
17.2775 0.98983
17.2875 0.989838
17.2975 0.989845
17.3075 0.989853
17.3175 0.989861
17.3275 0.989861
17.3375 0.989868
17.3475 0.989876
17.3575 0.989883
17.3674 0.989891
17.3774 0.989899
17.3875 0.989906
17.3975 0.989914
17.4075 0.989921
17.4175 0.989929
17.4275 0.989936
17.4375 0.989944
17.4475 0.989952
17.4574 0.989952
17.4675 0.989959
17.4775 0.989967
17.4874 0.989974
17.4975 0.989982
17.5075 0.98999
17.5175 0.989997
17.5275 0.990005
17.5375 0.990012
17.5475 0.99002
17.5575 0.990028
17.5674 0.990028
17.5774 0.990035
17.5874 0.990043
17.5975 0.99005
17.6075 0.990058
17.6175 0.990065
17.6275 0.990073
17.6375 0.990081
17.6475 0.990088
17.6575 0.990088
17.6675 0.990096
17.6775 0.990103
17.6875 0.990111
17.6975 0.990119
17.7074 0.990126
17.7175 0.990134
17.7275 0.990141
17.7375 0.990149
17.7475 0.990157
17.7574 0.990157
17.7674 0.990164
17.7775 0.990172
17.7875 0.990179
17.7975 0.990187
17.8075 0.990195
17.8175 0.990202
17.8275 0.99021
17.8375 0.99021
17.8474 0.990217
17.8575 0.990225
17.8675 0.990232
17.8774 0.99024
17.8875 0.990248
17.8975 0.990255
17.9075 0.990263
17.9175 0.990263
17.9274 0.99027
17.9375 0.990278
17.9475 0.990286
17.9574 0.990293
17.9675 0.990301
17.9775 0.990308
17.9875 0.990308
17.9975 0.990316
18.0075 0.990324
18.0175 0.990331
18.0275 0.990339
18.0375 0.990346
18.0475 0.990354
18.0575 0.990354
18.0675 0.990361
18.0774 0.990369
18.0875 0.990377
18.0975 0.990384
18.1075 0.990392
18.1175 0.990399
18.1275 0.990399
18.1375 0.990407
18.1475 0.990415
18.1575 0.990422
18.1675 0.99043
18.1775 0.990437
18.1875 0.990437
18.1974 0.990445
18.2074 0.990453
18.2175 0.99046
18.2275 0.990468
18.2375 0.990475
18.2475 0.990483
18.2575 0.990483
18.2675 0.990491
18.2775 0.990498
18.2875 0.990506
18.2975 0.990513
18.3075 0.990521
18.3175 0.990521
18.3275 0.990528
18.3375 0.990536
18.3475 0.990544
18.3575 0.990551
18.3675 0.990559
18.3774 0.990559
18.3875 0.990566
18.3975 0.990574
18.4075 0.990582
18.4175 0.990589
18.4274 0.990589
18.4375 0.990597
18.4475 0.990604
18.4575 0.990612
18.4675 0.99062
18.4775 0.990627
18.4874 0.990627
18.4974 0.990635
18.5075 0.990642
18.5175 0.99065
18.5275 0.990657
18.5375 0.990657
18.5475 0.990665
18.5574 0.990673
18.5675 0.99068
18.5775 0.990688
18.5875 0.990688
18.5975 0.990695
18.6075 0.990703
18.6175 0.990711
18.6275 0.990718
18.6374 0.990718
18.6474 0.990726
18.6575 0.990733
18.6675 0.990741
18.6775 0.990749
18.6874 0.990749
18.6975 0.990756
18.7075 0.990764
18.7175 0.990771
18.7275 0.990779
18.7375 0.990779
18.7475 0.990786
18.7574 0.990794
18.7675 0.990802
18.7775 0.990809
18.7875 0.990809
18.7975 0.990817
18.8075 0.990824
18.8175 0.990832
18.8275 0.99084
18.8374 0.99084
18.8475 0.990847
18.8575 0.990855
18.8675 0.990862
18.8775 0.99087
18.8874 0.99087
18.8975 0.990878
18.9075 0.990885
18.9175 0.990893
18.9274 0.990893
18.9374 0.9909
18.9475 0.990908
18.9575 0.990916
18.9675 0.990923
18.9774 0.990923
18.9875 0.990931
18.9975 0.990938
19.0075 0.990946
19.0175 0.990946
19.0275 0.990953
19.0375 0.990961
19.0475 0.990969
19.0575 0.990969
19.0675 0.990976
19.0775 0.990984
19.0875 0.990991
19.0975 0.990999
19.1075 0.990999
19.1175 0.991007
19.1274 0.991014
19.1375 0.991022
19.1474 0.991022
19.1575 0.991029
19.1675 0.991037
19.1775 0.991045
19.1875 0.991045
19.1975 0.991052
19.2075 0.99106
19.2175 0.991067
19.2275 0.991067
19.2374 0.991075
19.2475 0.991082
19.2575 0.99109
19.2675 0.99109
19.2774 0.991098
19.2875 0.991105
19.2975 0.991113
19.3074 0.991113
19.3175 0.99112
19.3275 0.991128
19.3375 0.991136
19.3475 0.991136
19.3575 0.991143
19.3675 0.991151
19.3775 0.991158
19.3875 0.991158
19.3975 0.991166
19.4075 0.991174
19.4175 0.991181
19.4275 0.991181
19.4374 0.991189
19.4475 0.991196
19.4575 0.991204
19.4674 0.991204
19.4775 0.991211
19.4875 0.991219
19.4975 0.991219
19.5074 0.991227
19.5175 0.991234
19.5275 0.991242
19.5374 0.991242
19.5475 0.991249
19.5575 0.991257
19.5675 0.991265
19.5774 0.991265
19.5874 0.991272
19.5975 0.99128
19.6074 0.99128
19.6174 0.991287
19.6274 0.991295
19.6375 0.991303
19.6475 0.991303
19.6575 0.99131
19.6675 0.991318
19.6775 0.991325
19.6875 0.991325
19.6975 0.991333
19.7075 0.991341
19.7175 0.991341
19.7274 0.991348
19.7375 0.991356
19.7475 0.991363
19.7574 0.991363
19.7675 0.991371
19.7775 0.991378
19.7874 0.991378
19.7975 0.991386
19.8075 0.991394
19.8175 0.991401
19.8275 0.991401
19.8375 0.991409
19.8475 0.991416
19.8575 0.991416
19.8675 0.991424
19.8775 0.991432
19.8875 0.991439
19.8974 0.991439
19.9075 0.991447
19.9175 0.991454
19.9274 0.991454
19.9375 0.991462
19.9475 0.99147
19.9575 0.99147
19.9675 0.991477
19.9775 0.991485
19.9875 0.991492
19.9975 0.991492
20.0075 0.9915
20.0175 0.991507
20.0275 0.991507
20.0375 0.991515
20.0475 0.991523
20.0575 0.991523
20.0675 0.99153
20.0775 0.991538
20.0875 0.991538
20.0975 0.991545
20.1075 0.991553
20.1175 0.991561
20.1275 0.991561
20.1375 0.991568
20.1475 0.991576
20.1575 0.991576
20.1675 0.991583
20.1775 0.991591
20.1874 0.991591
20.1975 0.991599
20.2075 0.991606
20.2175 0.991606
20.2274 0.991614
20.2375 0.991621
20.2475 0.991621
20.2574 0.991629
20.2675 0.991636
20.2775 0.991644
20.2875 0.991644
20.2975 0.991652
20.3075 0.991659
20.3175 0.991659
20.3275 0.991667
20.3375 0.991674
20.3475 0.991674
20.3575 0.991682
20.3675 0.99169
20.3775 0.99169
20.3875 0.991697
20.3975 0.991705
20.4075 0.991705
20.4175 0.991712
20.4275 0.99172
20.4375 0.99172
20.4474 0.991728
20.4575 0.991735
20.4675 0.991735
20.4775 0.991743
20.4875 0.99175
20.4975 0.99175
20.5075 0.991758
20.5175 0.991766
20.5274 0.991766
20.5375 0.991773
20.5475 0.991781
20.5575 0.991781
20.5675 0.991788
20.5775 0.991796
20.5874 0.991796
20.5975 0.991803
20.6075 0.991811
20.6175 0.991811
20.6275 0.991819
20.6375 0.991826
20.6475 0.991826
20.6575 0.991834
20.6675 0.991834
20.6774 0.991841
20.6875 0.991849
20.6974 0.991849
20.7075 0.991857
20.7175 0.991864
20.7274 0.991864
20.7375 0.991872
20.7475 0.991879
20.7575 0.991879
20.7675 0.991887
20.7775 0.991895
20.7875 0.991895
20.7975 0.991902
20.8075 0.99191
20.8175 0.99191
20.8275 0.991917
20.8375 0.991917
20.8475 0.991925
20.8575 0.991932
20.8675 0.991932
20.8775 0.99194
20.8875 0.991948
20.8975 0.991948
20.9075 0.991955
20.9175 0.991963
20.9275 0.991963
20.9375 0.99197
20.9475 0.991978
20.9575 0.991978
20.9675 0.991986
20.9774 0.991986
20.9875 0.991993
20.9975 0.992001
21.0075 0.992001
21.0175 0.992008
21.0275 0.992016
21.0375 0.992016
21.0475 0.992024
21.0575 0.992024
21.0675 0.992031
21.0775 0.992039
21.0874 0.992039
21.0975 0.992046
21.1075 0.992054
21.1175 0.992054
21.1275 0.992062
21.1375 0.992062
21.1474 0.992069
21.1575 0.992077
21.1674 0.992077
21.1775 0.992084
21.1875 0.992092
21.1975 0.992092
21.2075 0.992099
21.2175 0.992099
21.2274 0.992107
21.2375 0.992115
21.2475 0.992115
21.2575 0.992122
21.2675 0.99213
21.2775 0.99213
21.2875 0.992137
21.2975 0.992137
21.3075 0.992145
21.3175 0.992153
21.3274 0.992153
21.3375 0.99216
21.3475 0.99216
21.3575 0.992168
21.3675 0.992175
21.3775 0.992175
21.3875 0.992183
21.3975 0.992191
21.4075 0.992191
21.4175 0.992198
21.4274 0.992198
21.4375 0.992206
21.4475 0.992213
21.4574 0.992213
21.4675 0.992221
21.4775 0.992221
21.4875 0.992228
21.4975 0.992236
21.5075 0.992236
21.5175 0.992244
21.5275 0.992244
21.5375 0.992251
21.5475 0.992259
21.5575 0.992259
21.5675 0.992266
21.5774 0.992266
21.5875 0.992274
21.5975 0.992282
21.6075 0.992282
21.6175 0.992289
21.6275 0.992289
21.6375 0.992297
21.6475 0.992304
21.6575 0.992304
21.6675 0.992312
21.6774 0.992312
21.6875 0.99232
21.6975 0.992327
21.7074 0.992327
21.7175 0.992335
21.7275 0.992335
21.7375 0.992342
21.7475 0.99235
21.7575 0.99235
21.7675 0.992357
21.7775 0.992357
21.7875 0.992365
21.7975 0.992365
21.8075 0.992373
21.8175 0.99238
21.8274 0.99238
21.8375 0.992388
21.8475 0.992388
21.8575 0.992395
21.8675 0.992403
21.8775 0.992403
21.8875 0.992411
21.8975 0.992411
21.9075 0.992418
21.9174 0.992418
21.9275 0.992426
21.9375 0.992433
21.9475 0.992433
21.9575 0.992441
21.9675 0.992441
21.9774 0.992449
21.9875 0.992456
21.9975 0.992456
22.0075 0.992464
22.0175 0.992464
22.0275 0.992471
22.0374 0.992471
22.0475 0.992479
22.0575 0.992487
22.0675 0.992487
22.0775 0.992494
22.0874 0.992494
22.0974 0.992502
22.1075 0.992502
22.1175 0.992509
22.1275 0.992517
22.1375 0.992517
22.1475 0.992524
22.1574 0.992524
22.1675 0.992532
22.1774 0.992532
22.1875 0.99254
22.1975 0.992547
22.2075 0.992547
22.2175 0.992555
22.2275 0.992555
22.2375 0.992562
22.2475 0.992562
22.2575 0.99257
22.2675 0.992578
22.2775 0.992578
22.2875 0.992585
22.2975 0.992585
22.3075 0.992593
22.3174 0.992593
22.3275 0.9926
22.3375 0.9926
22.3475 0.992608
22.3575 0.992616
22.3675 0.992616
22.3775 0.992623
22.3875 0.992623
22.3975 0.992631
22.4075 0.992631
22.4175 0.992638
22.4274 0.992638
22.4375 0.992646
22.4475 0.992653
22.4574 0.992653
22.4675 0.992661
22.4775 0.992661
22.4875 0.992669
22.4975 0.992669
22.5075 0.992676
22.5175 0.992676
22.5275 0.992684
22.5375 0.992691
22.5475 0.992691
22.5575 0.992699
22.5675 0.992699
22.5775 0.992707
22.5875 0.992707
22.5975 0.992714
22.6074 0.992714
22.6175 0.992722
22.6274 0.992722
22.6375 0.992729
22.6475 0.992737
22.6575 0.992737
22.6675 0.992745
22.6775 0.992745
22.6875 0.992752
22.6974 0.992752
22.7075 0.99276
22.7175 0.99276
22.7275 0.992767
22.7374 0.992767
22.7475 0.992775
22.7575 0.992782
22.7675 0.992782
22.7775 0.99279
22.7874 0.99279
22.7975 0.992798
22.8075 0.992798
22.8175 0.992805
22.8275 0.992805
22.8375 0.992813
22.8475 0.992813
22.8575 0.99282
22.8674 0.99282
22.8775 0.992828
22.8874 0.992828
22.8975 0.992836
22.9075 0.992843
22.9175 0.992843
22.9275 0.992851
22.9375 0.992851
22.9475 0.992858
22.9575 0.992858
22.9675 0.992866
22.9775 0.992866
22.9875 0.992874
22.9975 0.992874
23.0075 0.992881
23.0175 0.992881
23.0275 0.992889
23.0375 0.992889
23.0475 0.992896
23.0574 0.992896
23.0675 0.992904
23.0775 0.992912
23.0875 0.992912
23.0975 0.992919
23.1074 0.992919
23.1175 0.992927
23.1275 0.992927
23.1375 0.992934
23.1475 0.992934
23.1575 0.992942
23.1675 0.992942
23.1775 0.992949
23.1874 0.992949
23.1975 0.992957
23.2075 0.992957
23.2175 0.992965
23.2274 0.992965
23.2375 0.992972
23.2475 0.992972
23.2575 0.99298
23.2675 0.99298
23.2775 0.992987
23.2875 0.992987
23.2975 0.992995
23.3074 0.992995
23.3175 0.993003
23.3275 0.99301
23.3375 0.99301
23.3475 0.993018
23.3575 0.993018
23.3675 0.993025
23.3775 0.993025
23.3875 0.993033
23.3975 0.993033
23.4075 0.993041
23.4175 0.993041
23.4275 0.993048
23.4375 0.993048
23.4475 0.993056
23.4575 0.993056
23.4675 0.993063
23.4775 0.993063
23.4875 0.993071
23.4975 0.993071
23.5075 0.993078
23.5175 0.993078
23.5275 0.993086
23.5375 0.993086
23.5475 0.993094
23.5575 0.993094
23.5675 0.993101
23.5775 0.993101
23.5875 0.993109
23.5974 0.993109
23.6075 0.993116
23.6175 0.993116
23.6275 0.993124
23.6375 0.993124
23.6475 0.993132
23.6575 0.993132
23.6675 0.993139
23.6775 0.993139
23.6875 0.993147
23.6975 0.993147
23.7075 0.993154
23.7174 0.993154
23.7275 0.993162
23.7375 0.993162
23.7475 0.99317
23.7575 0.99317
23.7675 0.993177
23.7775 0.993177
23.7875 0.993185
23.7975 0.993185
23.8075 0.993192
23.8175 0.993192
23.8275 0.9932
23.8375 0.9932
23.8475 0.993208
23.8575 0.993208
23.8675 0.993215
23.8775 0.993215
23.8875 0.993223
23.8975 0.993223
23.9075 0.99323
23.9175 0.99323
23.9275 0.993238
23.9375 0.993238
23.9475 0.993245
23.9575 0.993245
23.9675 0.993253
23.9775 0.993253
23.9874 0.993253
23.9975 0.993261
24.0075 0.993261
24.0175 0.993268
24.0275 0.993268
24.0375 0.993276
24.0475 0.993276
24.0575 0.993283
24.0675 0.993283
24.0775 0.993291
24.0875 0.993291
24.0975 0.993299
24.1075 0.993299
24.1175 0.993306
24.1275 0.993306
24.1375 0.993314
24.1475 0.993314
24.1575 0.993321
24.1675 0.993321
24.1775 0.993329
24.1875 0.993329
24.1975 0.993337
24.2075 0.993337
24.2175 0.993344
24.2275 0.993344
24.2375 0.993344
24.2475 0.993352
24.2574 0.993352
24.2675 0.993359
24.2774 0.993359
24.2875 0.993367
24.2975 0.993367
24.3075 0.993374
24.3175 0.993374
24.3275 0.993382
24.3374 0.993382
24.3475 0.99339
24.3575 0.99339
24.3675 0.993397
24.3775 0.993397
24.3875 0.993405
24.3975 0.993405
24.4075 0.993412
24.4175 0.993412
24.4275 0.993412
24.4375 0.99342
24.4475 0.99342
24.4575 0.993428
24.4674 0.993428
24.4775 0.993435
24.4874 0.993435
24.4975 0.993443
24.5075 0.993443
24.5175 0.99345
24.5275 0.99345
24.5375 0.993458
24.5474 0.993458
24.5575 0.993466
24.5675 0.993466
24.5774 0.993466
24.5875 0.993473
24.5975 0.993473
24.6075 0.993481
24.6175 0.993481
24.6275 0.993488
24.6374 0.993488
24.6475 0.993496
24.6575 0.993496
24.6675 0.993503
24.6775 0.993503
24.6875 0.993511
24.6975 0.993511
24.7074 0.993511
24.7175 0.993519
24.7274 0.993519
24.7375 0.993526
24.7475 0.993526
24.7575 0.993534
24.7675 0.993534
24.7775 0.993541
24.7875 0.993541
24.7975 0.993549
24.8074 0.993549
24.8174 0.993549
24.8275 0.993557
24.8374 0.993557
24.8475 0.993564
24.8575 0.993564
24.8675 0.993572
24.8775 0.993572
24.8875 0.993579
24.8975 0.993579
24.9075 0.993587
24.9175 0.993587
24.9274 0.993587
24.9375 0.993595
24.9475 0.993595
24.9575 0.993602
24.9675 0.993602
24.9775 0.99361
24.9875 0.99361
24.9975 0.993617
25.0074 0.993617
25.0174 0.993617
25.0275 0.993625
25.0375 0.993625
25.0475 0.993633
25.0574 0.993633
25.0675 0.99364
25.0775 0.99364
25.0875 0.993648
25.0975 0.993648
25.1074 0.993648
25.1175 0.993655
25.1274 0.993655
25.1375 0.993663
25.1475 0.993663
25.1575 0.99367
25.1675 0.99367
25.1775 0.993678
25.1875 0.993678
25.1974 0.993678
25.2075 0.993686
25.2175 0.993686
25.2275 0.993693
25.2375 0.993693
25.2475 0.993701
25.2575 0.993701
25.2675 0.993701
25.2775 0.993708
25.2874 0.993708
25.2975 0.993716
25.3075 0.993716
25.3175 0.993724
25.3275 0.993724
25.3375 0.993731
25.3475 0.993731
25.3574 0.993731
25.3675 0.993739
25.3774 0.993739
25.3875 0.993746
25.3975 0.993746
25.4075 0.993754
25.4175 0.993754
25.4274 0.993754
25.4375 0.993762
25.4475 0.993762
25.4575 0.993769
25.4675 0.993769
25.4775 0.993777
25.4875 0.993777
25.4974 0.993777
25.5075 0.993784
25.5174 0.993784
25.5275 0.993792
25.5374 0.993792
25.5475 0.993799
25.5575 0.993799
25.5675 0.993799
25.5775 0.993807
25.5874 0.993807
25.5975 0.993815
25.6075 0.993815
25.6175 0.993822
25.6275 0.993822
25.6374 0.993822
25.6475 0.99383
25.6574 0.99383
25.6675 0.993837
25.6775 0.993837
25.6875 0.993845
25.6975 0.993845
25.7074 0.993845
25.7175 0.993853
25.7275 0.993853
25.7375 0.99386
25.7475 0.99386
25.7575 0.993868
25.7675 0.993868
25.7774 0.993868
25.7875 0.993875
25.7975 0.993875
25.8075 0.993883
25.8175 0.993883
25.8275 0.993883
25.8375 0.993891
25.8474 0.993891
25.8575 0.993898
25.8675 0.993898
25.8775 0.993906
25.8875 0.993906
25.8975 0.993906
25.9075 0.993913
25.9175 0.993913
25.9275 0.993921
25.9375 0.993921
25.9475 0.993921
25.9575 0.993928
25.9675 0.993928
25.9775 0.993936
25.9875 0.993936
25.9975 0.993944
26.0075 0.993944
26.0175 0.993944
26.0275 0.993951
26.0375 0.993951
26.0475 0.993959
26.0575 0.993959
26.0675 0.993959
26.0775 0.993966
26.0875 0.993966
26.0975 0.993974
26.1075 0.993974
26.1175 0.993982
26.1275 0.993982
26.1375 0.993982
26.1475 0.993989
26.1575 0.993989
26.1675 0.993997
26.1775 0.993997
26.1874 0.993997
26.1975 0.994004
26.2074 0.994004
26.2175 0.994012
26.2275 0.994012
26.2375 0.994012
26.2475 0.99402
26.2575 0.99402
26.2675 0.994027
26.2774 0.994027
26.2875 0.994027
26.2975 0.994035
26.3075 0.994035
26.3175 0.994042
26.3275 0.994042
26.3375 0.994042
26.3475 0.99405
26.3575 0.99405
26.3675 0.994058
26.3775 0.994058
26.3874 0.994058
26.3975 0.994065
26.4075 0.994065
26.4175 0.994073
26.4275 0.994073
26.4374 0.994073
26.4475 0.99408
26.4575 0.99408
26.4675 0.994088
26.4775 0.994088
26.4875 0.994088
26.4975 0.994095
26.5075 0.994095
26.5175 0.994103
26.5275 0.994103
26.5375 0.994103
26.5475 0.994111
26.5575 0.994111
26.5675 0.994118
26.5775 0.994118
26.5874 0.994118
26.5975 0.994126
26.6075 0.994126
26.6175 0.994133
26.6275 0.994133
26.6375 0.994133
26.6475 0.994141
26.6575 0.994141
26.6675 0.994149
26.6775 0.994149
26.6875 0.994149
26.6975 0.994156
26.7075 0.994156
26.7175 0.994164
26.7275 0.994164
26.7375 0.994164
26.7475 0.994171
26.7575 0.994171
26.7675 0.994179
26.7775 0.994179
26.7875 0.994179
26.7975 0.994187
26.8075 0.994187
26.8174 0.994187
26.8275 0.994194
26.8375 0.994194
26.8475 0.994202
26.8575 0.994202
26.8675 0.994202
26.8775 0.994209
26.8875 0.994209
26.8975 0.994217
26.9075 0.994217
26.9175 0.994217
26.9275 0.994224
26.9375 0.994224
26.9475 0.994224
26.9575 0.994232
26.9674 0.994232
26.9775 0.99424
26.9875 0.99424
26.9974 0.99424
27.0075 0.994247
27.0175 0.994247
27.0275 0.994255
27.0375 0.994255
27.0474 0.994255
27.0575 0.994262
27.0675 0.994262
27.0774 0.994262
27.0875 0.99427
27.0975 0.99427
27.1075 0.994278
27.1175 0.994278
27.1274 0.994278
27.1375 0.994285
27.1474 0.994285
27.1575 0.994293
27.1675 0.994293
27.1774 0.994293
27.1875 0.9943
27.1975 0.9943
27.2075 0.9943
27.2175 0.994308
27.2275 0.994308
27.2375 0.994316
27.2475 0.994316
27.2574 0.994316
27.2675 0.994323
27.2775 0.994323
27.2875 0.994323
27.2975 0.994331
27.3075 0.994331
27.3175 0.994338
27.3275 0.994338
27.3375 0.994338
27.3475 0.994346
27.3575 0.994346
27.3675 0.994346
27.3775 0.994353
27.3875 0.994353
27.3975 0.994361
27.4075 0.994361
27.4174 0.994361
27.4275 0.994369
27.4374 0.994369
27.4474 0.994369
27.4575 0.994376
27.4675 0.994376
27.4775 0.994384
27.4875 0.994384
27.4975 0.994384
27.5075 0.994391
27.5175 0.994391
27.5275 0.994391
27.5375 0.994399
27.5475 0.994399
27.5574 0.994399
27.5675 0.994407
27.5774 0.994407
27.5875 0.994414
27.5975 0.994414
27.6075 0.994414
27.6175 0.994422
27.6275 0.994422
27.6375 0.994422
27.6475 0.994429
27.6575 0.994429
27.6674 0.994429
27.6775 0.994437
27.6874 0.994437
27.6975 0.994445
27.7075 0.994445
27.7174 0.994445
27.7275 0.994452
27.7375 0.994452
27.7474 0.994452
27.7575 0.99446
27.7675 0.99446
27.7775 0.99446
27.7875 0.994467
27.7975 0.994467
27.8075 0.994475
27.8175 0.994475
27.8275 0.994475
27.8375 0.994483
27.8475 0.994483
27.8574 0.994483
27.8675 0.99449
27.8775 0.99449
27.8875 0.99449
27.8975 0.994498
27.9074 0.994498
27.9175 0.994505
27.9275 0.994505
27.9375 0.994505
27.9475 0.994513
27.9575 0.994513
27.9674 0.994513
27.9775 0.99452
27.9874 0.99452
27.9974 0.99452
28.0075 0.994528
28.0175 0.994528
28.0274 0.994528
28.0375 0.994536
28.0475 0.994536
28.0575 0.994543
28.0675 0.994543
28.0775 0.994543
28.0875 0.994551
28.0975 0.994551
28.1075 0.994551
28.1175 0.994558
28.1275 0.994558
28.1374 0.994558
28.1475 0.994566
28.1574 0.994566
28.1675 0.994566
28.1775 0.994574
28.1874 0.994574
28.1975 0.994581
28.2075 0.994581
28.2175 0.994581
28.2275 0.994589
28.2375 0.994589
28.2475 0.994589
28.2575 0.994596
28.2675 0.994596
28.2775 0.994596
28.2875 0.994604
28.2974 0.994604
28.3074 0.994604
28.3175 0.994612
28.3275 0.994612
28.3375 0.994612
28.3475 0.994619
28.3575 0.994619
28.3675 0.994619
28.3775 0.994627
28.3875 0.994627
28.3975 0.994627
28.4075 0.994634
28.4175 0.994634
28.4275 0.994642
28.4375 0.994642
28.4475 0.994642
28.4575 0.994649
28.4675 0.994649
28.4775 0.994649
28.4875 0.994657
28.4975 0.994657
28.5075 0.994657
28.5175 0.994665
28.5275 0.994665
28.5375 0.994665
28.5475 0.994672
28.5575 0.994672
28.5675 0.994672
28.5775 0.99468
28.5875 0.99468
28.5975 0.99468
28.6075 0.994687
28.6175 0.994687
28.6274 0.994687
28.6375 0.994695
28.6475 0.994695
28.6574 0.994695
28.6675 0.994703
28.6774 0.994703
28.6875 0.994703
28.6975 0.99471
28.7075 0.99471
28.7174 0.99471
28.7275 0.994718
28.7375 0.994718
28.7474 0.994718
28.7575 0.994725
28.7675 0.994725
28.7774 0.994725
28.7875 0.994733
28.7975 0.994733
28.8075 0.994741
28.8175 0.994741
28.8275 0.994741
28.8375 0.994748
28.8475 0.994748
28.8575 0.994748
28.8675 0.994756
28.8775 0.994756
28.8875 0.994756
28.8975 0.994763
28.9075 0.994763
28.9175 0.994763
28.9275 0.994771
28.9375 0.994771
28.9475 0.994771
28.9575 0.994779
28.9675 0.994779
28.9775 0.994779
28.9875 0.994786
28.9975 0.994786
29.0075 0.994786
29.0175 0.994794
29.0275 0.994794
29.0375 0.994794
29.0475 0.994801
29.0575 0.994801
29.0675 0.994801
29.0775 0.994809
29.0875 0.994809
29.0974 0.994809
29.1075 0.994816
29.1175 0.994816
29.1274 0.994816
29.1375 0.994824
29.1475 0.994824
29.1575 0.994824
29.1675 0.994832
29.1775 0.994832
29.1875 0.994832
29.1974 0.994832
29.2075 0.994839
29.2175 0.994839
29.2275 0.994839
29.2375 0.994847
29.2475 0.994847
29.2574 0.994847
29.2675 0.994854
29.2774 0.994854
29.2875 0.994854
29.2975 0.994862
29.3075 0.994862
29.3175 0.994862
29.3275 0.99487
29.3375 0.99487
29.3475 0.99487
29.3575 0.994877
29.3675 0.994877
29.3774 0.994877
29.3875 0.994885
29.3975 0.994885
29.4074 0.994885
29.4175 0.994892
29.4275 0.994892
29.4374 0.994892
29.4475 0.9949
29.4575 0.9949
29.4675 0.9949
29.4775 0.994908
29.4875 0.994908
29.4974 0.994908
29.5075 0.994915
29.5175 0.994915
29.5274 0.994915
29.5375 0.994923
29.5475 0.994923
29.5575 0.994923
29.5674 0.994923
29.5775 0.99493
29.5875 0.99493
29.5975 0.99493
29.6075 0.994938
29.6175 0.994938
29.6274 0.994938
29.6375 0.994945
29.6475 0.994945
29.6574 0.994945
29.6675 0.994953
29.6775 0.994953
29.6874 0.994953
29.6975 0.994961
29.7075 0.994961
29.7174 0.994961
29.7275 0.994968
29.7375 0.994968
29.7475 0.994968
29.7575 0.994976
29.7675 0.994976
29.7775 0.994976
29.7874 0.994976
29.7975 0.994983
29.8075 0.994983
29.8174 0.994983
29.8275 0.994991
29.8375 0.994991
29.8475 0.994991
29.8575 0.994999
29.8675 0.994999
29.8774 0.994999
29.8875 0.995006
29.8975 0.995006
29.9074 0.995006
29.9175 0.995014
29.9275 0.995014
29.9375 0.995014
29.9474 0.995014
29.9575 0.995021
29.9674 0.995021
29.9774 0.995021
29.9875 0.995029
29.9974 0.995029
30.0074 0.995029
30.0175 0.995037
30.0275 0.995037
30.0375 0.995037
30.0475 0.995044
30.0575 0.995044
30.0674 0.995044
30.0775 0.995052
30.0875 0.995052
30.0975 0.995052
30.1074 0.995052
30.1175 0.995059
30.1275 0.995059
30.1375 0.995059
30.1475 0.995067
30.1575 0.995067
30.1674 0.995067
30.1775 0.995074
30.1875 0.995074
30.1974 0.995074
30.2075 0.995082
30.2175 0.995082
30.2275 0.995082
30.2374 0.995082
30.2475 0.99509
30.2574 0.99509
30.2674 0.99509
30.2775 0.995097
30.2875 0.995097
30.2974 0.995097
30.3075 0.995105
30.3175 0.995105
30.3275 0.995105
30.3375 0.995112
30.3475 0.995112
30.3575 0.995112
30.3674 0.995112
30.3775 0.99512
30.3875 0.99512
30.3974 0.99512
30.4075 0.995128
30.4175 0.995128
30.4275 0.995128
30.4375 0.995135
30.4475 0.995135
30.4574 0.995135
30.4675 0.995135
30.4775 0.995143
30.4874 0.995143
30.4975 0.995143
30.5075 0.99515
30.5175 0.99515
30.5274 0.99515
30.5375 0.995158
30.5475 0.995158
30.5575 0.995158
30.5675 0.995158
30.5775 0.995166
30.5875 0.995166
30.5975 0.995166
30.6075 0.995173
30.6175 0.995173
30.6274 0.995173
30.6375 0.995181
30.6475 0.995181
30.6575 0.995181
30.6674 0.995181
30.6775 0.995188
30.6875 0.995188
30.6974 0.995188
30.7075 0.995196
30.7175 0.995196
30.7275 0.995196
30.7375 0.995204
30.7475 0.995204
30.7575 0.995204
30.7675 0.995204
30.7775 0.995211
30.7875 0.995211
30.7974 0.995211
30.8075 0.995219
30.8175 0.995219
30.8275 0.995219
30.8374 0.995219
30.8475 0.995226
30.8574 0.995226
30.8674 0.995226
30.8775 0.995234
30.8875 0.995234
30.8974 0.995234
30.9075 0.995241
30.9175 0.995241
30.9275 0.995241
30.9375 0.995241
30.9475 0.995249
30.9575 0.995249
30.9675 0.995249
30.9775 0.995257
30.9875 0.995257
30.9975 0.995257
31.0074 0.995257
31.0175 0.995264
31.0275 0.995264
31.0375 0.995264
31.0475 0.995272
31.0575 0.995272
31.0675 0.995272
31.0774 0.995272
31.0875 0.995279
31.0975 0.995279
31.1075 0.995279
31.1175 0.995287
31.1275 0.995287
31.1374 0.995287
31.1475 0.995295
31.1575 0.995295
31.1675 0.995295
31.1775 0.995295
31.1875 0.995302
31.1975 0.995302
31.2074 0.995302
31.2175 0.99531
31.2275 0.99531
31.2375 0.99531
31.2475 0.99531
31.2575 0.995317
31.2675 0.995317
31.2775 0.995317
31.2875 0.995325
31.2975 0.995325
31.3074 0.995325
31.3175 0.995325
31.3275 0.995333
31.3375 0.995333
31.3475 0.995333
31.3575 0.99534
31.3675 0.99534
31.3775 0.99534
31.3874 0.99534
31.3975 0.995348
31.4075 0.995348
31.4175 0.995348
31.4275 0.995355
31.4375 0.995355
31.4474 0.995355
31.4574 0.995355
31.4675 0.995363
31.4775 0.995363
31.4874 0.995363
31.4974 0.995363
31.5075 0.99537
31.5175 0.99537
31.5275 0.99537
31.5375 0.995378
31.5475 0.995378
31.5575 0.995378
31.5675 0.995378
31.5775 0.995386
31.5875 0.995386
31.5974 0.995386
31.6075 0.995393
31.6175 0.995393
31.6275 0.995393
31.6374 0.995393
31.6475 0.995401
31.6575 0.995401
31.6675 0.995401
31.6775 0.995408
31.6875 0.995408
31.6974 0.995408
31.7075 0.995408
31.7175 0.995416
31.7275 0.995416
31.7375 0.995416
31.7474 0.995416
31.7575 0.995424
31.7675 0.995424
31.7775 0.995424
31.7875 0.995431
31.7975 0.995431
31.8075 0.995431
31.8175 0.995431
31.8275 0.995439
31.8375 0.995439
31.8475 0.995439
31.8575 0.995446
31.8675 0.995446
31.8775 0.995446
31.8874 0.995446
31.8975 0.995454
31.9075 0.995454
31.9175 0.995454
31.9275 0.995454
31.9375 0.995462
31.9475 0.995462
31.9575 0.995462
31.9675 0.995469
31.9775 0.995469
31.9875 0.995469
31.9975 0.995469
32.0075 0.995477
32.0175 0.995477
32.0274 0.995477
32.0374 0.995477
32.0475 0.995484
32.0575 0.995484
32.0675 0.995484
32.0775 0.995492
32.0875 0.995492
32.0975 0.995492
32.1074 0.995492
32.1175 0.995499
32.1275 0.995499
32.1375 0.995499
32.1474 0.995499
32.1575 0.995507
32.1675 0.995507
32.1774 0.995507
32.1875 0.995515
32.1975 0.995515
32.2075 0.995515
32.2175 0.995515
32.2275 0.995522
32.2375 0.995522
32.2475 0.995522
32.2574 0.995522
32.2675 0.99553
32.2775 0.99553
32.2874 0.99553
32.2975 0.995537
32.3075 0.995537
32.3175 0.995537
32.3275 0.995537
32.3375 0.995545
32.3475 0.995545
32.3574 0.995545
32.3674 0.995545
32.3775 0.995553
32.3875 0.995553
32.3975 0.995553
32.4074 0.995553
32.4175 0.99556
32.4275 0.99556
32.4374 0.99556
32.4475 0.995568
32.4575 0.995568
32.4675 0.995568
32.4774 0.995568
32.4875 0.995575
32.4975 0.995575
32.5075 0.995575
32.5174 0.995575
32.5275 0.995583
32.5375 0.995583
32.5475 0.995583
32.5574 0.995583
32.5675 0.995591
32.5775 0.995591
32.5875 0.995591
32.5974 0.995591
32.6075 0.995598
32.6175 0.995598
32.6275 0.995598
32.6375 0.995606
32.6475 0.995606
32.6575 0.995606
32.6674 0.995606
32.6775 0.995613
32.6875 0.995613
32.6975 0.995613
32.7075 0.995613
32.7175 0.995621
32.7275 0.995621
32.7374 0.995621
32.7474 0.995621
32.7575 0.995629
32.7675 0.995629
32.7775 0.995629
32.7875 0.995629
32.7975 0.995636
32.8075 0.995636
32.8174 0.995636
32.8275 0.995644
32.8375 0.995644
32.8475 0.995644
32.8574 0.995644
32.8675 0.995651
32.8775 0.995651
32.8875 0.995651
32.8974 0.995651
32.9075 0.995659
32.9175 0.995659
32.9275 0.995659
32.9374 0.995659
32.9475 0.995666
32.9575 0.995666
32.9674 0.995666
32.9774 0.995666
32.9875 0.995674
32.9975 0.995674
33.0075 0.995674
33.0175 0.995674
33.0275 0.995682
33.0375 0.995682
33.0474 0.995682
33.0574 0.995682
33.0675 0.995689
33.0775 0.995689
33.0875 0.995689
33.0975 0.995689
33.1075 0.995697
33.1175 0.995697
33.1274 0.995697
33.1375 0.995697
33.1475 0.995704
33.1575 0.995704
33.1675 0.995704
33.1775 0.995712
33.1875 0.995712
33.1975 0.995712
33.2074 0.995712
33.2175 0.99572
33.2275 0.99572
33.2375 0.99572
33.2475 0.99572
33.2575 0.995727
33.2675 0.995727
33.2775 0.995727
33.2875 0.995727
33.2975 0.995735
33.3075 0.995735
33.3175 0.995735
33.3275 0.995735
33.3375 0.995742
33.3475 0.995742
33.3575 0.995742
33.3675 0.995742
33.3775 0.99575
33.3875 0.99575
33.3975 0.99575
33.4074 0.99575
33.4175 0.995758
33.4275 0.995758
33.4375 0.995758
33.4474 0.995758
33.4575 0.995765
33.4675 0.995765
33.4774 0.995765
33.4875 0.995765
33.4975 0.995773
33.5075 0.995773
33.5175 0.995773
33.5275 0.995773
33.5375 0.99578
33.5475 0.99578
33.5575 0.99578
33.5674 0.99578
33.5775 0.995788
33.5875 0.995788
33.5975 0.995788
33.6074 0.995788
33.6175 0.995795
33.6275 0.995795
33.6375 0.995795
33.6475 0.995795
33.6575 0.995803
33.6675 0.995803
33.6775 0.995803
33.6874 0.995803
33.6975 0.995811
33.7075 0.995811
33.7175 0.995811
33.7275 0.995811
33.7375 0.995818
33.7475 0.995818
33.7575 0.995818
33.7675 0.995818
33.7775 0.995826
33.7875 0.995826
33.7975 0.995826
33.8075 0.995826
33.8174 0.995826
33.8275 0.995833
33.8375 0.995833
33.8475 0.995833
33.8574 0.995833
33.8675 0.995841
33.8775 0.995841
33.8874 0.995841
33.8974 0.995841
33.9075 0.995849
33.9175 0.995849
33.9275 0.995849
33.9375 0.995849
33.9475 0.995856
33.9575 0.995856
33.9674 0.995856
33.9774 0.995856
33.9875 0.995864
33.9975 0.995864
34.0075 0.995864
34.0175 0.995864
34.0275 0.995871
34.0375 0.995871
34.0474 0.995871
34.0575 0.995871
34.0675 0.995879
34.0775 0.995879
34.0875 0.995879
34.0974 0.995879
34.1075 0.995887
34.1175 0.995887
34.1275 0.995887
34.1374 0.995887
34.1475 0.995887
34.1575 0.995894
34.1675 0.995894
34.1775 0.995894
34.1874 0.995894
34.1975 0.995902
34.2075 0.995902
34.2175 0.995902
34.2274 0.995902
34.2375 0.995909
34.2475 0.995909
34.2575 0.995909
34.2674 0.995909
34.2775 0.995917
34.2875 0.995917
34.2975 0.995917
34.3074 0.995917
34.3175 0.995925
34.3275 0.995925
34.3375 0.995925
34.3475 0.995925
34.3574 0.995925
34.3675 0.995932
34.3775 0.995932
34.3875 0.995932
34.3974 0.995932
34.4075 0.99594
34.4175 0.99594
34.4275 0.99594
34.4374 0.99594
34.4475 0.995947
34.4575 0.995947
34.4675 0.995947
34.4775 0.995947
34.4875 0.995955
34.4975 0.995955
34.5075 0.995955
34.5175 0.995955
34.5275 0.995962
34.5375 0.995962
34.5475 0.995962
34.5575 0.995962
34.5675 0.995962
34.5775 0.99597
34.5875 0.99597
34.5975 0.99597
34.6075 0.99597
34.6175 0.995978
34.6275 0.995978
34.6375 0.995978
34.6474 0.995978
34.6575 0.995985
34.6675 0.995985
34.6775 0.995985
34.6874 0.995985
34.6974 0.995985
34.7075 0.995993
34.7175 0.995993
34.7275 0.995993
34.7374 0.995993
34.7475 0.996
34.7575 0.996
34.7675 0.996
34.7775 0.996
34.7875 0.996008
34.7975 0.996008
34.8075 0.996008
34.8174 0.996008
34.8275 0.996016
34.8375 0.996016
34.8475 0.996016
34.8575 0.996016
34.8675 0.996016
34.8775 0.996023
34.8875 0.996023
34.8974 0.996023
34.9074 0.996023
34.9175 0.996031
34.9275 0.996031
34.9375 0.996031
34.9475 0.996031
34.9574 0.996031
34.9675 0.996038
34.9775 0.996038
34.9875 0.996038
34.9974 0.996038
35.0075 0.996046
35.0175 0.996046
35.0275 0.996046
35.0375 0.996046
35.0475 0.996054
35.0575 0.996054
35.0675 0.996054
35.0775 0.996054
35.0874 0.996054
35.0975 0.996061
35.1075 0.996061
35.1175 0.996061
35.1275 0.996061
35.1375 0.996069
35.1475 0.996069
35.1575 0.996069
35.1674 0.996069
35.1775 0.996076
35.1875 0.996076
35.1975 0.996076
35.2075 0.996076
35.2175 0.996076
35.2275 0.996084
35.2375 0.996084
35.2475 0.996084
35.2574 0.996084
35.2675 0.996091
35.2775 0.996091
35.2875 0.996091
35.2975 0.996091
35.3074 0.996091
35.3175 0.996099
35.3275 0.996099
35.3374 0.996099
35.3475 0.996099
35.3575 0.996107
35.3675 0.996107
35.3775 0.996107
35.3875 0.996107
35.3974 0.996107
35.4075 0.996114
35.4175 0.996114
35.4274 0.996114
35.4374 0.996114
35.4475 0.996122
35.4575 0.996122
35.4675 0.996122
35.4774 0.996122
35.4874 0.996122
35.4975 0.996129
35.5075 0.996129
35.5175 0.996129
35.5275 0.996129
35.5375 0.996137
35.5475 0.996137
35.5575 0.996137
35.5674 0.996137
35.5774 0.996137
35.5875 0.996145
35.5975 0.996145
35.6075 0.996145
35.6174 0.996145
35.6275 0.996152
35.6375 0.996152
35.6475 0.996152
35.6575 0.996152
35.6674 0.996152
35.6775 0.99616
35.6875 0.99616
35.6975 0.99616
35.7074 0.99616
35.7175 0.996167
35.7275 0.996167
35.7375 0.996167
35.7475 0.996167
35.7575 0.996167
35.7675 0.996175
35.7775 0.996175
35.7875 0.996175
35.7975 0.996175
35.8075 0.996183
35.8175 0.996183
35.8275 0.996183
35.8375 0.996183
35.8475 0.996183
35.8575 0.99619
35.8675 0.99619
35.8775 0.99619
35.8875 0.99619
35.8974 0.99619
35.9075 0.996198
35.9175 0.996198
35.9275 0.996198
35.9374 0.996198
35.9475 0.996205
35.9575 0.996205
35.9675 0.996205
35.9775 0.996205
35.9874 0.996205
35.9975 0.996213
36.0075 0.996213
36.0175 0.996213
36.0274 0.996213
36.0375 0.99622
36.0475 0.99622
36.0575 0.99622
36.0675 0.99622
36.0774 0.99622
36.0875 0.996228
36.0975 0.996228
36.1075 0.996228
36.1175 0.996228
36.1275 0.996228
36.1375 0.996236
36.1475 0.996236
36.1575 0.996236
36.1675 0.996236
36.1775 0.996243
36.1875 0.996243
36.1975 0.996243
36.2075 0.996243
36.2174 0.996243
36.2275 0.996251
36.2375 0.996251
36.2475 0.996251
36.2575 0.996251
36.2674 0.996251
36.2775 0.996258
36.2875 0.996258
36.2975 0.996258
36.3074 0.996258
36.3175 0.996266
36.3275 0.996266
36.3375 0.996266
36.3474 0.996266
36.3575 0.996266
36.3675 0.996274
36.3775 0.996274
36.3875 0.996274
36.3975 0.996274
36.4074 0.996274
36.4175 0.996281
36.4275 0.996281
36.4375 0.996281
36.4475 0.996281
36.4574 0.996281
36.4675 0.996289
36.4775 0.996289
36.4875 0.996289
36.4975 0.996289
36.5075 0.996296
36.5175 0.996296
36.5275 0.996296
36.5374 0.996296
36.5475 0.996296
36.5575 0.996304
36.5675 0.996304
36.5775 0.996304
36.5875 0.996304
36.5974 0.996304
36.6075 0.996312
36.6175 0.996312
36.6275 0.996312
36.6375 0.996312
36.6474 0.996312
36.6575 0.996319
36.6675 0.996319
36.6775 0.996319
36.6875 0.996319
36.6975 0.996319
36.7075 0.996327
36.7175 0.996327
36.7275 0.996327
36.7375 0.996327
36.7475 0.996334
36.7575 0.996334
36.7675 0.996334
36.7775 0.996334
36.7874 0.996334
36.7975 0.996342
36.8075 0.996342
36.8175 0.996342
36.8274 0.996342
36.8374 0.996342
36.8475 0.99635
36.8575 0.99635
36.8675 0.99635
36.8774 0.99635
36.8874 0.99635
36.8975 0.996357
36.9075 0.996357
36.9174 0.996357
36.9275 0.996357
36.9374 0.996357
36.9475 0.996365
36.9575 0.996365
36.9675 0.996365
36.9774 0.996365
36.9874 0.996365
36.9975 0.996372
37.0075 0.996372
37.0175 0.996372
37.0275 0.996372
37.0375 0.99638
37.0475 0.99638
37.0575 0.99638
37.0675 0.99638
37.0775 0.99638
37.0875 0.996387
37.0975 0.996387
37.1075 0.996387
37.1174 0.996387
37.1274 0.996387
37.1375 0.996395
37.1475 0.996395
37.1575 0.996395
37.1675 0.996395
37.1774 0.996395
37.1875 0.996403
37.1975 0.996403
37.2075 0.996403
37.2175 0.996403
37.2274 0.996403
37.2375 0.99641
37.2475 0.99641
37.2575 0.99641
37.2675 0.99641
37.2774 0.99641
37.2875 0.996418
37.2975 0.996418
37.3075 0.996418
37.3175 0.996418
37.3274 0.996418
37.3375 0.996425
37.3475 0.996425
37.3575 0.996425
37.3674 0.996425
37.3774 0.996425
37.3875 0.996433
37.3975 0.996433
37.4075 0.996433
37.4175 0.996433
37.4274 0.996433
37.4375 0.996441
37.4475 0.996441
37.4575 0.996441
37.4675 0.996441
37.4775 0.996441
37.4875 0.996448
37.4975 0.996448
37.5075 0.996448
37.5174 0.996448
37.5275 0.996448
37.5375 0.996456
37.5475 0.996456
37.5575 0.996456
37.5675 0.996456
37.5774 0.996456
37.5875 0.996463
37.5975 0.996463
37.6075 0.996463
37.6174 0.996463
37.6274 0.996463
37.6375 0.996471
37.6475 0.996471
37.6575 0.996471
37.6675 0.996471
37.6774 0.996471
37.6875 0.996479
37.6975 0.996479
37.7075 0.996479
37.7175 0.996479
37.7274 0.996479
37.7375 0.996486
37.7475 0.996486
37.7575 0.996486
37.7675 0.996486
37.7774 0.996486
37.7875 0.996494
37.7975 0.996494
37.8075 0.996494
37.8175 0.996494
37.8275 0.996494
37.8375 0.996501
37.8475 0.996501
37.8575 0.996501
37.8675 0.996501
37.8774 0.996501
37.8875 0.996501
37.8975 0.996509
37.9075 0.996509
37.9175 0.996509
37.9274 0.996509
37.9374 0.996509
37.9475 0.996516
37.9575 0.996516
37.9675 0.996516
37.9774 0.996516
37.9874 0.996516
37.9975 0.996524
38.0075 0.996524
38.0175 0.996524
38.0275 0.996524
38.0374 0.996524
38.0475 0.996532
38.0575 0.996532
38.0675 0.996532
38.0775 0.996532
38.0875 0.996532
38.0975 0.996539
38.1075 0.996539
38.1175 0.996539
38.1275 0.996539
38.1375 0.996539
38.1475 0.996547
38.1575 0.996547
38.1675 0.996547
38.1775 0.996547
38.1874 0.996547
38.1974 0.996547
38.2075 0.996554
38.2175 0.996554
38.2275 0.996554
38.2375 0.996554
38.2474 0.996554
38.2575 0.996562
38.2675 0.996562
38.2775 0.996562
38.2875 0.996562
38.2974 0.996562
38.3075 0.99657
38.3175 0.99657
38.3275 0.99657
38.3375 0.99657
38.3474 0.99657
38.3575 0.996577
38.3675 0.996577
38.3775 0.996577
38.3874 0.996577
38.3974 0.996577
38.4074 0.996577
38.4175 0.996585
38.4275 0.996585
38.4375 0.996585
38.4474 0.996585
38.4575 0.996585
38.4675 0.996592
38.4775 0.996592
38.4875 0.996592
38.4974 0.996592
38.5075 0.996592
38.5175 0.9966
38.5275 0.9966
38.5375 0.9966
38.5475 0.9966
38.5574 0.9966
38.5675 0.996608
38.5775 0.996608
38.5875 0.996608
38.5974 0.996608
38.6075 0.996608
38.6175 0.996608
38.6275 0.996615
38.6375 0.996615
38.6475 0.996615
38.6574 0.996615
38.6674 0.996615
38.6775 0.996623
38.6875 0.996623
38.6975 0.996623
38.7074 0.996623
38.7174 0.996623
38.7275 0.99663
38.7375 0.99663
38.7475 0.99663
38.7575 0.99663
38.7674 0.99663
38.7774 0.99663
38.7875 0.996638
38.7975 0.996638
38.8075 0.996638
38.8175 0.996638
38.8274 0.996638
38.8375 0.996645
38.8475 0.996645
38.8575 0.996645
38.8675 0.996645
38.8774 0.996645
38.8875 0.996653
38.8975 0.996653
38.9075 0.996653
38.9175 0.996653
38.9274 0.996653
38.9374 0.996653
38.9475 0.996661
38.9575 0.996661
38.9675 0.996661
38.9775 0.996661
38.9874 0.996661
38.9975 0.996668
39.0075 0.996668
39.0175 0.996668
39.0275 0.996668
39.0375 0.996668
39.0474 0.996668
39.0575 0.996676
39.0675 0.996676
39.0775 0.996676
39.0874 0.996676
39.0974 0.996676
39.1075 0.996683
39.1175 0.996683
39.1275 0.996683
39.1375 0.996683
39.1474 0.996683
39.1574 0.996683
39.1675 0.996691
39.1775 0.996691
39.1875 0.996691
39.1975 0.996691
39.2074 0.996691
39.2175 0.996699
39.2275 0.996699
39.2375 0.996699
39.2475 0.996699
39.2575 0.996699
39.2674 0.996699
39.2775 0.996706
39.2875 0.996706
39.2975 0.996706
39.3075 0.996706
39.3175 0.996706
39.3275 0.996714
39.3375 0.996714
39.3475 0.996714
39.3575 0.996714
39.3675 0.996714
39.3775 0.996714
39.3875 0.996721
39.3975 0.996721
39.4075 0.996721
39.4174 0.996721
39.4275 0.996721
39.4375 0.996729
39.4475 0.996729
39.4575 0.996729
39.4675 0.996729
39.4774 0.996729
39.4875 0.996729
39.4975 0.996737
39.5075 0.996737
39.5175 0.996737
39.5275 0.996737
39.5374 0.996737
39.5475 0.996744
39.5575 0.996744
39.5675 0.996744
39.5775 0.996744
39.5875 0.996744
39.5974 0.996744
39.6075 0.996752
39.6175 0.996752
39.6275 0.996752
39.6375 0.996752
39.6475 0.996752
39.6575 0.996759
39.6675 0.996759
39.6775 0.996759
39.6875 0.996759
39.6975 0.996759
39.7074 0.996759
39.7175 0.996767
39.7275 0.996767
39.7375 0.996767
39.7474 0.996767
39.7574 0.996767
39.7675 0.996767
39.7775 0.996775
39.7875 0.996775
39.7975 0.996775
39.8075 0.996775
39.8174 0.996775
39.8275 0.996782
39.8375 0.996782
39.8475 0.996782
39.8575 0.996782
39.8675 0.996782
39.8774 0.996782
39.8875 0.99679
39.8975 0.99679
39.9075 0.99679
39.9174 0.99679
39.9275 0.99679
39.9375 0.99679
39.9475 0.996797
39.9575 0.996797
39.9675 0.996797
39.9774 0.996797
39.9874 0.996797
39.9975 0.996805
40.0075 0.996805
40.0175 0.996805
40.0275 0.996805
40.0374 0.996805
40.0474 0.996805
40.0575 0.996812
40.0675 0.996812
40.0775 0.996812
40.0875 0.996812
40.0974 0.996812
40.1074 0.996812
40.1175 0.99682
40.1275 0.99682
40.1375 0.99682
40.1475 0.99682
40.1574 0.99682
40.1674 0.99682
40.1775 0.996828
40.1875 0.996828
40.1975 0.996828
40.2075 0.996828
40.2174 0.996828
40.2275 0.996835
40.2375 0.996835
40.2475 0.996835
40.2575 0.996835
40.2675 0.996835
40.2775 0.996835
40.2875 0.996843
40.2975 0.996843
40.3075 0.996843
40.3175 0.996843
40.3275 0.996843
40.3374 0.996843
40.3475 0.99685
40.3575 0.99685
40.3675 0.99685
40.3775 0.99685
40.3874 0.99685
40.3974 0.99685
40.4075 0.996858
40.4175 0.996858
40.4275 0.996858
40.4374 0.996858
40.4475 0.996858
40.4574 0.996858
40.4675 0.996866
40.4775 0.996866
40.4875 0.996866
40.4975 0.996866
40.5075 0.996866
40.5175 0.996873
40.5275 0.996873
40.5375 0.996873
40.5475 0.996873
40.5575 0.996873
40.5674 0.996873
40.5775 0.996881
40.5875 0.996881
40.5975 0.996881
40.6075 0.996881
40.6175 0.996881
40.6275 0.996881
40.6375 0.996888
40.6475 0.996888
40.6575 0.996888
40.6675 0.996888
40.6774 0.996888
40.6874 0.996888
40.6975 0.996896
40.7075 0.996896
40.7175 0.996896
40.7275 0.996896
40.7375 0.996896
40.7474 0.996896
40.7575 0.996904
40.7675 0.996904
40.7775 0.996904
40.7875 0.996904
40.7974 0.996904
40.8075 0.996904
40.8175 0.996911
40.8275 0.996911
40.8375 0.996911
40.8475 0.996911
40.8575 0.996911
40.8674 0.996911
40.8775 0.996919
40.8875 0.996919
40.8975 0.996919
40.9075 0.996919
40.9175 0.996919
40.9274 0.996919
40.9375 0.996926
40.9475 0.996926
40.9575 0.996926
40.9675 0.996926
40.9774 0.996926
40.9874 0.996926
40.9975 0.996934
41.0075 0.996934
41.0175 0.996934
41.0275 0.996934
41.0375 0.996934
41.0474 0.996934
41.0575 0.996941
41.0675 0.996941
41.0775 0.996941
41.0875 0.996941
41.0975 0.996941
41.1074 0.996941
41.1175 0.996949
41.1275 0.996949
41.1375 0.996949
41.1474 0.996949
41.1575 0.996949
41.1674 0.996949
41.1775 0.996957
41.1875 0.996957
41.1975 0.996957
41.2075 0.996957
41.2175 0.996957
41.2274 0.996957
41.2375 0.996964
41.2475 0.996964
41.2575 0.996964
41.2675 0.996964
41.2775 0.996964
41.2874 0.996964
41.2975 0.996972
41.3075 0.996972
41.3175 0.996972
41.3275 0.996972
41.3375 0.996972
41.3475 0.996972
41.3575 0.996979
41.3675 0.996979
41.3775 0.996979
41.3875 0.996979
41.3975 0.996979
41.4074 0.996979
41.4175 0.996987
41.4275 0.996987
41.4375 0.996987
41.4475 0.996987
41.4575 0.996987
41.4674 0.996987
41.4775 0.996995
41.4875 0.996995
41.4975 0.996995
41.5075 0.996995
41.5174 0.996995
41.5275 0.996995
41.5374 0.996995
41.5475 0.997002
41.5575 0.997002
41.5675 0.997002
41.5775 0.997002
41.5874 0.997002
41.5974 0.997002
41.6075 0.99701
41.6175 0.99701
41.6275 0.99701
41.6375 0.99701
41.6475 0.99701
41.6574 0.99701
41.6675 0.997017
41.6775 0.997017
41.6875 0.997017
41.6974 0.997017
41.7074 0.997017
41.7174 0.997017
41.7275 0.997025
41.7375 0.997025
41.7475 0.997025
41.7575 0.997025
41.7675 0.997025
41.7774 0.997025
41.7875 0.997033
41.7975 0.997033
41.8075 0.997033
41.8175 0.997033
41.8275 0.997033
41.8375 0.997033
41.8474 0.997033
41.8575 0.99704
41.8675 0.99704
41.8775 0.99704
41.8874 0.99704
41.8975 0.99704
41.9074 0.99704
41.9175 0.997048
41.9275 0.997048
41.9375 0.997048
41.9475 0.997048
41.9575 0.997048
41.9674 0.997048
41.9775 0.997055
41.9875 0.997055
41.9975 0.997055
42.0075 0.997055
42.0175 0.997055
42.0275 0.997055
42.0375 0.997063
42.0475 0.997063
42.0575 0.997063
42.0675 0.997063
42.0775 0.997063
42.0875 0.997063
42.0974 0.997063
42.1075 0.99707
42.1175 0.99707
42.1275 0.99707
42.1375 0.99707
42.1474 0.99707
42.1574 0.99707
42.1675 0.997078
42.1775 0.997078
42.1875 0.997078
42.1975 0.997078
42.2075 0.997078
42.2174 0.997078
42.2275 0.997086
42.2375 0.997086
42.2475 0.997086
42.2575 0.997086
42.2675 0.997086
42.2774 0.997086
42.2874 0.997086
42.2975 0.997093
42.3075 0.997093
42.3175 0.997093
42.3274 0.997093
42.3374 0.997093
42.3474 0.997093
42.3575 0.997101
42.3675 0.997101
42.3775 0.997101
42.3875 0.997101
42.3975 0.997101
42.4075 0.997101
42.4175 0.997108
42.4275 0.997108
42.4375 0.997108
42.4475 0.997108
42.4575 0.997108
42.4675 0.997108
42.4774 0.997108
42.4875 0.997116
42.4975 0.997116
42.5075 0.997116
42.5175 0.997116
42.5275 0.997116
42.5374 0.997116
42.5475 0.997124
42.5575 0.997124
42.5675 0.997124
42.5775 0.997124
42.5875 0.997124
42.5974 0.997124
42.6074 0.997124
42.6175 0.997131
42.6275 0.997131
42.6375 0.997131
42.6475 0.997131
42.6574 0.997131
42.6674 0.997131
42.6775 0.997139
42.6875 0.997139
42.6975 0.997139
42.7075 0.997139
42.7174 0.997139
42.7274 0.997139
42.7374 0.997139
42.7475 0.997146
42.7575 0.997146
42.7675 0.997146
42.7775 0.997146
42.7875 0.997146
42.7974 0.997146
42.8075 0.997154
42.8175 0.997154
42.8275 0.997154
42.8375 0.997154
42.8474 0.997154
42.8574 0.997154
42.8674 0.997154
42.8775 0.997162
42.8875 0.997162
42.8975 0.997162
42.9075 0.997162
42.9174 0.997162
42.9275 0.997162
42.9375 0.997169
42.9475 0.997169
42.9575 0.997169
42.9675 0.997169
42.9775 0.997169
42.9875 0.997169
42.9974 0.997169
43.0075 0.997177
43.0175 0.997177
43.0275 0.997177
43.0375 0.997177
43.0475 0.997177
43.0574 0.997177
43.0674 0.997177
43.0775 0.997184
43.0875 0.997184
43.0975 0.997184
43.1075 0.997184
43.1175 0.997184
43.1274 0.997184
43.1375 0.997192
43.1475 0.997192
43.1575 0.997192
43.1675 0.997192
43.1775 0.997192
43.1875 0.997192
43.1974 0.997192
43.2075 0.9972
43.2175 0.9972
43.2275 0.9972
43.2375 0.9972
43.2474 0.9972
43.2575 0.9972
43.2674 0.9972
43.2775 0.997207
43.2875 0.997207
43.2975 0.997207
43.3075 0.997207
43.3174 0.997207
43.3274 0.997207
43.3375 0.997215
43.3475 0.997215
43.3575 0.997215
43.3675 0.997215
43.3775 0.997215
43.3875 0.997215
43.3975 0.997215
43.4075 0.997222
43.4175 0.997222
43.4275 0.997222
43.4375 0.997222
43.4475 0.997222
43.4575 0.997222
43.4675 0.997222
43.4775 0.99723
43.4875 0.99723
43.4975 0.99723
43.5075 0.99723
43.5175 0.99723
43.5274 0.99723
43.5375 0.997237
43.5475 0.997237
43.5575 0.997237
43.5675 0.997237
43.5775 0.997237
43.5874 0.997237
43.5974 0.997237
43.6075 0.997245
43.6175 0.997245
43.6275 0.997245
43.6375 0.997245
43.6474 0.997245
43.6574 0.997245
43.6674 0.997245
43.6775 0.997253
43.6875 0.997253
43.6975 0.997253
43.7075 0.997253
43.7175 0.997253
43.7274 0.997253
43.7374 0.997253
43.7475 0.99726
43.7575 0.99726
43.7675 0.99726
43.7775 0.99726
43.7875 0.99726
43.7974 0.99726
43.8074 0.99726
43.8175 0.997268
43.8275 0.997268
43.8375 0.997268
43.8475 0.997268
43.8575 0.997268
43.8674 0.997268
43.8775 0.997275
43.8875 0.997275
43.8975 0.997275
43.9075 0.997275
43.9175 0.997275
43.9274 0.997275
43.9374 0.997275
43.9475 0.997283
43.9575 0.997283
43.9675 0.997283
43.9775 0.997283
43.9875 0.997283
43.9975 0.997283
44.0074 0.997283
44.0175 0.997291
44.0275 0.997291
44.0375 0.997291
44.0475 0.997291
44.0575 0.997291
44.0675 0.997291
44.0774 0.997291
44.0875 0.997298
44.0975 0.997298
44.1075 0.997298
44.1175 0.997298
44.1274 0.997298
44.1374 0.997298
44.1474 0.997298
44.1575 0.997306
44.1675 0.997306
44.1775 0.997306
44.1875 0.997306
44.1975 0.997306
44.2074 0.997306
44.2174 0.997306
44.2275 0.997313
44.2375 0.997313
44.2475 0.997313
44.2575 0.997313
44.2675 0.997313
44.2774 0.997313
44.2875 0.997313
44.2975 0.997321
44.3075 0.997321
44.3175 0.997321
44.3275 0.997321
44.3374 0.997321
44.3475 0.997321
44.3574 0.997321
44.3675 0.997329
44.3775 0.997329
44.3875 0.997329
44.3975 0.997329
44.4074 0.997329
44.4175 0.997329
44.4275 0.997329
44.4375 0.997336
44.4475 0.997336
44.4575 0.997336
44.4675 0.997336
44.4774 0.997336
44.4874 0.997336
44.4974 0.997336
44.5075 0.997344
44.5175 0.997344
44.5275 0.997344
44.5375 0.997344
44.5475 0.997344
44.5574 0.997344
44.5674 0.997344
44.5775 0.997351
44.5875 0.997351
44.5975 0.997351
44.6075 0.997351
44.6175 0.997351
44.6274 0.997351
44.6375 0.997351
44.6475 0.997359
44.6575 0.997359
44.6675 0.997359
44.6775 0.997359
44.6874 0.997359
44.6975 0.997359
44.7074 0.997359
44.7175 0.997366
44.7275 0.997366
44.7375 0.997366
44.7475 0.997366
44.7575 0.997366
44.7675 0.997366
44.7775 0.997366
44.7874 0.997366
44.7975 0.997374
44.8075 0.997374
44.8175 0.997374
44.8275 0.997374
44.8374 0.997374
44.8474 0.997374
44.8574 0.997374
44.8675 0.997382
44.8775 0.997382
44.8875 0.997382
44.8975 0.997382
44.9075 0.997382
44.9174 0.997382
44.9274 0.997382
44.9375 0.997389
44.9475 0.997389
44.9575 0.997389
44.9675 0.997389
44.9775 0.997389
44.9874 0.997389
44.9974 0.997389
45.0075 0.997397
45.0175 0.997397
45.0275 0.997397
45.0375 0.997397
45.0475 0.997397
45.0574 0.997397
45.0675 0.997397
45.0775 0.997404
45.0875 0.997404
45.0975 0.997404
45.1075 0.997404
45.1175 0.997404
45.1274 0.997404
45.1374 0.997404
45.1474 0.997404
45.1575 0.997412
45.1675 0.997412
45.1775 0.997412
45.1875 0.997412
45.1975 0.997412
45.2075 0.997412
45.2175 0.997412
45.2275 0.99742
45.2375 0.99742
45.2475 0.99742
45.2575 0.99742
45.2675 0.99742
45.2775 0.99742
45.2874 0.99742
45.2975 0.997427
45.3075 0.997427
45.3175 0.997427
45.3275 0.997427
45.3375 0.997427
45.3474 0.997427
45.3574 0.997427
45.3674 0.997427
45.3775 0.997435
45.3875 0.997435
45.3975 0.997435
45.4075 0.997435
45.4175 0.997435
45.4274 0.997435
45.4374 0.997435
45.4475 0.997442
45.4575 0.997442
45.4675 0.997442
45.4775 0.997442
45.4875 0.997442
45.4975 0.997442
45.5075 0.997442
45.5175 0.99745
45.5275 0.99745
45.5375 0.99745
45.5475 0.99745
45.5575 0.99745
45.5675 0.99745
45.5774 0.99745
45.5874 0.99745
45.5975 0.997458
45.6075 0.997458
45.6175 0.997458
45.6275 0.997458
45.6375 0.997458
45.6475 0.997458
45.6574 0.997458
45.6675 0.997465
45.6775 0.997465
45.6875 0.997465
45.6975 0.997465
45.7075 0.997465
45.7174 0.997465
45.7274 0.997465
45.7374 0.997465
45.7475 0.997473
45.7575 0.997473
45.7675 0.997473
45.7775 0.997473
45.7875 0.997473
45.7974 0.997473
45.8074 0.997473
45.8175 0.99748
45.8275 0.99748
45.8375 0.99748
45.8475 0.99748
45.8575 0.99748
45.8675 0.99748
45.8775 0.99748
45.8875 0.997488
45.8975 0.997488
45.9075 0.997488
45.9175 0.997488
45.9275 0.997488
45.9375 0.997488
45.9475 0.997488
45.9574 0.997488
45.9675 0.997496
45.9775 0.997496
45.9875 0.997496
45.9975 0.997496
46.0075 0.997496
46.0174 0.997496
46.0274 0.997496
46.0374 0.997496
46.0475 0.997503
46.0575 0.997503
46.0675 0.997503
46.0775 0.997503
46.0874 0.997503
46.0975 0.997503
46.1074 0.997503
46.1175 0.997511
46.1275 0.997511
46.1375 0.997511
46.1475 0.997511
46.1575 0.997511
46.1674 0.997511
46.1775 0.997511
46.1874 0.997511
46.1975 0.997518
46.2075 0.997518
46.2175 0.997518
46.2275 0.997518
46.2375 0.997518
46.2475 0.997518
46.2575 0.997518
46.2675 0.997526
46.2775 0.997526
46.2875 0.997526
46.2975 0.997526
46.3075 0.997526
46.3174 0.997526
46.3274 0.997526
46.3374 0.997526
46.3475 0.997533
46.3575 0.997533
46.3675 0.997533
46.3775 0.997533
46.3875 0.997533
46.3974 0.997533
46.4074 0.997533
46.4174 0.997533
46.4275 0.997541
46.4375 0.997541
46.4475 0.997541
46.4575 0.997541
46.4675 0.997541
46.4774 0.997541
46.4875 0.997541
46.4975 0.997549
46.5075 0.997549
46.5175 0.997549
46.5275 0.997549
46.5375 0.997549
46.5475 0.997549
46.5575 0.997549
46.5674 0.997549
46.5775 0.997556
46.5875 0.997556
46.5975 0.997556
46.6075 0.997556
46.6175 0.997556
46.6275 0.997556
46.6374 0.997556
46.6474 0.997556
46.6575 0.997564
46.6675 0.997564
46.6775 0.997564
46.6875 0.997564
46.6975 0.997564
46.7075 0.997564
46.7174 0.997564
46.7274 0.997564
46.7375 0.997571
46.7475 0.997571
46.7575 0.997571
46.7675 0.997571
46.7774 0.997571
46.7875 0.997571
46.7974 0.997571
46.8075 0.997579
46.8175 0.997579
46.8275 0.997579
46.8375 0.997579
46.8475 0.997579
46.8575 0.997579
46.8674 0.997579
46.8774 0.997579
46.8875 0.997587
46.8975 0.997587
46.9075 0.997587
46.9175 0.997587
46.9275 0.997587
46.9375 0.997587
46.9474 0.997587
46.9574 0.997587
46.9675 0.997594
46.9775 0.997594
46.9875 0.997594
46.9975 0.997594
47.0075 0.997594
47.0174 0.997594
47.0274 0.997594
47.0374 0.997594
47.0475 0.997602
47.0575 0.997602
47.0675 0.997602
47.0775 0.997602
47.0875 0.997602
47.0975 0.997602
47.1074 0.997602
47.1174 0.997602
47.1275 0.997609
47.1375 0.997609
47.1475 0.997609
47.1575 0.997609
47.1675 0.997609
47.1774 0.997609
47.1875 0.997609
47.1974 0.997609
47.2075 0.997617
47.2175 0.997617
47.2275 0.997617
47.2375 0.997617
47.2475 0.997617
47.2574 0.997617
47.2674 0.997617
47.2774 0.997617
47.2875 0.997625
47.2975 0.997625
47.3075 0.997625
47.3175 0.997625
47.3275 0.997625
47.3375 0.997625
47.3474 0.997625
47.3574 0.997625
47.3675 0.997632
47.3775 0.997632
47.3875 0.997632
47.3975 0.997632
47.4075 0.997632
47.4175 0.997632
47.4275 0.997632
47.4374 0.997632
47.4475 0.99764
47.4575 0.99764
47.4675 0.99764
47.4775 0.99764
47.4875 0.99764
47.4975 0.99764
47.5074 0.99764
47.5174 0.99764
47.5275 0.997647
47.5375 0.997647
47.5475 0.997647
47.5575 0.997647
47.5675 0.997647
47.5775 0.997647
47.5875 0.997647
47.5974 0.997647
47.6075 0.997655
47.6175 0.997655
47.6275 0.997655
47.6375 0.997655
47.6475 0.997655
47.6575 0.997655
47.6675 0.997655
47.6774 0.997655
47.6875 0.997662
47.6975 0.997662
47.7075 0.997662
47.7175 0.997662
47.7275 0.997662
47.7374 0.997662
47.7474 0.997662
47.7574 0.997662
47.7675 0.99767
47.7775 0.99767
47.7875 0.99767
47.7975 0.99767
47.8075 0.99767
47.8175 0.99767
47.8274 0.99767
47.8374 0.99767
47.8475 0.997678
47.8575 0.997678
47.8675 0.997678
47.8775 0.997678
47.8875 0.997678
47.8975 0.997678
47.9074 0.997678
47.9174 0.997678
47.9275 0.997685
47.9375 0.997685
47.9475 0.997685
47.9575 0.997685
47.9675 0.997685
47.9775 0.997685
47.9874 0.997685
47.9974 0.997685
48.0075 0.997693
48.0175 0.997693
48.0275 0.997693
48.0375 0.997693
48.0475 0.997693
48.0574 0.997693
48.0674 0.997693
48.0774 0.997693
48.0874 0.997693
48.0975 0.9977
48.1075 0.9977
48.1175 0.9977
48.1275 0.9977
48.1375 0.9977
48.1475 0.9977
48.1574 0.9977
48.1674 0.9977
48.1775 0.997708
48.1875 0.997708
48.1975 0.997708
48.2075 0.997708
48.2175 0.997708
48.2274 0.997708
48.2375 0.997708
48.2474 0.997708
48.2575 0.997716
48.2675 0.997716
48.2775 0.997716
48.2875 0.997716
48.2975 0.997716
48.3074 0.997716
48.3175 0.997716
48.3274 0.997716
48.3374 0.997716
48.3475 0.997723
48.3575 0.997723
48.3675 0.997723
48.3775 0.997723
48.3875 0.997723
48.3975 0.997723
48.4075 0.997723
48.4174 0.997723
48.4275 0.997731
48.4375 0.997731
48.4475 0.997731
48.4575 0.997731
48.4675 0.997731
48.4775 0.997731
48.4875 0.997731
48.4974 0.997731
48.5075 0.997738
48.5175 0.997738
48.5275 0.997738
48.5375 0.997738
48.5475 0.997738
48.5575 0.997738
48.5674 0.997738
48.5775 0.997738
48.5874 0.997738
48.5975 0.997746
48.6075 0.997746
48.6175 0.997746
48.6275 0.997746
48.6374 0.997746
48.6475 0.997746
48.6574 0.997746
48.6674 0.997746
48.6775 0.997754
48.6875 0.997754
48.6975 0.997754
48.7075 0.997754
48.7175 0.997754
48.7275 0.997754
48.7375 0.997754
48.7474 0.997754
48.7574 0.997754
48.7675 0.997761
48.7775 0.997761
48.7875 0.997761
48.7975 0.997761
48.8075 0.997761
48.8175 0.997761
48.8275 0.997761
48.8374 0.997761
48.8475 0.997769
48.8575 0.997769
48.8675 0.997769
48.8775 0.997769
48.8875 0.997769
48.8975 0.997769
48.9075 0.997769
48.9174 0.997769
48.9274 0.997769
48.9375 0.997776
48.9475 0.997776
48.9575 0.997776
48.9675 0.997776
48.9775 0.997776
48.9875 0.997776
48.9974 0.997776
49.0074 0.997776
49.0175 0.997784
49.0275 0.997784
49.0375 0.997784
49.0475 0.997784
49.0575 0.997784
49.0674 0.997784
49.0775 0.997784
49.0874 0.997784
49.0974 0.997784
49.1075 0.997791
49.1175 0.997791
49.1275 0.997791
49.1375 0.997791
49.1475 0.997791
49.1574 0.997791
49.1674 0.997791
49.1774 0.997791
49.1875 0.997799
49.1975 0.997799
49.2075 0.997799
49.2175 0.997799
49.2275 0.997799
49.2375 0.997799
49.2475 0.997799
49.2575 0.997799
49.2674 0.997799
49.2775 0.997807
49.2875 0.997807
49.2975 0.997807
49.3075 0.997807
49.3175 0.997807
49.3275 0.997807
49.3374 0.997807
49.3474 0.997807
49.3574 0.997807
49.3675 0.997814
49.3775 0.997814
49.3875 0.997814
49.3975 0.997814
49.4075 0.997814
49.4174 0.997814
49.4275 0.997814
49.4374 0.997814
49.4475 0.997822
49.4575 0.997822
49.4675 0.997822
49.4775 0.997822
49.4875 0.997822
49.4975 0.997822
49.5075 0.997822
49.5175 0.997822
49.5274 0.997822
49.5375 0.997829
49.5475 0.997829
49.5575 0.997829
49.5675 0.997829
49.5775 0.997829
49.5875 0.997829
49.5975 0.997829
49.6075 0.997829
49.6174 0.997829
49.6275 0.997837
49.6375 0.997837
49.6475 0.997837
49.6575 0.997837
49.6675 0.997837
49.6774 0.997837
49.6875 0.997837
49.6974 0.997837
49.7074 0.997837
49.7175 0.997845
49.7275 0.997845
49.7375 0.997845
49.7475 0.997845
49.7575 0.997845
49.7674 0.997845
49.7775 0.997845
49.7874 0.997845
49.7975 0.997852
49.8075 0.997852
49.8175 0.997852
49.8275 0.997852
49.8375 0.997852
49.8475 0.997852
49.8574 0.997852
49.8674 0.997852
49.8774 0.997852
49.8875 0.99786
49.8975 0.99786
49.9075 0.99786
49.9175 0.99786
49.9275 0.99786
49.9375 0.99786
49.9475 0.99786
49.9575 0.99786
49.9674 0.99786
49.9775 0.997867
49.9875 0.997867
49.9975 0.997867
50.0075 0.997867
50.0175 0.997867
50.0275 0.997867
50.0375 0.997867
50.0474 0.997867
50.0574 0.997867
50.0675 0.997875
50.0775 0.997875
50.0875 0.997875
50.0975 0.997875
50.1075 0.997875
50.1175 0.997875
50.1275 0.997875
50.1374 0.997875
50.1474 0.997875
50.1575 0.997883
50.1675 0.997883
50.1775 0.997883
50.1875 0.997883
50.1975 0.997883
50.2075 0.997883
50.2174 0.997883
50.2274 0.997883
50.2374 0.997883
50.2475 0.99789
50.2575 0.99789
50.2675 0.99789
50.2775 0.99789
50.2875 0.99789
50.2974 0.99789
50.3074 0.99789
50.3174 0.99789
50.3274 0.99789
50.3375 0.997898
50.3475 0.997898
50.3575 0.997898
50.3675 0.997898
50.3775 0.997898
50.3875 0.997898
50.3974 0.997898
50.4074 0.997898
50.4174 0.997898
50.4275 0.997905
50.4375 0.997905
50.4475 0.997905
50.4575 0.997905
50.4675 0.997905
50.4775 0.997905
50.4874 0.997905
50.4974 0.997905
50.5074 0.997905
50.5175 0.997913
50.5275 0.997913
50.5375 0.997913
50.5475 0.997913
50.5575 0.997913
50.5675 0.997913
50.5775 0.997913
50.5874 0.997913
50.5974 0.997913
50.6075 0.997921
50.6175 0.997921
50.6275 0.997921
50.6375 0.997921
50.6475 0.997921
50.6575 0.997921
50.6674 0.997921
50.6774 0.997921
50.6874 0.997921
50.6975 0.997928
50.7075 0.997928
50.7175 0.997928
50.7275 0.997928
50.7375 0.997928
50.7475 0.997928
50.7575 0.997928
50.7674 0.997928
50.7774 0.997928
50.7874 0.997928
50.7975 0.997936
50.8075 0.997936
50.8175 0.997936
50.8275 0.997936
50.8375 0.997936
50.8475 0.997936
50.8574 0.997936
50.8674 0.997936
50.8774 0.997936
50.8875 0.997943
50.8975 0.997943
50.9075 0.997943
50.9175 0.997943
50.9275 0.997943
50.9375 0.997943
50.9475 0.997943
50.9574 0.997943
50.9674 0.997943
50.9775 0.997951
50.9875 0.997951
50.9975 0.997951
51.0075 0.997951
51.0175 0.997951
51.0275 0.997951
51.0375 0.997951
51.0475 0.997951
51.0574 0.997951
51.0675 0.997958
51.0775 0.997958
51.0875 0.997958
51.0975 0.997958
51.1075 0.997958
51.1175 0.997958
51.1274 0.997958
51.1375 0.997958
51.1474 0.997958
51.1574 0.997958
51.1675 0.997966
51.1775 0.997966
51.1875 0.997966
51.1975 0.997966
51.2075 0.997966
51.2175 0.997966
51.2274 0.997966
51.2374 0.997966
51.2474 0.997966
51.2575 0.997974
51.2675 0.997974
51.2775 0.997974
51.2875 0.997974
51.2975 0.997974
51.3075 0.997974
51.3174 0.997974
51.3274 0.997974
51.3374 0.997974
51.3475 0.997981
51.3575 0.997981
51.3675 0.997981
51.3775 0.997981
51.3875 0.997981
51.3975 0.997981
51.4075 0.997981
51.4175 0.997981
51.4274 0.997981
51.4374 0.997981
51.4475 0.997989
51.4575 0.997989
51.4675 0.997989
51.4775 0.997989
51.4875 0.997989
51.4975 0.997989
51.5074 0.997989
51.5174 0.997989
51.5274 0.997989
51.5375 0.997996
51.5475 0.997996
51.5575 0.997996
51.5675 0.997996
51.5775 0.997996
51.5875 0.997996
51.5975 0.997996
51.6074 0.997996
51.6174 0.997996
51.6274 0.997996
51.6375 0.998004
51.6475 0.998004
51.6575 0.998004
51.6675 0.998004
51.6775 0.998004
51.6875 0.998004
51.6974 0.998004
51.7074 0.998004
51.7174 0.998004
51.7275 0.998012
51.7375 0.998012
51.7475 0.998012
51.7575 0.998012
51.7675 0.998012
51.7775 0.998012
51.7874 0.998012
51.7974 0.998012
51.8074 0.998012
51.8174 0.998012
51.8275 0.998019
51.8375 0.998019
51.8475 0.998019
51.8575 0.998019
51.8675 0.998019
51.8775 0.998019
51.8875 0.998019
51.8974 0.998019
51.9074 0.998019
51.9175 0.998027
51.9275 0.998027
51.9375 0.998027
51.9475 0.998027
51.9575 0.998027
51.9675 0.998027
51.9775 0.998027
51.9875 0.998027
51.9974 0.998027
52.0074 0.998027
52.0175 0.998034
52.0275 0.998034
52.0375 0.998034
52.0475 0.998034
52.0575 0.998034
52.0674 0.998034
52.0775 0.998034
52.0875 0.998034
52.0974 0.998034
52.1074 0.998034
52.1175 0.998042
52.1275 0.998042
52.1375 0.998042
52.1475 0.998042
52.1575 0.998042
52.1675 0.998042
52.1775 0.998042
52.1874 0.998042
52.1974 0.998042
52.2075 0.99805
52.2175 0.99805
52.2275 0.99805
52.2375 0.99805
52.2475 0.99805
52.2574 0.99805
52.2675 0.99805
52.2775 0.99805
52.2874 0.99805
52.2974 0.99805
52.3075 0.998057
52.3175 0.998057
52.3275 0.998057
52.3375 0.998057
52.3475 0.998057
52.3575 0.998057
52.3675 0.998057
52.3774 0.998057
52.3874 0.998057
52.3974 0.998057
52.4075 0.998065
52.4175 0.998065
52.4275 0.998065
52.4375 0.998065
52.4475 0.998065
52.4575 0.998065
52.4674 0.998065
52.4775 0.998065
52.4874 0.998065
52.4974 0.998065
52.5075 0.998072
52.5175 0.998072
52.5275 0.998072
52.5375 0.998072
52.5475 0.998072
52.5575 0.998072
52.5674 0.998072
52.5774 0.998072
52.5874 0.998072
52.5975 0.99808
52.6075 0.99808
52.6175 0.99808
52.6275 0.99808
52.6375 0.99808
52.6475 0.99808
52.6575 0.99808
52.6674 0.99808
52.6774 0.99808
52.6874 0.99808
52.6975 0.998087
52.7075 0.998087
52.7175 0.998087
52.7275 0.998087
52.7375 0.998087
52.7475 0.998087
52.7574 0.998087
52.7675 0.998087
52.7774 0.998087
52.7874 0.998087
52.7975 0.998095
52.8075 0.998095
52.8175 0.998095
52.8275 0.998095
52.8375 0.998095
52.8475 0.998095
52.8575 0.998095
52.8675 0.998095
52.8774 0.998095
52.8874 0.998095
52.8975 0.998103
52.9075 0.998103
52.9175 0.998103
52.9275 0.998103
52.9375 0.998103
52.9475 0.998103
52.9575 0.998103
52.9674 0.998103
52.9774 0.998103
52.9874 0.998103
52.9975 0.99811
53.0075 0.99811
53.0175 0.99811
53.0275 0.99811
53.0375 0.99811
53.0475 0.99811
53.0575 0.99811
53.0675 0.99811
53.0774 0.99811
53.0874 0.99811
53.0975 0.998118
53.1075 0.998118
53.1175 0.998118
53.1275 0.998118
53.1375 0.998118
53.1475 0.998118
53.1575 0.998118
53.1675 0.998118
53.1774 0.998118
53.1874 0.998118
53.1975 0.998125
53.2075 0.998125
53.2175 0.998125
53.2275 0.998125
53.2375 0.998125
53.2475 0.998125
53.2574 0.998125
53.2674 0.998125
53.2774 0.998125
53.2874 0.998125
53.2975 0.998133
53.3075 0.998133
53.3175 0.998133
53.3275 0.998133
53.3375 0.998133
53.3475 0.998133
53.3575 0.998133
53.3674 0.998133
53.3774 0.998133
53.3874 0.998133
53.3975 0.998141
53.4075 0.998141
53.4175 0.998141
53.4275 0.998141
53.4375 0.998141
53.4475 0.998141
53.4575 0.998141
53.4675 0.998141
53.4774 0.998141
53.4874 0.998141
53.4974 0.998141
53.5075 0.998148
53.5175 0.998148
53.5275 0.998148
53.5375 0.998148
53.5475 0.998148
53.5575 0.998148
53.5675 0.998148
53.5774 0.998148
53.5874 0.998148
53.5974 0.998148
53.6075 0.998156
53.6175 0.998156
53.6275 0.998156
53.6375 0.998156
53.6475 0.998156
53.6575 0.998156
53.6675 0.998156
53.6775 0.998156
53.6874 0.998156
53.6974 0.998156
53.7075 0.998163
53.7175 0.998163
53.7275 0.998163
53.7375 0.998163
53.7475 0.998163
53.7575 0.998163
53.7675 0.998163
53.7774 0.998163
53.7874 0.998163
53.7974 0.998163
53.8075 0.998171
53.8175 0.998171
53.8275 0.998171
53.8375 0.998171
53.8475 0.998171
53.8575 0.998171
53.8676 0.998171
53.8773 0.998171
53.8874 0.998171
53.8974 0.998171
53.9075 0.998171
53.9176 0.998179
53.9277 0.998179
53.9374 0.998179
53.9474 0.998179
53.9575 0.998179
53.9675 0.998179
53.9776 0.998179
53.9876 0.998179
53.9973 0.998179
54.0073 0.998179
54.0175 0.998186
54.0275 0.998186
54.0375 0.998186
54.0476 0.998186
54.0576 0.998186
54.0673 0.998186
54.0773 0.998186
54.0874 0.998186
54.0974 0.998186
54.1074 0.998186
54.1175 0.998186
54.1276 0.998194
54.1376 0.998194
54.1476 0.998194
54.1573 0.998194
54.1673 0.998194
54.1774 0.998194
54.1874 0.998194
54.1974 0.998194
54.2074 0.998194
54.2175 0.998194
54.2276 0.998201
54.2376 0.998201
54.2476 0.998201
54.2576 0.998201
54.2673 0.998201
54.2773 0.998201
54.2873 0.998201
54.2973 0.998201
54.3074 0.998201
54.3174 0.998201
54.3275 0.998209
54.3375 0.998209
54.3475 0.998209
54.3575 0.998209
54.3675 0.998209
54.3775 0.998209
54.3875 0.998209
54.3975 0.998209
54.4075 0.998209
54.4176 0.998209
54.4276 0.998209
54.4377 0.998216
54.4477 0.998216
54.4577 0.998216
54.4677 0.998216
54.4777 0.998216
54.4873 0.998216
54.4973 0.998216
54.5073 0.998216
54.5173 0.998216
54.5273 0.998216
54.5373 0.998216
54.5474 0.998224
54.5574 0.998224
54.5673 0.998224
54.5773 0.998224
54.5873 0.998224
54.5973 0.998224
54.6073 0.998224
54.6173 0.998224
54.6273 0.998224
54.6376 0.998224
54.6477 0.998232
54.6577 0.998232
54.6676 0.998232
54.6776 0.998232
54.6876 0.998232
54.6976 0.998232
54.7076 0.998232
54.7175 0.998232
54.7275 0.998232
54.7375 0.998232
54.7475 0.998232
54.7575 0.998239
54.7675 0.998239
54.7775 0.998239
54.7874 0.998239
54.7974 0.998239
54.8074 0.998239
54.8174 0.998239
54.8273 0.998239
54.8373 0.998239
54.8476 0.998239
54.8576 0.998239
54.8676 0.998247
54.8776 0.998247
54.8876 0.998247
54.8975 0.998247
54.9075 0.998247
54.9174 0.998247
54.9274 0.998247
54.9373 0.998247
54.9473 0.998247
54.9573 0.998247
54.9677 0.998254
54.9776 0.998254
54.9876 0.998254
54.9975 0.998254
55.0075 0.998254
55.0174 0.998254
55.0274 0.998254
55.0373 0.998254
55.0476 0.998254
55.0576 0.998254
55.0675 0.998254
55.0776 0.998262
55.0875 0.998262
55.0974 0.998262
55.1074 0.998262
55.1173 0.998262
55.1276 0.998262
55.1376 0.998262
55.1475 0.998262
55.1574 0.998262
55.1674 0.998262
55.1773 0.998262
55.1877 0.99827
55.1976 0.99827
55.2076 0.99827
55.2175 0.99827
55.2274 0.99827
55.2373 0.99827
55.2476 0.99827
55.2576 0.99827
55.2675 0.99827
55.2774 0.99827
55.2873 0.99827
55.2974 0.998277
55.3076 0.998277
55.3176 0.998277
55.3275 0.998277
55.3374 0.998277
55.3473 0.998277
55.3576 0.998277
55.3675 0.998277
55.3774 0.998277
55.3873 0.998277
55.3973 0.998277
55.4076 0.998285
55.4175 0.998285
55.4275 0.998285
55.4374 0.998285
55.4476 0.998285
55.4575 0.998285
55.4674 0.998285
55.4774 0.998285
55.4876 0.998285
55.4975 0.998285
55.5074 0.998285
55.5174 0.998292
55.5273 0.998292
55.5376 0.998292
55.5475 0.998292
55.5574 0.998292
55.5673 0.998292
55.5775 0.998292
55.5874 0.998292
55.5973 0.998292
55.6076 0.998292
55.6175 0.998292
55.6275 0.9983
55.6374 0.9983
55.6476 0.9983
55.6575 0.9983
55.6674 0.9983
55.6773 0.9983
55.6875 0.9983
55.6974 0.9983
55.7073 0.9983
55.7176 0.9983
55.7274 0.9983
55.7374 0.998308
55.7477 0.998308
55.7575 0.998308
55.7674 0.998308
55.7773 0.998308
55.7875 0.998308
55.7974 0.998308
55.8073 0.998308
55.8175 0.998308
55.8274 0.998308
55.8373 0.998308
55.8476 0.998315
55.8575 0.998315
55.8674 0.998315
55.8776 0.998315
55.8875 0.998315
55.8973 0.998315
55.9076 0.998315
55.9174 0.998315
55.9273 0.998315
55.9375 0.998315
55.9474 0.998315
55.9573 0.998323
55.9676 0.998323
55.9774 0.998323
55.9876 0.998323
55.9975 0.998323
56.0074 0.998323
56.0176 0.998323
56.0274 0.998323
56.0373 0.998323
56.0475 0.998323
56.0574 0.998323
56.0677 0.99833
56.0775 0.99833
56.0874 0.99833
56.0976 0.99833
56.1074 0.99833
56.1176 0.99833
56.1275 0.99833
56.1373 0.99833
56.1475 0.99833
56.1574 0.99833
56.1676 0.99833
56.1775 0.998338
56.1874 0.998338
56.1976 0.998338
56.2074 0.998338
56.2176 0.998338
56.2275 0.998338
56.2373 0.998338
56.2475 0.998338
56.2573 0.998338
56.2675 0.998338
56.2774 0.998338
56.2875 0.998338
56.2975 0.998346
56.3077 0.998346
56.3175 0.998346
56.3273 0.998346
56.3375 0.998346
56.3474 0.998346
56.3575 0.998346
56.3674 0.998346
56.3775 0.998346
56.3874 0.998346
56.3975 0.998346
56.4075 0.998353
56.4177 0.998353
56.4275 0.998353
56.4377 0.998353
56.4475 0.998353
56.4573 0.998353
56.4675 0.998353
56.4773 0.998353
56.4875 0.998353
56.4973 0.998353
56.5074 0.998353
56.5174 0.998361
56.5275 0.998361
56.5373 0.998361
56.5475 0.998361
56.5573 0.998361
56.5675 0.998361
56.5773 0.998361
56.5875 0.998361
56.5976 0.998361
56.6074 0.998361
56.6176 0.998361
56.6274 0.998361
56.6377 0.998368
56.6475 0.998368
56.6576 0.998368
56.6674 0.998368
56.6776 0.998368
56.6874 0.998368
56.6975 0.998368
56.7073 0.998368
56.7175 0.998368
56.7273 0.998368
56.7374 0.998368
56.7477 0.998376
56.7575 0.998376
56.7676 0.998376
56.7774 0.998376
56.7875 0.998376
56.7973 0.998376
56.8075 0.998376
56.8176 0.998376
56.8274 0.998376
56.8375 0.998376
56.8473 0.998376
56.8575 0.998376
56.8674 0.998383
56.8775 0.998383
56.8876 0.998383
56.8974 0.998383
56.9076 0.998383
56.9173 0.998383
56.9275 0.998383
56.9376 0.998383
56.9474 0.998383
56.9575 0.998383
56.9673 0.998383
56.9775 0.998391
56.9876 0.998391
56.9974 0.998391
57.0075 0.998391
57.0177 0.998391
57.0274 0.998391
57.0376 0.998391
57.0473 0.998391
57.0574 0.998391
57.0676 0.998391
57.0773 0.998391
57.0874 0.998391
57.0977 0.998399
57.1074 0.998399
57.1175 0.998399
57.1277 0.998399
57.1374 0.998399
57.1475 0.998399
57.1573 0.998399
57.1674 0.998399
57.1775 0.998399
57.1873 0.998399
57.1974 0.998399
57.2076 0.998406
57.2173 0.998406
57.2275 0.998406
57.2376 0.998406
57.2477 0.998406
57.2574 0.998406
57.2675 0.998406
57.2776 0.998406
57.2874 0.998406
57.2975 0.998406
57.3076 0.998406
57.3173 0.998406
57.3275 0.998414
57.3376 0.998414
57.3473 0.998414
57.3574 0.998414
57.3675 0.998414
57.3776 0.998414
57.3874 0.998414
57.3974 0.998414
57.4075 0.998414
57.4173 0.998414
57.4274 0.998414
57.4374 0.998414
57.4476 0.998421
57.4574 0.998421
57.4675 0.998421
57.4775 0.998421
57.4876 0.998421
57.4974 0.998421
57.5074 0.998421
57.5175 0.998421
57.5276 0.998421
57.5373 0.998421
57.5474 0.998421
57.5576 0.998429
57.5677 0.998429
57.5774 0.998429
57.5875 0.998429
57.5975 0.998429
57.6076 0.998429
57.6173 0.998429
57.6274 0.998429
57.6375 0.998429
57.6475 0.998429
57.6576 0.998429
57.6673 0.998429
57.6775 0.998437
57.6875 0.998437
57.6976 0.998437
57.7077 0.998437
57.7174 0.998437
57.7274 0.998437
57.7375 0.998437
57.7476 0.998437
57.7576 0.998437
57.7673 0.998437
57.7774 0.998437
57.7874 0.998437
57.7976 0.998444
57.8077 0.998444
57.8174 0.998444
57.8274 0.998444
57.8375 0.998444
57.8475 0.998444
57.8576 0.998444
57.8676 0.998444
57.8773 0.998444
57.8874 0.998444
57.8974 0.998444
57.9074 0.998444
57.9176 0.998452
57.9276 0.998452
57.9373 0.998452
57.9474 0.998452
57.9574 0.998452
57.9675 0.998452
57.9775 0.998452
57.9875 0.998452
57.9976 0.998452
58.0076 0.998452
58.0173 0.998452
58.0273 0.998452
58.0375 0.998459
58.0475 0.998459
58.0575 0.998459
58.0676 0.998459
58.0776 0.998459
58.0876 0.998459
58.0973 0.998459
58.1073 0.998459
58.1174 0.998459
58.1274 0.998459
58.1374 0.998459
58.1474 0.998459
58.1576 0.998467
58.1676 0.998467
58.1776 0.998467
58.1876 0.998467
58.1976 0.998467
58.2073 0.998467
58.2173 0.998467
58.2274 0.998467
58.2374 0.998467
58.2474 0.998467
58.2574 0.998467
58.2674 0.998467
58.2775 0.998475
58.2875 0.998475
58.2976 0.998475
58.3076 0.998475
58.3176 0.998475
58.3276 0.998475
58.3376 0.998475
58.3476 0.998475
58.3576 0.998475
58.3676 0.998475
58.3773 0.998475
58.3873 0.998475
58.3974 0.998482
58.4074 0.998482
58.4174 0.998482
58.4274 0.998482
58.4374 0.998482
58.4474 0.998482
58.4574 0.998482
58.4674 0.998482
58.4774 0.998482
58.4874 0.998482
58.4974 0.998482
58.5074 0.998482
58.5175 0.99849
58.5275 0.99849
58.5374 0.99849
58.5474 0.99849
58.5574 0.99849
58.5674 0.99849
58.5774 0.99849
58.5874 0.99849
58.5974 0.99849
58.6074 0.99849
58.6173 0.99849
58.6273 0.99849
58.6373 0.99849
58.6474 0.998497
58.6574 0.998497
58.6674 0.998497
58.6773 0.998497
58.6877 0.998497
58.6976 0.998497
58.7076 0.998497
58.7176 0.998497
58.7276 0.998497
58.7375 0.998497
58.7475 0.998497
58.7575 0.998497
58.7676 0.998505
58.7775 0.998505
58.7875 0.998505
58.7975 0.998505
58.8074 0.998505
58.8174 0.998505
58.8274 0.998505
58.8373 0.998505
58.8473 0.998505
58.8576 0.998505
58.8676 0.998505
58.8775 0.998505
58.8876 0.998512
58.8976 0.998512
58.9075 0.998512
58.9175 0.998512
58.9274 0.998512
58.9374 0.998512
58.9473 0.998512
58.9573 0.998512
58.9676 0.998512
58.9775 0.998512
58.9875 0.998512
58.9974 0.998512
59.0074 0.998512
59.0175 0.99852
59.0274 0.99852
59.0374 0.99852
59.0476 0.99852
59.0576 0.99852
59.0675 0.99852
59.0775 0.99852
59.0874 0.99852
59.0974 0.99852
59.1073 0.99852
59.1176 0.99852
59.1275 0.99852
59.1376 0.998528
59.1475 0.998528
59.1575 0.998528
59.1674 0.998528
59.1773 0.998528
59.1876 0.998528
59.1976 0.998528
59.2075 0.998528
59.2174 0.998528
59.2274 0.998528
59.2373 0.998528
59.2476 0.998528
59.2575 0.998528
59.2675 0.998535
59.2775 0.998535
59.2874 0.998535
59.2977 0.998535
59.3076 0.998535
59.3175 0.998535
59.3274 0.998535
59.3373 0.998535
59.3476 0.998535
59.3575 0.998535
59.3675 0.998535
59.3774 0.998535
59.3874 0.998543
59.3977 0.998543
59.4076 0.998543
59.4175 0.998543
59.4274 0.998543
59.4373 0.998543
59.4476 0.998543
59.4575 0.998543
59.4674 0.998543
59.4773 0.998543
59.4876 0.998543
59.4975 0.998543
59.5074 0.998543
59.5174 0.99855
59.5277 0.99855
59.5376 0.99855
59.5475 0.99855
59.5574 0.99855
59.5676 0.99855
59.5775 0.99855
59.5874 0.99855
59.5973 0.99855
59.6076 0.99855
59.6175 0.99855
59.6274 0.99855
59.6374 0.998558
59.6476 0.998558
59.6575 0.998558
59.6674 0.998558
59.6777 0.998558
59.6875 0.998558
59.6974 0.998558
59.7073 0.998558
59.7176 0.998558
59.7275 0.998558
59.7373 0.998558
59.7476 0.998558
59.7575 0.998558
59.7675 0.998566
59.7773 0.998566
59.7876 0.998566
59.7975 0.998566
59.8073 0.998566
59.8176 0.998566
59.8275 0.998566
59.8373 0.998566
59.8476 0.998566
59.8574 0.998566
59.8673 0.998566
59.8775 0.998566
59.8874 0.998566
59.8974 0.998573
59.9076 0.998573
59.9175 0.998573
59.9274 0.998573
59.9376 0.998573
59.9475 0.998573
59.9573 0.998573
59.9675 0.998573
59.9774 0.998573
59.9873 0.998573
59.9975 0.998573
60.0073 0.998573
60.0176 0.998573
60.0275 0.998581
60.0374 0.998581
60.0476 0.998581
60.0575 0.998581
60.0673 0.998581
60.0775 0.998581
60.0874 0.998581
60.0976 0.998581
60.1075 0.998581
60.1173 0.998581
60.1275 0.998581
60.1374 0.998581
60.1477 0.998588
60.1575 0.998588
60.1674 0.998588
60.1776 0.998588
60.1874 0.998588
60.1976 0.998588
60.2075 0.998588
60.2173 0.998588
60.2275 0.998588
60.2374 0.998588
60.2476 0.998588
60.2574 0.998588
60.2676 0.998588
60.2775 0.998596
60.2874 0.998596
60.2976 0.998596
60.3074 0.998596
60.3176 0.998596
60.3274 0.998596
60.3376 0.998596
60.3475 0.998596
60.3573 0.998596
60.3675 0.998596
60.3773 0.998596
60.3875 0.998596
60.3973 0.998596
60.4076 0.998604
60.4174 0.998604
60.4276 0.998604
60.4375 0.998604
60.4476 0.998604
60.4575 0.998604
60.4676 0.998604
60.4775 0.998604
60.4876 0.998604
60.4974 0.998604
60.5073 0.998604
60.5174 0.998604
60.5273 0.998604
60.5375 0.998611
60.5474 0.998611
60.5575 0.998611
60.5673 0.998611
60.5775 0.998611
60.5873 0.998611
60.5975 0.998611
60.6073 0.998611
60.6175 0.998611
60.6273 0.998611
60.6374 0.998611
60.6476 0.998611
60.6574 0.998611
60.6677 0.998619
60.6775 0.998619
60.6876 0.998619
60.6974 0.998619
60.7076 0.998619
60.7174 0.998619
60.7276 0.998619
60.7374 0.998619
60.7475 0.998619
60.7573 0.998619
60.7675 0.998619
60.7773 0.998619
60.7874 0.998619
60.7975 0.998619
60.8075 0.998626
60.8176 0.998626
60.8274 0.998626
60.8375 0.998626
60.8473 0.998626
60.8575 0.998626
60.8676 0.998626
60.8774 0.998626
60.8875 0.998626
60.8973 0.998626
60.9075 0.998626
60.9173 0.998626
60.9274 0.998626
60.9376 0.998634
60.9474 0.998634
60.9576 0.998634
60.9674 0.998634
60.9775 0.998634
60.9876 0.998634
60.9974 0.998634
61.0075 0.998634
61.0173 0.998634
61.0274 0.998634
61.0375 0.998634
61.0473 0.998634
61.0574 0.998634
61.0677 0.998642
61.0775 0.998642
61.0876 0.998642
61.0974 0.998642
61.1075 0.998642
61.1176 0.998642
61.1274 0.998642
61.1375 0.998642
61.1476 0.998642
61.1574 0.998642
61.1675 0.998642
61.1776 0.998642
61.1874 0.998642
61.1976 0.998649
61.2074 0.998649
61.2175 0.998649
61.2276 0.998649
61.2373 0.998649
61.2474 0.998649
61.2575 0.998649
61.2673 0.998649
61.2774 0.998649
61.2875 0.998649
61.2973 0.998649
61.3074 0.998649
61.3175 0.998649
61.3276 0.998649
61.3375 0.998657
61.3475 0.998657
61.3576 0.998657
61.3674 0.998657
61.3775 0.998657
61.3876 0.998657
61.3973 0.998657
61.4074 0.998657
61.4175 0.998657
61.4273 0.998657
61.4374 0.998657
61.4475 0.998657
61.4575 0.998657
61.4674 0.998664
61.4775 0.998664
61.4876 0.998664
61.4977 0.998664
61.5074 0.998664
61.5175 0.998664
61.5276 0.998664
61.5373 0.998664
61.5474 0.998664
61.5575 0.998664
61.5676 0.998664
61.5773 0.998664
61.5874 0.998664
61.5974 0.998664
61.6076 0.998672
61.6174 0.998672
61.6274 0.998672
61.6375 0.998672
61.6476 0.998672
61.6573 0.998672
61.6674 0.998672
61.6775 0.998672
61.6875 0.998672
61.6976 0.998672
61.7073 0.998672
61.7174 0.998672
61.7275 0.998672
61.7376 0.998679
61.7474 0.998679
61.7574 0.998679
61.7675 0.998679
61.7776 0.998679
61.7876 0.998679
61.7973 0.998679
61.8074 0.998679
61.8175 0.998679
61.8275 0.998679
61.8376 0.998679
61.8473 0.998679
61.8573 0.998679
61.8674 0.998679
61.8776 0.998687
61.8876 0.998687
61.8977 0.998687
61.9074 0.998687
61.9174 0.998687
61.9275 0.998687
61.9375 0.998687
61.9476 0.998687
61.9573 0.998687
61.9673 0.998687
61.9774 0.998687
61.9874 0.998687
61.9975 0.998687
62.0076 0.998695
62.0177 0.998695
62.0274 0.998695
62.0374 0.998695
62.0475 0.998695
62.0575 0.998695
62.0675 0.998695
62.0776 0.998695
62.0876 0.998695
62.0973 0.998695
62.1073 0.998695
62.1174 0.998695
62.1274 0.998695
62.1374 0.998695
62.1476 0.998702
62.1576 0.998702
62.1676 0.998702
62.1773 0.998702
62.1874 0.998702
62.1974 0.998702
62.2074 0.998702
62.2174 0.998702
62.2275 0.998702
62.2375 0.998702
62.2475 0.998702
62.2575 0.998702
62.2676 0.998702
62.2772 0.998702
62.2874 0.99871
62.2974 0.99871
62.3074 0.99871
62.3174 0.99871
62.3275 0.99871
62.3375 0.99871
62.3475 0.99871
62.3575 0.99871
62.3675 0.99871
62.3775 0.99871
62.3875 0.99871
62.3976 0.99871
62.4076 0.99871
62.4176 0.99871
62.4274 0.998717
62.4374 0.998717
62.4474 0.998717
62.4574 0.998717
62.4674 0.998717
62.4774 0.998717
62.4874 0.998717
62.4974 0.998717
62.5074 0.998717
62.5174 0.998717
62.5274 0.998717
62.5374 0.998717
62.5474 0.998717
62.5574 0.998717
62.5675 0.998725
62.5775 0.998725
62.5875 0.998725
62.5975 0.998725
62.6075 0.998725
62.6175 0.998725
62.6275 0.998725
62.6375 0.998725
62.6475 0.998725
62.6575 0.998725
62.6674 0.998725
62.6774 0.998725
62.6874 0.998725
62.6974 0.998725
62.7075 0.998733
62.7175 0.998733
62.7275 0.998733
62.7375 0.998733
62.7475 0.998733
62.7574 0.998733
62.7674 0.998733
62.7774 0.998733
62.7874 0.998733
62.7974 0.998733
62.8073 0.998733
62.8173 0.998733
62.8273 0.998733
62.8373 0.998733
62.8474 0.99874
62.8577 0.99874
62.8676 0.99874
62.8776 0.99874
62.8876 0.99874
62.8976 0.99874
62.9075 0.99874
62.9175 0.99874
62.9275 0.99874
62.9374 0.99874
62.9474 0.99874
62.9574 0.99874
62.9673 0.99874
62.9773 0.99874
62.9874 0.998748
62.9977 0.998748
63.0076 0.998748
63.0176 0.998748
63.0276 0.998748
63.0375 0.998748
63.0475 0.998748
63.0574 0.998748
63.0674 0.998748
63.0774 0.998748
63.0873 0.998748
63.0973 0.998748
63.1076 0.998748
63.1175 0.998748
63.1276 0.998755
63.1375 0.998755
63.1475 0.998755
63.1574 0.998755
63.1674 0.998755
63.1773 0.998755
63.1876 0.998755
63.1976 0.998755
63.2075 0.998755
63.2175 0.998755
63.2274 0.998755
63.2373 0.998755
63.2473 0.998755
63.2576 0.998755
63.2676 0.998763
63.2776 0.998763
63.2875 0.998763
63.2974 0.998763
63.3074 0.998763
63.3173 0.998763
63.3276 0.998763
63.3375 0.998763
63.3475 0.998763
63.3574 0.998763
63.3673 0.998763
63.3776 0.998763
63.3875 0.998763
63.3975 0.998763
63.4075 0.998771
63.4174 0.998771
63.4274 0.998771
63.4376 0.998771
63.4476 0.998771
63.4575 0.998771
63.4674 0.998771
63.4773 0.998771
63.4876 0.998771
63.4975 0.998771
63.5074 0.998771
63.5174 0.998771
63.5273 0.998771
63.5375 0.998771
63.5475 0.998771
63.5575 0.998778
63.5674 0.998778
63.5777 0.998778
63.5876 0.998778
63.5975 0.998778
63.6074 0.998778
63.6173 0.998778
63.6276 0.998778
63.6375 0.998778
63.6474 0.998778
63.6573 0.998778
63.6675 0.998778
63.6775 0.998778
63.6874 0.998778
63.6974 0.998786
63.7076 0.998786
63.7175 0.998786
63.7274 0.998786
63.7374 0.998786
63.7476 0.998786
63.7575 0.998786
63.7674 0.998786
63.7773 0.998786
63.7875 0.998786
63.7974 0.998786
63.8073 0.998786
63.8176 0.998786
63.8275 0.998786
63.8374 0.998786
63.8474 0.998793
63.8576 0.998793
63.8675 0.998793
63.8774 0.998793
63.8876 0.998793
63.8975 0.998793
63.9074 0.998793
63.9176 0.998793
63.9275 0.998793
63.9374 0.998793
63.9473 0.998793
63.9575 0.998793
63.9674 0.998793
63.9773 0.998793
63.9876 0.998801
63.9975 0.998801
64.0074 0.998801
64.0176 0.998801
64.0275 0.998801
64.0374 0.998801
64.0476 0.998801
64.0575 0.998801
64.0673 0.998801
64.0775 0.998801
64.0874 0.998801
64.0973 0.998801
64.1075 0.998801
64.1174 0.998801
64.1273 0.998801
64.1376 0.998808
64.1475 0.998808
64.1577 0.998808
64.1675 0.998808
64.1774 0.998808
64.1876 0.998808
64.1975 0.998808
64.2073 0.998808
64.2175 0.998808
64.2274 0.998808
64.2376 0.998808
64.2475 0.998808
64.2573 0.998808
64.2675 0.998808
64.2775 0.998816
64.2874 0.998816
64.2976 0.998816
64.3074 0.998816
64.3176 0.998816
64.3275 0.998816
64.3373 0.998816
64.3475 0.998816
64.3574 0.998816
64.3676 0.998816
64.3774 0.998816
64.3873 0.998816
64.3975 0.998816
64.4073 0.998816
64.4175 0.998816
64.4275 0.998824
64.4377 0.998824
64.4475 0.998824
64.4574 0.998824
64.4675 0.998824
64.4774 0.998824
64.4876 0.998824
64.4974 0.998824
64.5076 0.998824
64.5174 0.998824
64.5276 0.998824
64.5374 0.998824
64.5473 0.998824
64.5575 0.998824
64.5673 0.998824
64.5776 0.998831
64.5874 0.998831
64.5976 0.998831
64.6074 0.998831
64.6176 0.998831
64.6274 0.998831
64.6376 0.998831
64.6474 0.998831
64.6576 0.998831
64.6674 0.998831
64.6776 0.998831
64.6874 0.998831
64.6976 0.998831
64.7074 0.998831
64.7173 0.998831
64.7275 0.998839
64.7374 0.998839
64.7475 0.998839
64.7573 0.998839
64.7675 0.998839
64.7776 0.998839
64.7875 0.998839
64.7976 0.998839
64.8074 0.998839
64.8176 0.998839
64.8274 0.998839
64.8376 0.998839
64.8474 0.998839
64.8575 0.998839
64.8674 0.998839
64.8776 0.998846
64.8874 0.998846
64.8976 0.998846
64.9074 0.998846
64.9175 0.998846
64.9274 0.998846
64.9375 0.998846
64.9473 0.998846
64.9575 0.998846
64.9676 0.998846
64.9774 0.998846
64.9875 0.998846
64.9973 0.998846
65.0075 0.998846
65.0173 0.998846
65.0275 0.998854
65.0377 0.998854
65.0475 0.998854
65.0576 0.998854
65.0674 0.998854
65.0776 0.998854
65.0874 0.998854
65.0975 0.998854
65.1076 0.998854
65.1174 0.998854
65.1275 0.998854
65.1373 0.998854
65.1475 0.998854
65.1576 0.998854
65.1674 0.998854
65.1776 0.998862
65.1874 0.998862
65.1975 0.998862
65.2077 0.998862
65.2175 0.998862
65.2276 0.998862
65.2374 0.998862
65.2475 0.998862
65.2576 0.998862
65.2674 0.998862
65.2775 0.998862
65.2873 0.998862
65.2974 0.998862
65.3075 0.998862
65.3173 0.998862
65.3275 0.998869
65.3376 0.998869
65.3474 0.998869
65.3575 0.998869
65.3676 0.998869
65.3774 0.998869
65.3875 0.998869
65.3976 0.998869
65.4074 0.998869
65.4175 0.998869
65.4273 0.998869
65.4374 0.998869
65.4475 0.998869
65.4573 0.998869
65.4674 0.998869
65.4776 0.998877
65.4874 0.998877
65.4975 0.998877
65.5076 0.998877
65.5177 0.998877
65.5274 0.998877
65.5375 0.998877
65.5476 0.998877
65.5574 0.998877
65.5675 0.998877
65.5776 0.998877
65.5873 0.998877
65.5974 0.998877
65.6075 0.998877
65.6173 0.998877
65.6274 0.998877
65.6376 0.998884
65.6477 0.998884
65.6574 0.998884
65.6675 0.998884
65.6776 0.998884
65.6873 0.998884
65.6974 0.998884
65.7075 0.998884
65.7176 0.998884
65.7273 0.998884
65.7374 0.998884
65.7475 0.998884
65.7576 0.998884
65.7673 0.998884
65.7774 0.998884
65.7876 0.998892
65.7977 0.998892
65.8074 0.998892
65.8175 0.998892
65.8276 0.998892
65.8376 0.998892
65.8474 0.998892
65.8575 0.998892
65.8675 0.998892
65.8776 0.998892
65.8873 0.998892
65.8974 0.998892
65.9075 0.998892
65.9175 0.998892
65.9273 0.998892
65.9375 0.9989
65.9475 0.9989
65.9576 0.9989
65.9676 0.9989
65.9774 0.9989
65.9874 0.9989
65.9975 0.9989
66.0076 0.9989
66.0176 0.9989
66.0274 0.9989
66.0374 0.9989
66.0475 0.9989
66.0575 0.9989
66.0676 0.9989
66.0773 0.9989
66.0874 0.9989
66.0975 0.998907
66.1076 0.998907
66.1176 0.998907
66.1274 0.998907
66.1374 0.998907
66.1475 0.998907
66.1575 0.998907
66.1675 0.998907
66.1776 0.998907
66.1873 0.998907
66.1974 0.998907
66.2074 0.998907
66.2174 0.998907
66.2275 0.998907
66.2375 0.998907
66.2477 0.998915
66.2574 0.998915
66.2674 0.998915
66.2775 0.998915
66.2875 0.998915
66.2976 0.998915
66.3076 0.998915
66.3176 0.998915
66.3273 0.998915
66.3374 0.998915
66.3474 0.998915
66.3574 0.998915
66.3675 0.998915
66.3775 0.998915
66.3875 0.998915
66.3976 0.998915
66.4074 0.998922
66.4174 0.998922
66.4274 0.998922
66.4375 0.998922
66.4475 0.998922
66.4575 0.998922
66.4675 0.998922
66.4776 0.998922
66.4876 0.998922
66.4976 0.998922
66.5073 0.998922
66.5173 0.998922
66.5273 0.998922
66.5374 0.998922
66.5474 0.998922
66.5574 0.998922
66.5675 0.99893
66.5776 0.99893
66.5876 0.99893
66.5976 0.99893
66.6076 0.99893
66.6176 0.99893
66.6276 0.99893
66.6376 0.99893
66.6473 0.99893
66.6573 0.99893
66.6673 0.99893
66.6773 0.99893
66.6874 0.99893
66.6974 0.99893
66.7074 0.99893
66.7174 0.99893
66.7275 0.998937
66.7375 0.998937
66.7475 0.998937
66.7575 0.998937
66.7675 0.998937
66.7775 0.998937
66.7875 0.998937
66.7975 0.998937
66.8075 0.998937
66.8175 0.998937
66.8275 0.998937
66.8375 0.998937
66.8475 0.998937
66.8575 0.998937
66.8675 0.998937
66.8775 0.998937
66.8876 0.998945
66.8976 0.998945
66.9076 0.998945
66.9176 0.998945
66.9276 0.998945
66.9375 0.998945
66.9475 0.998945
66.9575 0.998945
66.9675 0.998945
66.9775 0.998945
66.9875 0.998945
66.9975 0.998945
67.0074 0.998945
67.0174 0.998945
67.0274 0.998945
67.0374 0.998945
67.0475 0.998953
67.0575 0.998953
67.0675 0.998953
67.0774 0.998953
67.0874 0.998953
67.0974 0.998953
67.1074 0.998953
67.1173 0.998953
67.1273 0.998953
67.1376 0.998953
67.1476 0.998953
67.1576 0.998953
67.1675 0.998953
67.1775 0.998953
67.1875 0.998953
67.1974 0.998953
67.2075 0.99896
67.2175 0.99896
67.2275 0.99896
67.2374 0.99896
67.2474 0.99896
67.2574 0.99896
67.2673 0.99896
67.2776 0.99896
67.2876 0.99896
67.2975 0.99896
67.3075 0.99896
67.3175 0.99896
67.3274 0.99896
67.3374 0.99896
67.3473 0.99896
67.3573 0.99896
67.3674 0.998968
67.3777 0.998968
67.3876 0.998968
67.3976 0.998968
67.4075 0.998968
67.4175 0.998968
67.4274 0.998968
67.4374 0.998968
67.4473 0.998968
67.4576 0.998968
67.4675 0.998968
67.4775 0.998968
67.4874 0.998968
67.4974 0.998968
67.5073 0.998968
67.5173 0.998968
67.5277 0.998975
67.5376 0.998975
67.5476 0.998975
67.5575 0.998975
67.5674 0.998975
67.5774 0.998975
67.5873 0.998975
67.5976 0.998975
67.6075 0.998975
67.6175 0.998975
67.6274 0.998975
67.6373 0.998975
67.6476 0.998975
67.6575 0.998975
67.6675 0.998975
67.6774 0.998975
67.6875 0.998983
67.6974 0.998983
67.7076 0.998983
67.7176 0.998983
67.7275 0.998983
67.7374 0.998983
67.7474 0.998983
67.7576 0.998983
67.7675 0.998983
67.7775 0.998983
67.7874 0.998983
67.7973 0.998983
67.8076 0.998983
67.8175 0.998983
67.8274 0.998983
67.8373 0.998983
67.8474 0.998991
67.8576 0.998991
67.8675 0.998991
67.8775 0.998991
67.8874 0.998991
67.8976 0.998991
67.9075 0.998991
67.9174 0.998991
67.9274 0.998991
67.9376 0.998991
67.9475 0.998991
67.9574 0.998991
67.9673 0.998991
67.9776 0.998991
67.9875 0.998991
67.9974 0.998991
68.0073 0.998991
68.0177 0.998998
68.0276 0.998998
68.0375 0.998998
68.0474 0.998998
68.0576 0.998998
68.0675 0.998998
68.0774 0.998998
68.0873 0.998998
68.0975 0.998998
68.1074 0.998998
68.1174 0.998998
68.1276 0.998998
68.1375 0.998998
68.1474 0.998998
68.1573 0.998998
68.1675 0.998998
68.1775 0.999006
68.1874 0.999006
68.1976 0.999006
68.2075 0.999006
68.2174 0.999006
68.2276 0.999006
68.2375 0.999006
68.2474 0.999006
68.2576 0.999006
68.2675 0.999006
68.2774 0.999006
68.2873 0.999006
68.2975 0.999006
68.3074 0.999006
68.3173 0.999006
68.3275 0.999006
68.3374 0.999006
68.3474 0.999013
68.3576 0.999013
68.3675 0.999013
68.3774 0.999013
68.3876 0.999013
68.3974 0.999013
68.4076 0.999013
68.4175 0.999013
68.4274 0.999013
68.4376 0.999013
68.4475 0.999013
68.4574 0.999013
68.4675 0.999013
68.4774 0.999013
68.4873 0.999013
68.4975 0.999013
68.5074 0.999013
68.5177 0.999021
68.5276 0.999021
68.5374 0.999021
68.5476 0.999021
68.5575 0.999021
68.5674 0.999021
68.5775 0.999021
68.5874 0.999021
68.5976 0.999021
68.6075 0.999021
68.6173 0.999021
68.6275 0.999021
68.6374 0.999021
68.6476 0.999021
68.6574 0.999021
68.6673 0.999021
68.6776 0.999029
68.6875 0.999029
68.6976 0.999029
68.7075 0.999029
68.7174 0.999029
68.7275 0.999029
68.7374 0.999029
68.7476 0.999029
68.7574 0.999029
68.7676 0.999029
68.7774 0.999029
68.7873 0.999029
68.7975 0.999029
68.8073 0.999029
68.8175 0.999029
68.8273 0.999029
68.8375 0.999029
68.8475 0.999036
68.8577 0.999036
68.8675 0.999036
68.8777 0.999036
68.8875 0.999036
68.8974 0.999036
68.9075 0.999036
68.9174 0.999036
68.9275 0.999036
68.9374 0.999036
68.9475 0.999036
68.9574 0.999036
68.9675 0.999036
68.9774 0.999036
68.9875 0.999036
68.9974 0.999036
69.0075 0.999036
69.0175 0.999044
69.0276 0.999044
69.0375 0.999044
69.0476 0.999044
69.0575 0.999044
69.0676 0.999044
69.0774 0.999044
69.0876 0.999044
69.0974 0.999044
69.1076 0.999044
69.1174 0.999044
69.1276 0.999044
69.1374 0.999044
69.1475 0.999044
69.1574 0.999044
69.1675 0.999044
69.1773 0.999044
69.1876 0.999051
69.1974 0.999051
69.2076 0.999051
69.2174 0.999051
69.2275 0.999051
69.2373 0.999051
69.2475 0.999051
69.2576 0.999051
69.2674 0.999051
69.2776 0.999051
69.2874 0.999051
69.2975 0.999051
69.3073 0.999051
69.3175 0.999051
69.3273 0.999051
69.3374 0.999051
69.3476 0.999051
69.3575 0.999059
69.3676 0.999059
69.3774 0.999059
69.3876 0.999059
69.3974 0.999059
69.4075 0.999059
69.4176 0.999059
69.4274 0.999059
69.4376 0.999059
69.4474 0.999059
69.4575 0.999059
69.4676 0.999059
69.4774 0.999059
69.4875 0.999059
69.4973 0.999059
69.5075 0.999059
69.5173 0.999059
69.5275 0.999067
69.5376 0.999067
69.5474 0.999067
69.5575 0.999067
69.5677 0.999067
69.5774 0.999067
69.5876 0.999067
69.5974 0.999067
69.6075 0.999067
69.6176 0.999067
69.6274 0.999067
69.6375 0.999067
69.6476 0.999067
69.6574 0.999067
69.6675 0.999067
69.6773 0.999067
69.6874 0.999067
69.6975 0.999067
69.7074 0.999074
69.7175 0.999074
69.7276 0.999074
69.7374 0.999074
69.7475 0.999074
69.7576 0.999074
69.7674 0.999074
69.7775 0.999074
69.7876 0.999074
69.7974 0.999074
69.8075 0.999074
69.8176 0.999074
69.8273 0.999074
69.8374 0.999074
69.8475 0.999074
69.8573 0.999074
69.8674 0.999074
69.8776 0.999082
69.8874 0.999082
69.8975 0.999082
69.9076 0.999082
69.9174 0.999082
69.9274 0.999082
69.9375 0.999082
69.9476 0.999082
69.9574 0.999082
69.9675 0.999082
69.9776 0.999082
69.9873 0.999082
69.9974 0.999082
70.0075 0.999082
70.0176 0.999082
70.0273 0.999082
70.0374 0.999082
70.0476 0.999089
70.0574 0.999089
70.0675 0.999089
70.0776 0.999089
70.0876 0.999089
70.0974 0.999089
70.1075 0.999089
70.1175 0.999089
70.1276 0.999089
70.1374 0.999089
70.1475 0.999089
70.1575 0.999089
70.1676 0.999089
70.1774 0.999089
70.1874 0.999089
70.1975 0.999089
70.2076 0.999089
70.2173 0.999089
70.2275 0.999097
70.2376 0.999097
70.2476 0.999097
70.2574 0.999097
70.2675 0.999097
70.2775 0.999097
70.2876 0.999097
70.2973 0.999097
70.3074 0.999097
70.3175 0.999097
70.3275 0.999097
70.3376 0.999097
70.3473 0.999097
70.3574 0.999097
70.3674 0.999097
70.3775 0.999097
70.3875 0.999097
70.3973 0.999097
70.4075 0.999104
70.4175 0.999104
70.4276 0.999104
70.4376 0.999104
70.4474 0.999104
70.4574 0.999104
70.4675 0.999104
70.4775 0.999104
70.4876 0.999104
70.4976 0.999104
70.5073 0.999104
70.5174 0.999104
70.5274 0.999104
70.5375 0.999104
70.5475 0.999104
70.5576 0.999104
70.5673 0.999104
70.5775 0.999112
70.5875 0.999112
70.5976 0.999112
70.6076 0.999112
70.6176 0.999112
70.6274 0.999112
70.6374 0.999112
70.6474 0.999112
70.6575 0.999112
70.6675 0.999112
70.6775 0.999112
70.6876 0.999112
70.6973 0.999112
70.7073 0.999112
70.7174 0.999112
70.7274 0.999112
70.7374 0.999112
70.7474 0.999112
70.7576 0.99912
70.7676 0.99912
70.7777 0.99912
70.7874 0.99912
70.7974 0.99912
70.8074 0.99912
70.8175 0.99912
70.8275 0.99912
70.8375 0.99912
70.8475 0.99912
70.8576 0.99912
70.8676 0.99912
70.8776 0.99912
70.8873 0.99912
70.8973 0.99912
70.9073 0.99912
70.9174 0.99912
70.9274 0.99912
70.9375 0.999127
70.9475 0.999127
70.9576 0.999127
70.9676 0.999127
70.9776 0.999127
70.9876 0.999127
70.9976 0.999127
71.0076 0.999127
71.0176 0.999127
71.0273 0.999127
71.0373 0.999127
71.0473 0.999127
71.0574 0.999127
71.0674 0.999127
71.0774 0.999127
71.0874 0.999127
71.0974 0.999127
71.1074 0.999127
71.1175 0.999135
71.1275 0.999135
71.1375 0.999135
71.1475 0.999135
71.1575 0.999135
71.1675 0.999135
71.1775 0.999135
71.1875 0.999135
71.1975 0.999135
71.2075 0.999135
71.2175 0.999135
71.2275 0.999135
71.2375 0.999135
71.2475 0.999135
71.2575 0.999135
71.2675 0.999135
71.2775 0.999135
71.2875 0.999135
71.2976 0.999142
71.3076 0.999142
71.3176 0.999142
71.3276 0.999142
71.3376 0.999142
71.3476 0.999142
71.3575 0.999142
71.3675 0.999142
71.3775 0.999142
71.3875 0.999142
71.3975 0.999142
71.4075 0.999142
71.4174 0.999142
71.4274 0.999142
71.4374 0.999142
71.4474 0.999142
71.4574 0.999142
71.4673 0.999142
71.4775 0.99915
71.4874 0.99915
71.4974 0.99915
71.5074 0.99915
71.5174 0.99915
71.5273 0.99915
71.5376 0.99915
71.5476 0.99915
71.5576 0.99915
71.5676 0.99915
71.5775 0.99915
71.5875 0.99915
71.5975 0.99915
71.6074 0.99915
71.6174 0.99915
71.6274 0.99915
71.6373 0.99915
71.6473 0.99915
71.6574 0.999158
71.6677 0.999158
71.6776 0.999158
71.6876 0.999158
71.6976 0.999158
71.7075 0.999158
71.7175 0.999158
71.7275 0.999158
71.7374 0.999158
71.7474 0.999158
71.7573 0.999158
71.7676 0.999158
71.7776 0.999158
71.7875 0.999158
71.7975 0.999158
71.8074 0.999158
71.8174 0.999158
71.8273 0.999158
71.8373 0.999158
71.8474 0.999165
71.8577 0.999165
71.8676 0.999165
71.8776 0.999165
71.8875 0.999165
71.8975 0.999165
71.9074 0.999165
71.9174 0.999165
71.9276 0.999165
71.9376 0.999165
71.9475 0.999165
71.9574 0.999165
71.9674 0.999165
71.9773 0.999165
71.9873 0.999165
71.9975 0.999165
72.0075 0.999165
72.0174 0.999165
72.0275 0.999173
72.0374 0.999173
72.0474 0.999173
72.0576 0.999173
72.0676 0.999173
72.0775 0.999173
72.0874 0.999173
72.0974 0.999173
72.1076 0.999173
72.1175 0.999173
72.1275 0.999173
72.1374 0.999173
72.1473 0.999173
72.1576 0.999173
72.1675 0.999173
72.1775 0.999173
72.1874 0.999173
72.1973 0.999173
72.2077 0.99918
72.2176 0.99918
72.2275 0.99918
72.2375 0.99918
72.2474 0.99918
72.2576 0.99918
72.2676 0.99918
72.2775 0.99918
72.2874 0.99918
72.2973 0.99918
72.3075 0.99918
72.3175 0.99918
72.3274 0.99918
72.3373 0.99918
72.3475 0.99918
72.3575 0.99918
72.3674 0.99918
72.3773 0.99918
72.3875 0.99918
72.3976 0.999188
72.4075 0.999188
72.4174 0.999188
72.4276 0.999188
72.4375 0.999188
72.4474 0.999188
72.4574 0.999188
72.4676 0.999188
72.4775 0.999188
72.4874 0.999188
72.4976 0.999188
72.5075 0.999188
72.5174 0.999188
72.5273 0.999188
72.5375 0.999188
72.5475 0.999188
72.5574 0.999188
72.5673 0.999188
72.5775 0.999188
72.5875 0.999196
72.5974 0.999196
72.6076 0.999196
72.6175 0.999196
72.6274 0.999196
72.6376 0.999196
72.6475 0.999196
72.6574 0.999196
72.6673 0.999196
72.6775 0.999196
72.6874 0.999196
72.6973 0.999196
72.7075 0.999196
72.7174 0.999196
72.7273 0.999196
72.7375 0.999196
72.7474 0.999196
72.7573 0.999196
72.7675 0.999196
72.7775 0.999203
72.7874 0.999203
72.7976 0.999203
72.8075 0.999203
72.8174 0.999203
72.8276 0.999203
72.8375 0.999203
72.8473 0.999203
72.8575 0.999203
72.8674 0.999203
72.8776 0.999203
72.8875 0.999203
72.8974 0.999203
72.9076 0.999203
72.9174 0.999203
72.9273 0.999203
72.9375 0.999203
72.9474 0.999203
72.9574 0.999211
72.9676 0.999211
72.9775 0.999211
72.9876 0.999211
72.9975 0.999211
73.0074 0.999211
73.0176 0.999211
73.0274 0.999211
73.0376 0.999211
73.0475 0.999211
73.0574 0.999211
73.0675 0.999211
73.0774 0.999211
73.0876 0.999211
73.0975 0.999211
73.1073 0.999211
73.1175 0.999211
73.1274 0.999211
73.1375 0.999211
73.1475 0.999218
73.1574 0.999218
73.1676 0.999218
73.1774 0.999218
73.1876 0.999218
73.1975 0.999218
73.2076 0.999218
73.2175 0.999218
73.2274 0.999218
73.2375 0.999218
73.2474 0.999218
73.2575 0.999218
73.2674 0.999218
73.2776 0.999218
73.2874 0.999218
73.2973 0.999218
73.3074 0.999218
73.3173 0.999218
73.3275 0.999218
73.3373 0.999218
73.3476 0.999226
73.3575 0.999226
73.3676 0.999226
73.3775 0.999226
73.3876 0.999226
73.3975 0.999226
73.4076 0.999226
73.4175 0.999226
73.4276 0.999226
73.4375 0.999226
73.4476 0.999226
73.4575 0.999226
73.4673 0.999226
73.4774 0.999226
73.4873 0.999226
73.4974 0.999226
73.5073 0.999226
73.5174 0.999226
73.5273 0.999226
73.5375 0.999233
73.5474 0.999233
73.5575 0.999233
73.5674 0.999233
73.5775 0.999233
73.5877 0.999233
73.5975 0.999233
73.6076 0.999233
73.6175 0.999233
73.6276 0.999233
73.6374 0.999233
73.6476 0.999233
73.6574 0.999233
73.6675 0.999233
73.6774 0.999233
73.6875 0.999233
73.6973 0.999233
73.7075 0.999233
73.7173 0.999233
73.7276 0.999241
73.7374 0.999241
73.7475 0.999241
73.7576 0.999241
73.7675 0.999241
73.7776 0.999241
73.7874 0.999241
73.7975 0.999241
73.8074 0.999241
73.8175 0.999241
73.8273 0.999241
73.8374 0.999241
73.8476 0.999241
73.8574 0.999241
73.8675 0.999241
73.8773 0.999241
73.8874 0.999241
73.8976 0.999241
73.9074 0.999241
73.9176 0.999249
73.9274 0.999249
73.9376 0.999249
73.9474 0.999249
73.9575 0.999249
73.9676 0.999249
73.9774 0.999249
73.9875 0.999249
73.9973 0.999249
74.0075 0.999249
74.0176 0.999249
74.0274 0.999249
74.0375 0.999249
74.0476 0.999249
74.0574 0.999249
74.0675 0.999249
74.0773 0.999249
74.0874 0.999249
74.0975 0.999249
74.1073 0.999249
74.1176 0.999256
74.1277 0.999256
74.1375 0.999256
74.1476 0.999256
74.1574 0.999256
74.1675 0.999256
74.1776 0.999256
74.1874 0.999256
74.1975 0.999256
74.2076 0.999256
74.2174 0.999256
74.2275 0.999256
74.2376 0.999256
74.2474 0.999256
74.2575 0.999256
74.2675 0.999256
74.2773 0.999256
74.2874 0.999256
74.2975 0.999256
74.3073 0.999256
74.3175 0.999264
74.3276 0.999264
74.3374 0.999264
74.3475 0.999264
74.3576 0.999264
74.3674 0.999264
74.3775 0.999264
74.3876 0.999264
74.3973 0.999264
74.4074 0.999264
74.4175 0.999264
74.4276 0.999264
74.4374 0.999264
74.4475 0.999264
74.4575 0.999264
74.4673 0.999264
74.4774 0.999264
74.4875 0.999264
74.4973 0.999264
74.5075 0.999271
74.5176 0.999271
74.5276 0.999271
74.5374 0.999271
74.5475 0.999271
74.5576 0.999271
74.5676 0.999271
74.5774 0.999271
74.5875 0.999271
74.5976 0.999271
74.6073 0.999271
74.6174 0.999271
74.6275 0.999271
74.6375 0.999271
74.6473 0.999271
74.6574 0.999271
74.6674 0.999271
74.6775 0.999271
74.6873 0.999271
74.6973 0.999271
74.7075 0.999279
74.7176 0.999279
74.7277 0.999279
74.7374 0.999279
74.7475 0.999279
74.7576 0.999279
74.7676 0.999279
74.7774 0.999279
74.7874 0.999279
74.7975 0.999279
74.8076 0.999279
74.8173 0.999279
74.8274 0.999279
74.8374 0.999279
74.8475 0.999279
74.8575 0.999279
74.8673 0.999279
74.8773 0.999279
74.8874 0.999279
74.8975 0.999279
74.9076 0.999287
74.9174 0.999287
74.9274 0.999287
74.9375 0.999287
74.9475 0.999287
74.9576 0.999287
74.9676 0.999287
74.9774 0.999287
74.9874 0.999287
74.9975 0.999287
75.0075 0.999287
75.0176 0.999287
75.0273 0.999287
75.0374 0.999287
75.0474 0.999287
75.0574 0.999287
75.0675 0.999287
75.0775 0.999287
75.0873 0.999287
75.0973 0.999287
75.1075 0.999294
75.1175 0.999294
75.1276 0.999294
75.1376 0.999294
75.1476 0.999294
75.1574 0.999294
75.1674 0.999294
75.1774 0.999294
75.1875 0.999294
75.1975 0.999294
75.2075 0.999294
75.2176 0.999294
75.2276 0.999294
75.2373 0.999294
75.2474 0.999294
75.2574 0.999294
75.2674 0.999294
75.2774 0.999294
75.2875 0.999294
75.2975 0.999294
75.3077 0.999302
75.3174 0.999302
75.3274 0.999302
75.3374 0.999302
75.3475 0.999302
75.3575 0.999302
75.3675 0.999302
75.3775 0.999302
75.3875 0.999302
75.3976 0.999302
75.4076 0.999302
75.4176 0.999302
75.4273 0.999302
75.4373 0.999302
75.4473 0.999302
75.4574 0.999302
75.4674 0.999302
75.4774 0.999302
75.4874 0.999302
75.4974 0.999302
75.5076 0.999309
75.5176 0.999309
75.5276 0.999309
75.5376 0.999309
75.5476 0.999309
75.5576 0.999309
75.5676 0.999309
75.5773 0.999309
75.5874 0.999309
75.5974 0.999309
75.6074 0.999309
75.6174 0.999309
75.6274 0.999309
75.6374 0.999309
75.6474 0.999309
75.6574 0.999309
75.6674 0.999309
75.6774 0.999309
75.6874 0.999309
75.6974 0.999309
75.7074 0.999309
75.7175 0.999317
75.7275 0.999317
75.7375 0.999317
75.7475 0.999317
75.7575 0.999317
75.7675 0.999317
75.7775 0.999317
75.7875 0.999317
75.7975 0.999317
75.8075 0.999317
75.8175 0.999317
75.8275 0.999317
75.8375 0.999317
75.8475 0.999317
75.8574 0.999317
75.8674 0.999317
75.8774 0.999317
75.8874 0.999317
75.8974 0.999317
75.9074 0.999317
75.9175 0.999325
75.9275 0.999325
75.9375 0.999325
75.9475 0.999325
75.9574 0.999325
75.9674 0.999325
75.9774 0.999325
75.9874 0.999325
75.9974 0.999325
76.0074 0.999325
76.0173 0.999325
76.0276 0.999325
76.0376 0.999325
76.0476 0.999325
76.0575 0.999325
76.0675 0.999325
76.0775 0.999325
76.0875 0.999325
76.0974 0.999325
76.1074 0.999325
76.1174 0.999325
76.1275 0.999332
76.1375 0.999332
76.1474 0.999332
76.1574 0.999332
76.1674 0.999332
76.1774 0.999332
76.1876 0.999332
76.1976 0.999332
76.2076 0.999332
76.2175 0.999332
76.2275 0.999332
76.2375 0.999332
76.2474 0.999332
76.2574 0.999332
76.2673 0.999332
76.2773 0.999332
76.2876 0.999332
76.2975 0.999332
76.3075 0.999332
76.3175 0.999332
76.3276 0.99934
76.3375 0.99934
76.3475 0.99934
76.3574 0.99934
76.3674 0.99934
76.3776 0.99934
76.3876 0.99934
76.3976 0.99934
76.4075 0.99934
76.4175 0.99934
76.4274 0.99934
76.4374 0.99934
76.4473 0.99934
76.4576 0.99934
76.4675 0.99934
76.4775 0.99934
76.4874 0.99934
76.4974 0.99934
76.5073 0.99934
76.5176 0.99934
76.5275 0.99934
76.5376 0.999347
76.5475 0.999347
76.5575 0.999347
76.5674 0.999347
76.5774 0.999347
76.5876 0.999347
76.5975 0.999347
76.6075 0.999347
76.6174 0.999347
76.6274 0.999347
76.6376 0.999347
76.6475 0.999347
76.6575 0.999347
76.6674 0.999347
76.6774 0.999347
76.6873 0.999347
76.6975 0.999347
76.7075 0.999347
76.7174 0.999347
76.7273 0.999347
76.7373 0.999347
76.7476 0.999355
76.7576 0.999355
76.7675 0.999355
76.7774 0.999355
76.7877 0.999355
76.7976 0.999355
76.8075 0.999355
76.8174 0.999355
76.8274 0.999355
76.8376 0.999355
76.8475 0.999355
76.8574 0.999355
76.8674 0.999355
76.8776 0.999355
76.8875 0.999355
76.8974 0.999355
76.9074 0.999355
76.9173 0.999355
76.9275 0.999355
76.9374 0.999355
76.9473 0.999355
76.9574 0.999362
76.9676 0.999362
76.9775 0.999362
76.9875 0.999362
76.9974 0.999362
77.0076 0.999362
77.0175 0.999362
77.0274 0.999362
77.0376 0.999362
77.0475 0.999362
77.0575 0.999362
77.0674 0.999362
77.0776 0.999362
77.0875 0.999362
77.0974 0.999362
77.1073 0.999362
77.1175 0.999362
77.1274 0.999362
77.1373 0.999362
77.1475 0.999362
77.1574 0.999362
77.1675 0.99937
77.1774 0.99937
77.1876 0.99937
77.1975 0.99937
77.2074 0.99937
77.2176 0.99937
77.2275 0.99937
77.2374 0.99937
77.2476 0.99937
77.2575 0.99937
77.2674 0.99937
77.2776 0.99937
77.2875 0.99937
77.2974 0.99937
77.3076 0.99937
77.3175 0.99937
77.3274 0.99937
77.3376 0.99937
77.3475 0.99937
77.3574 0.99937
77.3675 0.99937
77.3776 0.999378
77.3875 0.999378
77.3977 0.999378
77.4075 0.999378
77.4174 0.999378
77.4276 0.999378
77.4375 0.999378
77.4474 0.999378
77.4576 0.999378
77.4675 0.999378
77.4774 0.999378
77.4875 0.999378
77.4974 0.999378
77.5076 0.999378
77.5175 0.999378
77.5274 0.999378
77.5375 0.999378
77.5474 0.999378
77.5573 0.999378
77.5675 0.999378
77.5774 0.999378
77.5875 0.999378
77.5976 0.999385
77.6074 0.999385
77.6176 0.999385
77.6275 0.999385
77.6374 0.999385
77.6475 0.999385
77.6574 0.999385
77.6676 0.999385
77.6775 0.999385
77.6873 0.999385
77.6975 0.999385
77.7074 0.999385
77.7175 0.999385
77.7274 0.999385
77.7376 0.999385
77.7474 0.999385
77.7573 0.999385
77.7675 0.999385
77.7773 0.999385
77.7875 0.999385
77.7974 0.999385
77.8077 0.999393
77.8175 0.999393
77.8274 0.999393
77.8376 0.999393
77.8474 0.999393
77.8576 0.999393
77.8674 0.999393
77.8776 0.999393
77.8875 0.999393
77.8976 0.999393
77.9075 0.999393
77.9173 0.999393
77.9275 0.999393
77.9373 0.999393
77.9475 0.999393
77.9574 0.999393
77.9675 0.999393
77.9774 0.999393
77.9875 0.999393
77.9974 0.999393
78.0075 0.999393
78.0174 0.999393
78.0277 0.9994
78.0375 0.9994
78.0477 0.9994
78.0575 0.9994
78.0677 0.9994
78.0775 0.9994
78.0876 0.9994
78.0975 0.9994
78.1076 0.9994
78.1175 0.9994
78.1276 0.9994
78.1375 0.9994
78.1476 0.9994
78.1574 0.9994
78.1676 0.9994
78.1774 0.9994
78.1876 0.9994
78.1974 0.9994
78.2075 0.9994
78.2174 0.9994
78.2275 0.9994
78.2373 0.9994
78.2476 0.999408
78.2575 0.999408
78.2676 0.999408
78.2774 0.999408
78.2876 0.999408
78.2974 0.999408
78.3075 0.999408
78.3174 0.999408
78.3275 0.999408
78.3376 0.999408
78.3474 0.999408
78.3576 0.999408
78.3674 0.999408
78.3775 0.999408
78.3874 0.999408
78.3975 0.999408
78.4073 0.999408
78.4174 0.999408
78.4276 0.999408
78.4374 0.999408
78.4475 0.999408
78.4573 0.999408
78.4676 0.999416
78.4774 0.999416
78.4875 0.999416
78.4976 0.999416
78.5075 0.999416
78.5176 0.999416
78.5274 0.999416
78.5375 0.999416
78.5473 0.999416
78.5575 0.999416
78.5676 0.999416
78.5774 0.999416
78.5875 0.999416
78.5973 0.999416
78.6074 0.999416
78.6175 0.999416
78.6273 0.999416
78.6375 0.999416
78.6476 0.999416
78.6574 0.999416
78.6675 0.999416
78.6774 0.999423
78.6875 0.999423
78.6976 0.999423
78.7075 0.999423
78.7176 0.999423
78.7277 0.999423
78.7375 0.999423
78.7476 0.999423
78.7574 0.999423
78.7675 0.999423
78.7776 0.999423
78.7874 0.999423
78.7975 0.999423
78.8076 0.999423
78.8174 0.999423
78.8275 0.999423
78.8376 0.999423
78.8474 0.999423
78.8575 0.999423
78.8676 0.999423
78.8774 0.999423
78.8874 0.999423
78.8975 0.999423
78.9075 0.999431
78.9176 0.999431
78.9277 0.999431
78.9375 0.999431
78.9475 0.999431
78.9576 0.999431
78.9674 0.999431
78.9775 0.999431
78.9876 0.999431
78.9974 0.999431
79.0075 0.999431
79.0176 0.999431
79.0273 0.999431
79.0374 0.999431
79.0475 0.999431
79.0573 0.999431
79.0674 0.999431
79.0775 0.999431
79.0875 0.999431
79.0973 0.999431
79.1074 0.999431
79.1175 0.999431
79.1274 0.999438
79.1375 0.999438
79.1476 0.999438
79.1576 0.999438
79.1674 0.999438
79.1775 0.999438
79.1876 0.999438
79.1973 0.999438
79.2074 0.999438
79.2175 0.999438
79.2276 0.999438
79.2373 0.999438
79.2474 0.999438
79.2575 0.999438
79.2675 0.999438
79.2773 0.999438
79.2874 0.999438
79.2975 0.999438
79.3075 0.999438
79.3173 0.999438
79.3274 0.999438
79.3374 0.999438
79.3476 0.999446
79.3574 0.999446
79.3675 0.999446
79.3775 0.999446
79.3876 0.999446
79.3976 0.999446
79.4074 0.999446
79.4175 0.999446
79.4275 0.999446
79.4376 0.999446
79.4474 0.999446
79.4574 0.999446
79.4675 0.999446
79.4775 0.999446
79.4876 0.999446
79.4973 0.999446
79.5074 0.999446
79.5174 0.999446
79.5275 0.999446
79.5375 0.999446
79.5473 0.999446
79.5574 0.999446
79.5674 0.999446
79.5776 0.999454
79.5877 0.999454
79.5974 0.999454
79.6075 0.999454
79.6175 0.999454
79.6275 0.999454
79.6376 0.999454
79.6476 0.999454
79.6574 0.999454
79.6674 0.999454
79.6775 0.999454
79.6875 0.999454
79.6976 0.999454
79.7076 0.999454
79.7173 0.999454
79.7274 0.999454
79.7374 0.999454
79.7475 0.999454
79.7575 0.999454
79.7675 0.999454
79.7773 0.999454
79.7873 0.999454
79.7975 0.999461
79.8075 0.999461
79.8176 0.999461
79.8276 0.999461
79.8376 0.999461
79.8474 0.999461
79.8574 0.999461
79.8674 0.999461
79.8775 0.999461
79.8875 0.999461
79.8975 0.999461
79.9076 0.999461
79.9176 0.999461
79.9273 0.999461
79.9373 0.999461
79.9474 0.999461
79.9574 0.999461
79.9674 0.999461
79.9774 0.999461
79.9875 0.999461
79.9975 0.999461
80.0075 0.999461
80.0175 0.999461
80.0274 0.999469
80.0374 0.999469
80.0474 0.999469
80.0575 0.999469
80.0675 0.999469
80.0775 0.999469
80.0875 0.999469
80.0975 0.999469
80.1076 0.999469
80.1176 0.999469
80.1276 0.999469
80.1376 0.999469
80.1473 0.999469
80.1573 0.999469
80.1673 0.999469
80.1774 0.999469
80.1874 0.999469
80.1974 0.999469
80.2074 0.999469
80.2174 0.999469
80.2274 0.999469
80.2374 0.999469
80.2474 0.999469
80.2576 0.999476
80.2676 0.999476
80.2776 0.999476
80.2876 0.999476
80.2976 0.999476
80.3076 0.999476
80.3176 0.999476
80.3276 0.999476
80.3376 0.999476
80.3476 0.999476
80.3576 0.999476
80.3676 0.999476
80.3773 0.999476
80.3873 0.999476
80.3973 0.999476
80.4073 0.999476
80.4173 0.999476
80.4273 0.999476
80.4373 0.999476
80.4473 0.999476
80.4573 0.999476
80.4673 0.999476
80.4773 0.999476
80.4874 0.999484
80.4974 0.999484
80.5074 0.999484
80.5174 0.999484
80.5274 0.999484
80.5374 0.999484
80.5474 0.999484
80.5574 0.999484
80.5676 0.999484
80.5776 0.999484
80.5876 0.999484
80.5976 0.999484
80.6076 0.999484
80.6176 0.999484
80.6275 0.999484
80.6375 0.999484
80.6475 0.999484
80.6575 0.999484
80.6675 0.999484
80.6775 0.999484
80.6874 0.999484
80.6974 0.999484
80.7074 0.999484
80.7175 0.999492
80.7275 0.999492
80.7375 0.999492
80.7475 0.999492
80.7574 0.999492
80.7674 0.999492
80.7774 0.999492
80.7874 0.999492
80.7976 0.999492
80.8076 0.999492
80.8176 0.999492
80.8275 0.999492
80.8375 0.999492
80.8475 0.999492
80.8574 0.999492
80.8674 0.999492
80.8774 0.999492
80.8874 0.999492
80.8973 0.999492
80.9073 0.999492
80.9175 0.999492
80.9275 0.999492
80.9375 0.999492
80.9476 0.999499
80.9576 0.999499
80.9675 0.999499
80.9775 0.999499
80.9874 0.999499
80.9974 0.999499
81.0074 0.999499
81.0176 0.999499
81.0276 0.999499
81.0375 0.999499
81.0475 0.999499
81.0575 0.999499
81.0674 0.999499
81.0774 0.999499
81.0873 0.999499
81.0976 0.999499
81.1075 0.999499
81.1175 0.999499
81.1274 0.999499
81.1374 0.999499
81.1473 0.999499
81.1573 0.999499
81.1675 0.999499
81.1776 0.999507
81.1876 0.999507
81.1975 0.999507
81.2075 0.999507
81.2174 0.999507
81.2274 0.999507
81.2376 0.999507
81.2476 0.999507
81.2575 0.999507
81.2674 0.999507
81.2774 0.999507
81.2873 0.999507
81.2976 0.999507
81.3075 0.999507
81.3175 0.999507
81.3274 0.999507
81.3373 0.999507
81.3476 0.999507
81.3575 0.999507
81.3674 0.999507
81.3774 0.999507
81.3873 0.999507
81.3975 0.999507
81.4075 0.999507
81.4176 0.999514
81.4275 0.999514
81.4374 0.999514
81.4477 0.999514
81.4576 0.999514
81.4675 0.999514
81.4775 0.999514
81.4874 0.999514
81.4976 0.999514
81.5075 0.999514
81.5175 0.999514
81.5274 0.999514
81.5373 0.999514
81.5476 0.999514
81.5575 0.999514
81.5674 0.999514
81.5773 0.999514
81.5875 0.999514
81.5975 0.999514
81.6074 0.999514
81.6173 0.999514
81.6275 0.999514
81.6375 0.999514
81.6474 0.999514
81.6575 0.999522
81.6677 0.999522
81.6776 0.999522
81.6875 0.999522
81.6974 0.999522
81.7076 0.999522
81.7175 0.999522
81.7275 0.999522
81.7374 0.999522
81.7476 0.999522
81.7575 0.999522
81.7674 0.999522
81.7773 0.999522
81.7875 0.999522
81.7974 0.999522
81.8074 0.999522
81.8176 0.999522
81.8275 0.999522
81.8374 0.999522
81.8473 0.999522
81.8575 0.999522
81.8674 0.999522
81.8773 0.999522
81.8877 0.999529
81.8976 0.999529
81.9075 0.999529
81.9177 0.999529
81.9276 0.999529
81.9375 0.999529
81.9474 0.999529
81.9576 0.999529
81.9675 0.999529
81.9774 0.999529
81.9876 0.999529
81.9975 0.999529
82.0074 0.999529
82.0176 0.999529
82.0275 0.999529
82.0374 0.999529
82.0475 0.999529
82.0574 0.999529
82.0673 0.999529
82.0775 0.999529
82.0874 0.999529
82.0973 0.999529
82.1075 0.999529
82.1174 0.999529
82.1274 0.999537
82.1376 0.999537
82.1475 0.999537
82.1574 0.999537
82.1676 0.999537
82.1775 0.999537
82.1877 0.999537
82.1975 0.999537
82.2074 0.999537
82.2176 0.999537
82.2275 0.999537
82.2374 0.999537
82.2476 0.999537
82.2574 0.999537
82.2673 0.999537
82.2775 0.999537
82.2874 0.999537
82.2976 0.999537
82.3074 0.999537
82.3173 0.999537
82.3275 0.999537
82.3374 0.999537
82.3475 0.999537
82.3574 0.999537
82.3674 0.999545
82.3776 0.999545
82.3875 0.999545
82.3977 0.999545
82.4075 0.999545
82.4174 0.999545
82.4276 0.999545
82.4374 0.999545
82.4476 0.999545
82.4575 0.999545
82.4674 0.999545
82.4775 0.999545
82.4874 0.999545
82.4976 0.999545
82.5074 0.999545
82.5176 0.999545
82.5274 0.999545
82.5373 0.999545
82.5475 0.999545
82.5573 0.999545
82.5675 0.999545
82.5774 0.999545
82.5875 0.999545
82.5974 0.999545
82.6075 0.999545
82.6176 0.999552
82.6274 0.999552
82.6376 0.999552
82.6474 0.999552
82.6576 0.999552
82.6674 0.999552
82.6776 0.999552
82.6874 0.999552
82.6976 0.999552
82.7075 0.999552
82.7176 0.999552
82.7275 0.999552
82.7376 0.999552
82.7475 0.999552
82.7573 0.999552
82.7675 0.999552
82.7773 0.999552
82.7875 0.999552
82.7973 0.999552
82.8074 0.999552
82.8173 0.999552
82.8274 0.999552
82.8373 0.999552
82.8474 0.999552
82.8574 0.99956
82.8676 0.99956
82.8774 0.99956
82.8876 0.99956
82.8974 0.99956
82.9075 0.99956
82.9174 0.99956
82.9275 0.99956
82.9374 0.99956
82.9475 0.99956
82.9573 0.99956
82.9675 0.99956
82.9776 0.99956
82.9874 0.99956
82.9976 0.99956
83.0074 0.99956
83.0175 0.99956
83.0274 0.99956
83.0375 0.99956
83.0473 0.99956
83.0575 0.99956
83.0673 0.99956
83.0774 0.99956
83.0873 0.99956
83.0975 0.999567
83.1077 0.999567
83.1175 0.999567
83.1276 0.999567
83.1375 0.999567
83.1476 0.999567
83.1574 0.999567
83.1675 0.999567
83.1774 0.999567
83.1875 0.999567
83.1976 0.999567
83.2074 0.999567
83.2175 0.999567
83.2274 0.999567
83.2375 0.999567
83.2473 0.999567
83.2574 0.999567
83.2675 0.999567
83.2774 0.999567
83.2875 0.999567
83.2973 0.999567
83.3074 0.999567
83.3175 0.999567
83.3273 0.999567
83.3374 0.999567
83.3474 0.999575
83.3575 0.999575
83.3676 0.999575
83.3775 0.999575
83.3876 0.999575
83.3974 0.999575
83.4075 0.999575
83.4176 0.999575
83.4274 0.999575
83.4375 0.999575
83.4476 0.999575
83.4574 0.999575
83.4675 0.999575
83.4773 0.999575
83.4874 0.999575
83.4975 0.999575
83.5074 0.999575
83.5174 0.999575
83.5275 0.999575
83.5374 0.999575
83.5475 0.999575
83.5575 0.999575
83.5674 0.999575
83.5775 0.999575
83.5873 0.999575
83.5975 0.999583
83.6076 0.999583
83.6174 0.999583
83.6275 0.999583
83.6376 0.999583
83.6474 0.999583
83.6575 0.999583
83.6676 0.999583
83.6774 0.999583
83.6875 0.999583
83.6975 0.999583
83.7073 0.999583
83.7174 0.999583
83.7275 0.999583
83.7373 0.999583
83.7474 0.999583
83.7575 0.999583
83.7676 0.999583
83.7774 0.999583
83.7874 0.999583
83.7975 0.999583
83.8073 0.999583
83.8174 0.999583
83.8275 0.999583
83.8373 0.999583
83.8475 0.99959
83.8576 0.99959
83.8677 0.99959
83.8775 0.99959
83.8875 0.99959
83.8976 0.99959
83.9074 0.99959
83.9175 0.99959
83.9275 0.99959
83.9376 0.99959
83.9474 0.99959
83.9575 0.99959
83.9675 0.99959
83.9773 0.99959
83.9874 0.99959
83.9975 0.99959
84.0075 0.99959
84.0173 0.99959
84.0274 0.99959
84.0374 0.99959
84.0475 0.99959
84.0573 0.99959
84.0674 0.99959
84.0774 0.99959
84.0875 0.99959
84.0974 0.999598
84.1075 0.999598
84.1175 0.999598
84.1276 0.999598
84.1374 0.999598
84.1474 0.999598
84.1575 0.999598
84.1676 0.999598
84.1776 0.999598
84.1874 0.999598
84.1974 0.999598
84.2075 0.999598
84.2176 0.999598
84.2273 0.999598
84.2374 0.999598
84.2474 0.999598
84.2575 0.999598
84.2675 0.999598
84.2773 0.999598
84.2874 0.999598
84.2974 0.999598
84.3075 0.999598
84.3175 0.999598
84.3273 0.999598
84.3373 0.999598
84.3475 0.999605
84.3576 0.999605
84.3676 0.999605
84.3774 0.999605
84.3874 0.999605
84.3975 0.999605
84.4075 0.999605
84.4176 0.999605
84.4276 0.999605
84.4374 0.999605
84.4474 0.999605
84.4575 0.999605
84.4675 0.999605
84.4775 0.999605
84.4876 0.999605
84.4973 0.999605
84.5074 0.999605
84.5174 0.999605
84.5275 0.999605
84.5375 0.999605
84.5475 0.999605
84.5573 0.999605
84.5673 0.999605
84.5773 0.999605
84.5874 0.999605
84.5974 0.999605
84.6076 0.999613
84.6176 0.999613
84.6277 0.999613
84.6374 0.999613
84.6475 0.999613
84.6575 0.999613
84.6675 0.999613
84.6775 0.999613
84.6876 0.999613
84.6976 0.999613
84.7076 0.999613
84.7174 0.999613
84.7274 0.999613
84.7374 0.999613
84.7474 0.999613
84.7575 0.999613
84.7675 0.999613
84.7775 0.999613
84.7875 0.999613
84.7976 0.999613
84.8073 0.999613
84.8173 0.999613
84.8273 0.999613
84.8374 0.999613
84.8474 0.999613
84.8576 0.999621
84.8676 0.999621
84.8776 0.999621
84.8876 0.999621
84.8976 0.999621
84.9076 0.999621
84.9177 0.999621
84.9274 0.999621
84.9374 0.999621
84.9474 0.999621
84.9574 0.999621
84.9674 0.999621
84.9774 0.999621
84.9875 0.999621
84.9975 0.999621
85.0075 0.999621
85.0175 0.999621
85.0275 0.999621
85.0375 0.999621
85.0475 0.999621
85.0575 0.999621
85.0675 0.999621
85.0775 0.999621
85.0875 0.999621
85.0975 0.999621
85.1073 0.999621
85.1174 0.999628
85.1274 0.999628
85.1374 0.999628
85.1474 0.999628
85.1574 0.999628
85.1674 0.999628
85.1774 0.999628
85.1874 0.999628
85.1974 0.999628
85.2074 0.999628
85.2174 0.999628
85.2274 0.999628
85.2374 0.999628
85.2474 0.999628
85.2574 0.999628
85.2674 0.999628
85.2774 0.999628
85.2874 0.999628
85.2974 0.999628
85.3074 0.999628
85.3174 0.999628
85.3273 0.999628
85.3373 0.999628
85.3473 0.999628
85.3573 0.999628
85.3673 0.999628
85.3775 0.999636
85.3874 0.999636
85.3974 0.999636
85.4074 0.999636
85.4174 0.999636
85.4274 0.999636
85.4374 0.999636
85.4476 0.999636
85.4576 0.999636
85.4676 0.999636
85.4776 0.999636
85.4876 0.999636
85.4976 0.999636
85.5075 0.999636
85.5175 0.999636
85.5275 0.999636
85.5375 0.999636
85.5474 0.999636
85.5574 0.999636
85.5674 0.999636
85.5774 0.999636
85.5874 0.999636
85.5973 0.999636
85.6073 0.999636
85.6173 0.999636
85.6273 0.999636
85.6377 0.999643
85.6476 0.999643
85.6576 0.999643
85.6676 0.999643
85.6776 0.999643
85.6875 0.999643
85.6975 0.999643
85.7075 0.999643
85.7174 0.999643
85.7274 0.999643
85.7374 0.999643
85.7476 0.999643
85.7576 0.999643
85.7676 0.999643
85.7775 0.999643
85.7875 0.999643
85.7974 0.999643
85.8074 0.999643
85.8174 0.999643
85.8273 0.999643
85.8373 0.999643
85.8475 0.999643
85.8575 0.999643
85.8675 0.999643
85.8774 0.999643
85.8874 0.999643
85.8975 0.999651
85.9075 0.999651
85.9174 0.999651
85.9276 0.999651
85.9376 0.999651
85.9476 0.999651
85.9575 0.999651
85.9675 0.999651
85.9774 0.999651
85.9874 0.999651
85.9976 0.999651
86.0076 0.999651
86.0175 0.999651
86.0275 0.999651
86.0374 0.999651
86.0474 0.999651
86.0573 0.999651
86.0675 0.999651
86.0775 0.999651
86.0874 0.999651
86.0974 0.999651
86.1073 0.999651
86.1173 0.999651
86.1275 0.999651
86.1374 0.999651
86.1474 0.999651
86.1575 0.999658
86.1674 0.999658
86.1777 0.999658
86.1876 0.999658
86.1975 0.999658
86.2075 0.999658
86.2174 0.999658
86.2276 0.999658
86.2376 0.999658
86.2475 0.999658
86.2575 0.999658
86.2674 0.999658
86.2776 0.999658
86.2876 0.999658
86.2975 0.999658
86.3074 0.999658
86.3174 0.999658
86.3276 0.999658
86.3375 0.999658
86.3474 0.999658
86.3574 0.999658
86.3673 0.999658
86.3775 0.999658
86.3874 0.999658
86.3974 0.999658
86.4073 0.999658
86.4175 0.999658
86.4276 0.999666
86.4375 0.999666
86.4475 0.999666
86.4577 0.999666
86.4676 0.999666
86.4775 0.999666
86.4874 0.999666
86.4976 0.999666
86.5076 0.999666
86.5175 0.999666
86.5274 0.999666
86.5376 0.999666
86.5475 0.999666
86.5575 0.999666
86.5674 0.999666
86.5776 0.999666
86.5875 0.999666
86.5974 0.999666
86.6073 0.999666
86.6175 0.999666
86.6274 0.999666
86.6374 0.999666
86.6476 0.999666
86.6575 0.999666
86.6674 0.999666
86.6773 0.999666
86.6877 0.999674
86.6976 0.999674
86.7075 0.999674
86.7177 0.999674
86.7276 0.999674
86.7375 0.999674
86.7474 0.999674
86.7576 0.999674
86.7675 0.999674
86.7774 0.999674
86.7876 0.999674
86.7975 0.999674
86.8074 0.999674
86.8176 0.999674
86.8275 0.999674
86.8374 0.999674
86.8476 0.999674
86.8575 0.999674
86.8674 0.999674
86.8773 0.999674
86.8875 0.999674
86.8974 0.999674
86.9073 0.999674
86.9175 0.999674
86.9274 0.999674
86.9373 0.999674
86.9474 0.999674
86.9575 0.999681
86.9677 0.999681
86.9776 0.999681
86.9875 0.999681
86.9977 0.999681
87.0075 0.999681
87.0174 0.999681
87.0276 0.999681
87.0375 0.999681
87.0474 0.999681
87.0576 0.999681
87.0675 0.999681
87.0774 0.999681
87.0875 0.999681
87.0974 0.999681
87.1076 0.999681
87.1175 0.999681
87.1274 0.999681
87.1375 0.999681
87.1474 0.999681
87.1573 0.999681
87.1675 0.999681
87.1774 0.999681
87.1875 0.999681
87.1974 0.999681
87.2073 0.999681
87.2175 0.999681
87.2275 0.999689
87.2377 0.999689
87.2475 0.999689
87.2574 0.999689
87.2676 0.999689
87.2775 0.999689
87.2876 0.999689
87.2975 0.999689
87.3074 0.999689
87.3175 0.999689
87.3274 0.999689
87.3376 0.999689
87.3474 0.999689
87.3576 0.999689
87.3675 0.999689
87.3773 0.999689
87.3875 0.999689
87.3974 0.999689
87.4075 0.999689
87.4174 0.999689
87.4276 0.999689
87.4374 0.999689
87.4473 0.999689
87.4574 0.999689
87.4673 0.999689
87.4775 0.999689
87.4873 0.999689
87.4976 0.999696
87.5075 0.999696
87.5177 0.999696
87.5275 0.999696
87.5377 0.999696
87.5475 0.999696
87.5574 0.999696
87.5675 0.999696
87.5774 0.999696
87.5875 0.999696
87.5974 0.999696
87.6075 0.999696
87.6174 0.999696
87.6275 0.999696
87.6374 0.999696
87.6475 0.999696
87.6574 0.999696
87.6675 0.999696
87.6774 0.999696
87.6875 0.999696
87.6974 0.999696
87.7075 0.999696
87.7174 0.999696
87.7275 0.999696
87.7374 0.999696
87.7475 0.999696
87.7574 0.999696
87.7675 0.999696
87.7775 0.999704
87.7876 0.999704
87.7975 0.999704
87.8076 0.999704
87.8175 0.999704
87.8276 0.999704
87.8374 0.999704
87.8476 0.999704
87.8574 0.999704
87.8675 0.999704
87.8774 0.999704
87.8875 0.999704
87.8974 0.999704
87.9075 0.999704
87.9173 0.999704
87.9274 0.999704
87.9376 0.999704
87.9474 0.999704
87.9575 0.999704
87.9674 0.999704
87.9775 0.999704
87.9873 0.999704
87.9975 0.999704
88.0073 0.999704
88.0174 0.999704
88.0275 0.999704
88.0374 0.999704
88.0476 0.999712
88.0575 0.999712
88.0676 0.999712
88.0774 0.999712
88.0875 0.999712
88.0977 0.999712
88.1075 0.999712
88.1176 0.999712
88.1274 0.999712
88.1375 0.999712
88.1474 0.999712
88.1575 0.999712
88.1676 0.999712
88.1774 0.999712
88.1875 0.999712
88.1974 0.999712
88.2075 0.999712
88.2176 0.999712
88.2274 0.999712
88.2375 0.999712
88.2473 0.999712
88.2574 0.999712
88.2675 0.999712
88.2774 0.999712
88.2875 0.999712
88.2973 0.999712
88.3074 0.999712
88.3175 0.999712
88.3275 0.999719
88.3376 0.999719
88.3474 0.999719
88.3575 0.999719
88.3676 0.999719
88.3774 0.999719
88.3875 0.999719
88.3976 0.999719
88.4074 0.999719
88.4175 0.999719
88.4276 0.999719
88.4374 0.999719
88.4475 0.999719
88.4573 0.999719
88.4674 0.999719
88.4775 0.999719
88.4873 0.999719
88.4974 0.999719
88.5075 0.999719
88.5173 0.999719
88.5274 0.999719
88.5375 0.999719
88.5473 0.999719
88.5574 0.999719
88.5675 0.999719
88.5773 0.999719
88.5874 0.999719
88.5975 0.999719
88.6074 0.999727
88.6175 0.999727
88.6276 0.999727
88.6374 0.999727
88.6475 0.999727
88.6576 0.999727
88.6676 0.999727
88.6774 0.999727
88.6875 0.999727
88.6976 0.999727
88.7074 0.999727
88.7175 0.999727
88.7276 0.999727
88.7374 0.999727
88.7474 0.999727
88.7575 0.999727
88.7676 0.999727
88.7774 0.999727
88.7875 0.999727
88.7975 0.999727
88.8073 0.999727
88.8174 0.999727
88.8275 0.999727
88.8375 0.999727
88.8473 0.999727
88.8574 0.999727
88.8675 0.999727
88.8773 0.999727
88.8875 0.999734
88.8976 0.999734
88.9076 0.999734
88.9174 0.999734
88.9275 0.999734
88.9376 0.999734
88.9476 0.999734
88.9574 0.999734
88.9675 0.999734
88.9775 0.999734
88.9876 0.999734
88.9974 0.999734
89.0074 0.999734
89.0175 0.999734
89.0276 0.999734
89.0374 0.999734
89.0474 0.999734
89.0575 0.999734
89.0675 0.999734
89.0773 0.999734
89.0874 0.999734
89.0974 0.999734
89.1075 0.999734
89.1175 0.999734
89.1273 0.999734
89.1374 0.999734
89.1474 0.999734
89.1575 0.999734
89.1674 0.999742
89.1775 0.999742
89.1875 0.999742
89.1976 0.999742
89.2076 0.999742
89.2174 0.999742
89.2274 0.999742
89.2375 0.999742
89.2475 0.999742
89.2576 0.999742
89.2674 0.999742
89.2774 0.999742
89.2874 0.999742
89.2975 0.999742
89.3075 0.999742
89.3176 0.999742
89.3274 0.999742
89.3374 0.999742
89.3474 0.999742
89.3575 0.999742
89.3675 0.999742
89.3776 0.999742
89.3873 0.999742
89.3974 0.999742
89.4074 0.999742
89.4174 0.999742
89.4275 0.999742
89.4375 0.999742
89.4474 0.99975
89.4575 0.99975
89.4675 0.99975
89.4776 0.99975
89.4876 0.99975
89.4976 0.99975
89.5074 0.99975
89.5174 0.99975
89.5274 0.99975
89.5375 0.99975
89.5475 0.99975
89.5575 0.99975
89.5676 0.99975
89.5776 0.99975
89.5874 0.99975
89.5974 0.99975
89.6074 0.99975
89.6174 0.99975
89.6275 0.99975
89.6375 0.99975
89.6475 0.99975
89.6575 0.99975
89.6673 0.99975
89.6773 0.99975
89.6873 0.99975
89.6974 0.99975
89.7074 0.99975
89.7174 0.99975
89.7274 0.99975
89.7376 0.999757
89.7476 0.999757
89.7577 0.999757
89.7674 0.999757
89.7774 0.999757
89.7874 0.999757
89.7975 0.999757
89.8075 0.999757
89.8175 0.999757
89.8275 0.999757
89.8375 0.999757
89.8475 0.999757
89.8576 0.999757
89.8676 0.999757
89.8776 0.999757
89.8876 0.999757
89.8973 0.999757
89.9073 0.999757
89.9174 0.999757
89.9274 0.999757
89.9374 0.999757
89.9474 0.999757
89.9574 0.999757
89.9674 0.999757
89.9774 0.999757
89.9874 0.999757
89.9974 0.999757
90.0074 0.999757
90.0176 0.999765
90.0276 0.999765
90.0376 0.999765
90.0476 0.999765
90.0576 0.999765
90.0676 0.999765
90.0776 0.999765
90.0876 0.999765
90.0976 0.999765
90.1076 0.999765
90.1176 0.999765
90.1276 0.999765
90.1373 0.999765
90.1473 0.999765
90.1573 0.999765
90.1673 0.999765
90.1773 0.999765
90.1873 0.999765
90.1973 0.999765
90.2073 0.999765
90.2173 0.999765
90.2273 0.999765
90.2373 0.999765
90.2473 0.999765
90.2573 0.999765
90.2673 0.999765
90.2773 0.999765
90.2873 0.999765
90.2973 0.999765
90.3077 0.999772
90.3177 0.999772
90.3277 0.999772
90.3377 0.999772
90.3476 0.999772
90.3576 0.999772
90.3676 0.999772
90.3776 0.999772
90.3876 0.999772
90.3976 0.999772
90.4076 0.999772
90.4175 0.999772
90.4275 0.999772
90.4375 0.999772
90.4475 0.999772
90.4575 0.999772
90.4675 0.999772
90.4774 0.999772
90.4874 0.999772
90.4974 0.999772
90.5074 0.999772
90.5173 0.999772
90.5273 0.999772
90.5373 0.999772
90.5476 0.999772
90.5575 0.999772
90.5675 0.999772
90.5775 0.999772
90.5875 0.999772
90.5976 0.99978
90.6076 0.99978
90.6175 0.99978
90.6275 0.99978
90.6375 0.99978
90.6475 0.99978
90.6574 0.99978
90.6674 0.99978
90.6776 0.99978
90.6876 0.99978
90.6976 0.99978
90.7075 0.99978
90.7175 0.99978
90.7275 0.99978
90.7374 0.99978
90.7474 0.99978
90.7574 0.99978
90.7673 0.99978
90.7776 0.99978
90.7875 0.99978
90.7975 0.99978
90.8075 0.99978
90.8174 0.99978
90.8274 0.99978
90.8374 0.99978
90.8473 0.99978
90.8573 0.99978
90.8675 0.99978
90.8775 0.99978
90.8874 0.99978
90.8976 0.999787
90.9075 0.999787
90.9175 0.999787
90.9274 0.999787
90.9377 0.999787
90.9476 0.999787
90.9576 0.999787
90.9675 0.999787
90.9775 0.999787
90.9874 0.999787
90.9974 0.999787
91.0076 0.999787
91.0175 0.999787
91.0275 0.999787
91.0374 0.999787
91.0474 0.999787
91.0573 0.999787
91.0676 0.999787
91.0775 0.999787
91.0875 0.999787
91.0974 0.999787
91.1074 0.999787
91.1173 0.999787
91.1275 0.999787
91.1375 0.999787
91.1474 0.999787
91.1574 0.999787
91.1673 0.999787
91.1775 0.999787
91.1876 0.999795
91.1976 0.999795
91.2075 0.999795
91.2174 0.999795
91.2277 0.999795
91.2376 0.999795
91.2475 0.999795
91.2575 0.999795
91.2674 0.999795
91.2776 0.999795
91.2876 0.999795
91.2975 0.999795
91.3074 0.999795
91.3174 0.999795
91.3276 0.999795
91.3375 0.999795
91.3474 0.999795
91.3574 0.999795
91.3676 0.999795
91.3775 0.999795
91.3874 0.999795
91.3974 0.999795
91.4073 0.999795
91.4175 0.999795
91.4274 0.999795
91.4374 0.999795
91.4473 0.999795
91.4575 0.999795
91.4674 0.999795
91.4773 0.999795
91.4874 0.999803
91.4976 0.999803
91.5076 0.999803
91.5175 0.999803
91.5274 0.999803
91.5376 0.999803
91.5475 0.999803
91.5575 0.999803
91.5674 0.999803
91.5776 0.999803
91.5875 0.999803
91.5974 0.999803
91.6076 0.999803
91.6175 0.999803
91.6274 0.999803
91.6374 0.999803
91.6475 0.999803
91.6575 0.999803
91.6674 0.999803
91.6776 0.999803
91.6875 0.999803
91.6974 0.999803
91.7073 0.999803
91.7175 0.999803
91.7274 0.999803
91.7373 0.999803
91.7475 0.999803
91.7574 0.999803
91.7673 0.999803
91.7775 0.999803
91.7876 0.99981
91.7975 0.99981
91.8074 0.99981
91.8176 0.99981
91.8275 0.99981
91.8374 0.99981
91.8476 0.99981
91.8575 0.99981
91.8674 0.99981
91.8776 0.99981
91.8875 0.99981
91.8974 0.99981
91.9076 0.99981
91.9175 0.99981
91.9274 0.99981
91.9375 0.99981
91.9474 0.99981
91.9573 0.99981
91.9675 0.99981
91.9774 0.99981
91.9873 0.99981
91.9975 0.99981
92.0074 0.99981
92.0175 0.99981
92.0274 0.99981
92.0373 0.99981
92.0475 0.99981
92.0574 0.99981
92.0673 0.99981
92.0775 0.99981
92.0875 0.999818
92.0974 0.999818
92.1076 0.999818
92.1175 0.999818
92.1276 0.999818
92.1375 0.999818
92.1474 0.999818
92.1576 0.999818
92.1675 0.999818
92.1776 0.999818
92.1875 0.999818
92.1974 0.999818
92.2076 0.999818
92.2175 0.999818
92.2273 0.999818
92.2375 0.999818
92.2474 0.999818
92.2575 0.999818
92.2674 0.999818
92.2773 0.999818
92.2875 0.999818
92.2973 0.999818
92.3075 0.999818
92.3174 0.999818
92.3275 0.999818
92.3374 0.999818
92.3473 0.999818
92.3574 0.999818
92.3673 0.999818
92.3775 0.999818
92.3875 0.999825
92.3977 0.999825
92.4076 0.999825
92.4174 0.999825
92.4276 0.999825
92.4375 0.999825
92.4476 0.999825
92.4575 0.999825
92.4676 0.999825
92.4775 0.999825
92.4874 0.999825
92.4975 0.999825
92.5074 0.999825
92.5175 0.999825
92.5274 0.999825
92.5375 0.999825
92.5474 0.999825
92.5575 0.999825
92.5674 0.999825
92.5776 0.999825
92.5874 0.999825
92.5976 0.999825
92.6074 0.999825
92.6176 0.999825
92.6274 0.999825
92.6373 0.999825
92.6474 0.999825
92.6573 0.999825
92.6674 0.999825
92.6773 0.999825
92.6874 0.999825
92.6975 0.999833
92.7076 0.999833
92.7174 0.999833
92.7276 0.999833
92.7374 0.999833
92.7476 0.999833
92.7574 0.999833
92.7676 0.999833
92.7774 0.999833
92.7875 0.999833
92.7974 0.999833
92.8075 0.999833
92.8174 0.999833
92.8275 0.999833
92.8374 0.999833
92.8475 0.999833
92.8573 0.999833
92.8675 0.999833
92.8776 0.999833
92.8874 0.999833
92.8976 0.999833
92.9074 0.999833
92.9175 0.999833
92.9274 0.999833
92.9375 0.999833
92.9473 0.999833
92.9575 0.999833
92.9673 0.999833
92.9774 0.999833
92.9873 0.999833
92.9976 0.999841
93.0077 0.999841
93.0175 0.999841
93.0276 0.999841
93.0375 0.999841
93.0476 0.999841
93.0574 0.999841
93.0676 0.999841
93.0774 0.999841
93.0875 0.999841
93.0976 0.999841
93.1075 0.999841
93.1176 0.999841
93.1274 0.999841
93.1375 0.999841
93.1474 0.999841
93.1575 0.999841
93.1676 0.999841
93.1774 0.999841
93.1875 0.999841
93.1973 0.999841
93.2075 0.999841
93.2176 0.999841
93.2274 0.999841
93.2375 0.999841
93.2473 0.999841
93.2574 0.999841
93.2675 0.999841
93.2774 0.999841
93.2875 0.999841
93.2973 0.999841
93.3076 0.999848
93.3177 0.999848
93.3275 0.999848
93.3376 0.999848
93.3474 0.999848
93.3575 0.999848
93.3676 0.999848
93.3774 0.999848
93.3875 0.999848
93.3976 0.999848
93.4075 0.999848
93.4176 0.999848
93.4274 0.999848
93.4375 0.999848
93.4476 0.999848
93.4574 0.999848
93.4675 0.999848
93.4776 0.999848
93.4874 0.999848
93.4975 0.999848
93.5076 0.999848
93.5174 0.999848
93.5275 0.999848
93.5376 0.999848
93.5474 0.999848
93.5575 0.999848
93.5673 0.999848
93.5774 0.999848
93.5874 0.999848
93.5973 0.999848
93.6073 0.999848
93.6176 0.999856
93.6274 0.999856
93.6375 0.999856
93.6476 0.999856
93.6577 0.999856
93.6675 0.999856
93.6776 0.999856
93.6876 0.999856
93.6974 0.999856
93.7075 0.999856
93.7176 0.999856
93.7274 0.999856
93.7375 0.999856
93.7476 0.999856
93.7574 0.999856
93.7674 0.999856
93.7775 0.999856
93.7876 0.999856
93.7974 0.999856
93.8075 0.999856
93.8175 0.999856
93.8273 0.999856
93.8374 0.999856
93.8475 0.999856
93.8573 0.999856
93.8674 0.999856
93.8774 0.999856
93.8875 0.999856
93.8973 0.999856
93.9074 0.999856
93.9174 0.999856
93.9277 0.999863
93.9375 0.999863
93.9475 0.999863
93.9576 0.999863
93.9677 0.999863
93.9775 0.999863
93.9875 0.999863
93.9976 0.999863
94.0074 0.999863
94.0174 0.999863
94.0275 0.999863
94.0376 0.999863
94.0474 0.999863
94.0574 0.999863
94.0675 0.999863
94.0775 0.999863
94.0876 0.999863
94.0974 0.999863
94.1074 0.999863
94.1175 0.999863
94.1276 0.999863
94.1373 0.999863
94.1474 0.999863
94.1575 0.999863
94.1675 0.999863
94.1773 0.999863
94.1873 0.999863
94.1974 0.999863
94.2074 0.999863
94.2175 0.999863
94.2273 0.999863
94.2373 0.999863
94.2476 0.999871
94.2576 0.999871
94.2677 0.999871
94.2774 0.999871
94.2875 0.999871
94.2975 0.999871
94.3076 0.999871
94.3176 0.999871
94.3274 0.999871
94.3374 0.999871
94.3475 0.999871
94.3575 0.999871
94.3676 0.999871
94.3774 0.999871
94.3874 0.999871
94.3974 0.999871
94.4075 0.999871
94.4175 0.999871
94.4276 0.999871
94.4373 0.999871
94.4474 0.999871
94.4574 0.999871
94.4675 0.999871
94.4775 0.999871
94.4875 0.999871
94.4973 0.999871
94.5073 0.999871
94.5174 0.999871
94.5274 0.999871
94.5374 0.999871
94.5475 0.999871
94.5575 0.999871
94.5674 0.999879
94.5775 0.999879
94.5875 0.999879
94.5975 0.999879
94.6076 0.999879
94.6176 0.999879
94.6276 0.999879
94.6374 0.999879
94.6474 0.999879
94.6575 0.999879
94.6675 0.999879
94.6775 0.999879
94.6875 0.999879
94.6976 0.999879
94.7076 0.999879
94.7173 0.999879
94.7274 0.999879
94.7374 0.999879
94.7474 0.999879
94.7574 0.999879
94.7675 0.999879
94.7775 0.999879
94.7875 0.999879
94.7975 0.999879
94.8075 0.999879
94.8173 0.999879
94.8273 0.999879
94.8373 0.999879
94.8474 0.999879
94.8574 0.999879
94.8674 0.999879
94.8774 0.999879
94.8876 0.999886
94.8976 0.999886
94.9076 0.999886
94.9177 0.999886
94.9277 0.999886
94.9374 0.999886
94.9474 0.999886
94.9574 0.999886
94.9674 0.999886
94.9775 0.999886
94.9875 0.999886
94.9975 0.999886
95.0075 0.999886
95.0175 0.999886
95.0275 0.999886
95.0375 0.999886
95.0475 0.999886
95.0575 0.999886
95.0675 0.999886
95.0775 0.999886
95.0876 0.999886
95.0976 0.999886
95.1076 0.999886
95.1173 0.999886
95.1273 0.999886
95.1373 0.999886
95.1473 0.999886
95.1573 0.999886
95.1673 0.999886
95.1773 0.999886
95.1873 0.999886
95.1973 0.999886
95.2075 0.999894
95.2175 0.999894
95.2275 0.999894
95.2375 0.999894
95.2475 0.999894
95.2575 0.999894
95.2675 0.999894
95.2775 0.999894
95.2875 0.999894
95.2975 0.999894
95.3075 0.999894
95.3175 0.999894
95.3275 0.999894
95.3374 0.999894
95.3474 0.999894
95.3574 0.999894
95.3674 0.999894
95.3774 0.999894
95.3874 0.999894
95.3974 0.999894
95.4074 0.999894
95.4174 0.999894
95.4274 0.999894
95.4373 0.999894
95.4473 0.999894
95.4573 0.999894
95.4673 0.999894
95.4773 0.999894
95.4873 0.999894
95.4973 0.999894
95.5075 0.999894
95.5175 0.999894
95.5277 0.999901
95.5376 0.999901
95.5476 0.999901
95.5576 0.999901
95.5676 0.999901
95.5776 0.999901
95.5876 0.999901
95.5975 0.999901
95.6075 0.999901
95.6175 0.999901
95.6275 0.999901
95.6374 0.999901
95.6474 0.999901
95.6574 0.999901
95.6674 0.999901
95.6773 0.999901
95.6876 0.999901
95.6976 0.999901
95.7075 0.999901
95.7175 0.999901
95.7275 0.999901
95.7375 0.999901
95.7474 0.999901
95.7574 0.999901
95.7674 0.999901
95.7773 0.999901
95.7873 0.999901
95.7973 0.999901
95.8075 0.999901
95.8175 0.999901
95.8275 0.999901
95.8374 0.999901
95.8474 0.999901
95.8575 0.999909
95.8675 0.999909
95.8775 0.999909
95.8874 0.999909
95.8977 0.999909
95.9076 0.999909
95.9176 0.999909
95.9275 0.999909
95.9375 0.999909
95.9475 0.999909
95.9574 0.999909
95.9674 0.999909
95.9776 0.999909
95.9876 0.999909
95.9975 0.999909
96.0075 0.999909
96.0175 0.999909
96.0274 0.999909
96.0374 0.999909
96.0473 0.999909
96.0575 0.999909
96.0675 0.999909
96.0775 0.999909
96.0874 0.999909
96.0974 0.999909
96.1073 0.999909
96.1175 0.999909
96.1275 0.999909
96.1374 0.999909
96.1474 0.999909
96.1573 0.999909
96.1673 0.999909
96.1777 0.999917
96.1876 0.999917
96.1976 0.999917
96.2075 0.999917
96.2175 0.999917
96.2274 0.999917
96.2376 0.999917
96.2476 0.999917
96.2575 0.999917
96.2675 0.999917
96.2774 0.999917
96.2874 0.999917
96.2976 0.999917
96.3075 0.999917
96.3175 0.999917
96.3274 0.999917
96.3373 0.999917
96.3476 0.999917
96.3575 0.999917
96.3674 0.999917
96.3774 0.999917
96.3873 0.999917
96.3975 0.999917
96.4075 0.999917
96.4174 0.999917
96.4273 0.999917
96.4375 0.999917
96.4475 0.999917
96.4574 0.999917
96.4673 0.999917
96.4773 0.999917
96.4875 0.999917
96.4974 0.999917
96.5075 0.999924
96.5175 0.999924
96.5277 0.999924
96.5376 0.999924
96.5475 0.999924
96.5574 0.999924
96.5676 0.999924
96.5776 0.999924
96.5875 0.999924
96.5974 0.999924
96.6076 0.999924
96.6176 0.999924
96.6275 0.999924
96.6374 0.999924
96.6476 0.999924
96.6575 0.999924
96.6674 0.999924
96.6774 0.999924
96.6876 0.999924
96.6975 0.999924
96.7074 0.999924
96.7173 0.999924
96.7275 0.999924
96.7374 0.999924
96.7474 0.999924
96.7575 0.999924
96.7675 0.999924
96.7774 0.999924
96.7873 0.999924
96.7975 0.999924
96.8074 0.999924
96.8173 0.999924
96.8275 0.999924
96.8374 0.999924
96.8475 0.999932
96.8574 0.999932
96.8676 0.999932
96.8775 0.999932
96.8874 0.999932
96.8976 0.999932
96.9075 0.999932
96.9174 0.999932
96.9276 0.999932
96.9375 0.999932
96.9474 0.999932
96.9576 0.999932
96.9675 0.999932
96.9774 0.999932
96.9876 0.999932
96.9975 0.999932
97.0074 0.999932
97.0176 0.999932
97.0275 0.999932
97.0374 0.999932
97.0476 0.999932
97.0575 0.999932
97.0674 0.999932
97.0776 0.999932
97.0875 0.999932
97.0974 0.999932
97.1075 0.999932
97.1174 0.999932
97.1273 0.999932
97.1375 0.999932
97.1474 0.999932
97.1573 0.999932
97.1675 0.999932
97.1775 0.999939
97.1874 0.999939
97.1976 0.999939
97.2075 0.999939
97.2177 0.999939
97.2276 0.999939
97.2375 0.999939
97.2476 0.999939
97.2575 0.999939
97.2674 0.999939
97.2776 0.999939
97.2875 0.999939
97.2976 0.999939
97.3075 0.999939
97.3174 0.999939
97.3276 0.999939
97.3375 0.999939
97.3473 0.999939
97.3575 0.999939
97.3674 0.999939
97.3775 0.999939
97.3874 0.999939
97.3973 0.999939
97.4075 0.999939
97.4174 0.999939
97.4275 0.999939
97.4374 0.999939
97.4475 0.999939
97.4574 0.999939
97.4673 0.999939
97.4775 0.999939
97.4873 0.999939
97.4975 0.999939
97.5074 0.999939
97.5174 0.999947
97.5276 0.999947
97.5375 0.999947
97.5476 0.999947
97.5575 0.999947
97.5676 0.999947
97.5775 0.999947
97.5874 0.999947
97.5975 0.999947
97.6074 0.999947
97.6176 0.999947
97.6274 0.999947
97.6376 0.999947
97.6474 0.999947
97.6576 0.999947
97.6675 0.999947
97.6776 0.999947
97.6875 0.999947
97.6973 0.999947
97.7075 0.999947
97.7174 0.999947
97.7275 0.999947
97.7374 0.999947
97.7475 0.999947
97.7574 0.999947
97.7675 0.999947
97.7774 0.999947
97.7875 0.999947
97.7974 0.999947
97.8075 0.999947
97.8174 0.999947
97.8275 0.999947
97.8374 0.999947
97.8475 0.999947
97.8575 0.999954
97.8677 0.999954
97.8775 0.999954
97.8877 0.999954
97.8975 0.999954
97.9076 0.999954
97.9175 0.999954
97.9276 0.999954
97.9375 0.999954
97.9476 0.999954
97.9575 0.999954
97.9676 0.999954
97.9775 0.999954
97.9876 0.999954
97.9974 0.999954
98.0076 0.999954
98.0174 0.999954
98.0275 0.999954
98.0374 0.999954
98.0475 0.999954
98.0574 0.999954
98.0675 0.999954
98.0773 0.999954
98.0875 0.999954
98.0973 0.999954
98.1074 0.999954
98.1175 0.999954
98.1274 0.999954
98.1375 0.999954
98.1474 0.999954
98.1575 0.999954
98.1673 0.999954
98.1774 0.999954
98.1873 0.999954
98.1976 0.999962
98.2074 0.999962
98.2175 0.999962
98.2277 0.999962
98.2375 0.999962
98.2476 0.999962
98.2575 0.999962
98.2676 0.999962
98.2774 0.999962
98.2875 0.999962
98.2976 0.999962
98.3075 0.999962
98.3176 0.999962
98.3274 0.999962
98.3375 0.999962
98.3474 0.999962
98.3575 0.999962
98.3676 0.999962
98.3774 0.999962
98.3875 0.999962
98.3973 0.999962
98.4074 0.999962
98.4175 0.999962
98.4274 0.999962
98.4375 0.999962
98.4473 0.999962
98.4574 0.999962
98.4675 0.999962
98.4773 0.999962
98.4874 0.999962
98.4973 0.999962
98.5074 0.999962
98.5175 0.999962
98.5273 0.999962
98.5376 0.99997
98.5477 0.99997
98.5575 0.99997
98.5676 0.99997
98.5774 0.99997
98.5875 0.99997
98.5976 0.99997
98.6074 0.99997
98.6175 0.99997
98.6276 0.99997
98.6374 0.99997
98.6475 0.99997
98.6576 0.99997
98.6674 0.99997
98.6775 0.99997
98.6876 0.99997
98.6974 0.99997
98.7075 0.99997
98.7173 0.99997
98.7274 0.99997
98.7375 0.99997
98.7473 0.99997
98.7574 0.99997
98.7675 0.99997
98.7773 0.99997
98.7874 0.99997
98.7975 0.99997
98.8073 0.99997
98.8174 0.99997
98.8275 0.99997
98.8373 0.99997
98.8474 0.99997
98.8574 0.99997
98.8675 0.99997
98.8773 0.99997
98.8876 0.999977
98.8977 0.999977
98.9075 0.999977
98.9176 0.999977
98.9276 0.999977
98.9374 0.999977
98.9475 0.999977
98.9576 0.999977
98.9674 0.999977
98.9775 0.999977
98.9875 0.999977
98.9976 0.999977
99.0074 0.999977
99.0175 0.999977
99.0276 0.999977
99.0374 0.999977
99.0474 0.999977
99.0575 0.999977
99.0676 0.999977
99.0774 0.999977
99.0874 0.999977
99.0975 0.999977
99.1076 0.999977
99.1174 0.999977
99.1274 0.999977
99.1375 0.999977
99.1473 0.999977
99.1574 0.999977
99.1674 0.999977
99.1775 0.999977
99.1873 0.999977
99.1974 0.999977
99.2074 0.999977
99.2175 0.999977
99.2273 0.999977
99.2375 0.999985
99.2476 0.999985
99.2576 0.999985
99.2674 0.999985
99.2775 0.999985
99.2875 0.999985
99.2976 0.999985
99.3077 0.999985
99.3174 0.999985
99.3275 0.999985
99.3376 0.999985
99.3476 0.999985
99.3574 0.999985
99.3675 0.999985
99.3775 0.999985
99.3876 0.999985
99.3973 0.999985
99.4074 0.999985
99.4174 0.999985
99.4275 0.999985
99.4375 0.999985
99.4473 0.999985
99.4574 0.999985
99.4674 0.999985
99.4775 0.999985
99.4875 0.999985
99.4973 0.999985
99.5074 0.999985
99.5174 0.999985
99.5274 0.999985
99.5375 0.999985
99.5473 0.999985
99.5573 0.999985
99.5674 0.999985
99.5774 0.999985
99.5876 0.999992
99.5977 0.999992
99.6074 0.999992
99.6175 0.999992
99.6275 0.999992
99.6376 0.999992
99.6476 0.999992
99.6576 0.999992
99.6674 0.999992
99.6775 0.999992
99.6875 0.999992
99.6975 0.999992
99.7076 0.999992
99.7176 0.999992
99.7274 0.999992
99.7374 0.999992
99.7474 0.999992
99.7575 0.999992
99.7675 0.999992
99.7775 0.999992
99.7876 0.999992
99.7973 0.999992
99.8074 0.999992
99.8174 0.999992
99.8274 0.999992
99.8375 0.999992
99.8475 0.999992
99.8575 0.999992
99.8675 0.999992
99.8773 0.999992
99.8873 0.999992
99.8974 0.999992
99.9074 0.999992
99.9174 0.999992
99.9274 0.999992
99.9376 1
99.9477 1
99.9574 1
99.9675 1
99.9775 1
99.9875 1
99.9975 1